# Object Export From Tinkercad Server 2015

mtllib obj.mtl

o obj_0
v -2.099457 -0.956338 -1.086056
v -2.075197 -0.964483 -1.084180
v -2.079784 -0.967593 -1.088702
v -2.104045 -0.959600 -1.090743
v -2.498516 -0.952057 -1.053841
v -2.533242 -0.960460 -1.057835
v -2.310868 -1.065503 -1.069070
v -2.441890 -0.933687 -0.975133
v -2.409678 -0.950490 -1.009512
v -2.392064 -0.956152 -0.990464
v -2.403356 -0.962174 -0.986164
v -2.407981 -0.962434 -0.988144
v -2.429951 -0.963711 -0.997649
v -2.401517 -0.965120 -0.988143
v -2.403216 -0.966456 -0.990002
v -2.528051 -0.996053 -0.994256
v -2.441660 -0.993561 -0.949242
v -2.552165 -0.988913 -1.019434
v -2.429817 -0.994768 -0.944313
v -2.430093 -0.994538 -0.944280
v -2.412539 -0.948253 -1.009306
v -2.443265 -0.994705 -0.951035
v -2.188684 -0.962947 -0.921181
v -0.171547 0.340044 1.249043
v -2.145730 -0.933684 -0.879286
v -2.420021 -0.980292 -0.963958
v -0.215112 0.500441 1.272029
v -2.420219 -0.979765 -0.964139
v -2.420848 -0.978860 -0.966006
v 0.008473 0.572607 1.370400
v -0.060894 0.435028 1.166951
v -2.151236 -1.026407 -0.898443
v -2.420710 -0.978751 -0.964403
v -2.149541 -1.025639 -0.895085
v -0.178212 0.542773 1.114335
v -2.146905 -1.022687 -0.896673
v -2.167323 -0.699398 -0.683436
v -2.353402 -1.130779 -0.981889
v -2.137133 -0.678181 -0.651189
v -2.363776 -1.120131 -1.057337
v -2.377924 -1.078422 -0.994400
v -2.136065 -0.751031 -0.726368
v -2.390819 -0.957585 -0.991584
v -2.356253 -1.046076 -1.038180
v -2.307645 -1.149570 -1.013490
v -2.154084 -0.995714 -1.083162
v -2.146954 -0.978676 -1.086893
v -2.165123 -0.796262 -0.666315
v -2.111996 -0.749783 -0.625779
v -2.152377 -0.701064 -0.620272
v -2.186340 -0.727890 -0.644938
v -2.388663 -0.956004 -0.983379
v -2.285973 -1.117224 -1.057270
v -2.101852 -0.727233 -0.675164
v -2.155848 -1.026816 -0.891094
v -2.189163 -0.956053 -0.910803
v -2.153751 -0.930759 -0.874565
v -2.092993 -0.720206 -0.664974
v -0.128949 0.405100 1.216062
v -0.092034 0.448224 1.188156
v -0.092083 0.448367 1.187964
v -0.174976 0.423688 1.247426
v -0.132069 0.489230 1.160606
v -0.184034 0.487168 1.250834
v -0.177651 0.508554 1.191470
v -0.183941 0.487208 1.250736
# 66 vertices

g group_0_15506754

usemtl color_15506754
s 0

f 1 	2 	3
f 1 	3 	4
f 10 	11 	9
f 11 	12 	9
f 12 	13 	9
f 5 	9 	13
f 13 	26 	16
f 14 	15 	12
f 14 	12 	11
f 5 	21 	9
f 20 	22 	19
f 19 	22 	16
f 16 	22 	17
f 23 	25 	7
f 19 	16 	26
f 5 	13 	16
f 6 	5 	16
f 64 	66 	41
f 32 	34 	45
f 22 	20 	28
f 22 	28 	29
f 30 	27 	24
f 18 	6 	16
f 24 	31 	30
f 17 	22 	33
f 29 	33 	22
f 13 	8 	29
f 28 	26 	29
f 13 	29 	26
f 33 	29 	8
f 27 	30 	35
f 7 	40 	44
f 32 	53 	36
f 40 	38 	41
f 21 	37 	42
f 10 	43 	14
f 10 	14 	11
f 41 	44 	40
f 40 	45 	38
f 37 	21 	5
f 46 	47 	4
f 46 	4 	3
f 50 	51 	49
f 48 	49 	51
f 40 	53 	45
f 51 	16 	17
f 37 	54 	42
f 51 	18 	16
f 7 	53 	40
f 51 	17 	48
f 51 	37 	18
f 6 	37 	5
f 39 	37 	50
f 51 	50 	37
f 55 	34 	32
f 59 	62 	45
f 32 	36 	55
f 37 	6 	18
f 49 	48 	54
f 34 	55 	36
f 46 	23 	47
f 56 	47 	23
f 15 	14 	33
f 57 	65 	25
f 7 	25 	63
f 56 	57 	1
f 56 	1 	4
f 56 	4 	47
f 2 	1 	25
f 57 	25 	1
f 19 	26 	20
f 28 	20 	26
f 48 	17 	33
f 42 	48 	52
f 37 	39 	54
f 58 	54 	39
f 23 	44 	56
f 39 	50 	58
f 42 	52 	21
f 44 	57 	56
f 35 	30 	31
f 49 	58 	50
f 31 	24 	59
f 31 	59 	60
f 58 	49 	54
f 42 	54 	48
f 65 	57 	44
f 31 	60 	61
f 2 	23 	3
f 48 	33 	52
f 38 	45 	62
f 63 	25 	65
f 46 	3 	23
f 25 	23 	2
f 24 	62 	59
f 64 	41 	62
f 41 	38 	62
f 53 	61 	36
f 36 	59 	34
f 60 	36 	61
f 8 	12 	33
f 15 	33 	12
f 61 	63 	31
f 35 	31 	63
f 52 	43 	10
f 9 	21 	10
f 52 	10 	21
f 65 	41 	66
f 43 	52 	14
f 52 	33 	14
f 64 	62 	27
f 24 	27 	62
f 61 	53 	63
f 59 	36 	60
f 53 	32 	45
f 23 	7 	44
f 7 	63 	53
f 8 	13 	12
f 63 	65 	35
f 64 	27 	66
f 59 	45 	34
f 35 	65 	27
f 66 	27 	65
f 44 	41 	65
# 124 faces

 #end of obj_0

o obj_1
v -1.002938 0.538600 1.110657
v -1.347077 0.600523 0.851109
v -0.968314 0.613772 1.034175
v -1.624044 0.893713 1.019823
v -1.313451 0.640628 0.847686
v -1.625804 0.965036 1.136230
v -1.154218 0.440919 0.948116
v -1.620862 0.975952 1.125080
v -2.189184 1.112360 1.150456
v -2.190026 1.193548 1.079682
v -2.150127 1.197112 1.064244
v -1.620477 0.976095 1.122754
v -2.504108 1.008993 0.696060
v -2.681703 0.864277 0.546031
v -2.681332 0.876521 0.544704
v -1.620286 0.976219 1.121967
v -3.076149 0.993109 0.590235
v -2.701532 0.821365 0.590060
v -2.701438 0.821404 0.589962
v -2.704868 0.821457 0.597303
v -2.213786 1.141891 1.132118
v -2.693535 0.838620 0.572364
v -2.700888 0.822726 0.588677
v -1.381733 0.524865 0.928587
v -2.694082 0.754827 0.576641
v -1.367059 0.526551 0.803045
v -1.370202 0.531345 0.800344
v -1.624391 0.893995 1.019809
v -1.453154 0.618558 0.804319
v -1.531419 0.647890 0.804493
v -1.558601 0.617145 0.803793
v -2.016743 0.895802 0.826766
v -2.016743 0.895802 0.826766
v -2.035639 0.907588 0.832204
v -2.035639 0.907588 0.832204
v -3.016794 1.017091 0.688092
v -1.458158 0.511262 0.899732
v -1.570111 0.563531 0.891009
v -2.052730 0.863368 0.810641
v -1.567186 0.562237 0.900827
v -2.052219 0.862922 0.810441
v -2.190826 1.004350 0.876437
v -1.509146 0.599373 0.963900
v -2.051669 0.876694 0.781768
v -2.048026 0.873697 0.779762
v -2.051734 0.878360 0.778403
v -1.493619 0.609420 0.980873
v -1.498402 0.604836 0.978626
v -1.509274 0.597059 0.968959
v -2.089931 0.843213 0.931540
v -2.078596 0.833298 0.926861
v -1.725081 1.049242 1.109307
v -2.065665 0.822123 0.921569
v -2.063950 0.820516 0.921032
v -1.525013 0.655150 0.804684
v -1.507074 0.666797 0.823999
v -2.529576 0.992626 0.668554
v -2.080425 0.835819 0.925823
v -2.592100 0.952442 0.601084
v -1.580835 0.568450 0.853788
v -2.080740 0.836215 0.925886
v -2.064695 0.871286 0.820639
v -2.105463 0.870818 0.909684
v -1.248545 0.879506 1.109072
v -1.307144 0.751415 1.240739
v -1.119522 0.516563 0.870772
v -2.634822 0.719071 0.567008
v -2.107496 0.870880 0.914084
v -2.053784 0.811027 0.918159
v -1.977171 1.179308 1.124850
v -1.047108 0.524207 1.135271
v -1.640514 0.988684 1.090627
v -1.627024 0.980286 1.112475
v -2.055199 0.874824 0.777432
v -2.897905 0.872842 0.552758
v -1.640619 0.988470 1.090339
v -2.011965 0.767549 0.902688
v -2.001843 0.765221 0.857407
v -1.306116 0.803500 1.233600
v -2.682284 0.765297 0.614070
v -2.622899 0.729172 0.605324
v -2.015509 1.095320 1.211447
v -2.826722 0.950560 0.660078
v -2.595223 1.028674 0.887682
v -2.586652 0.947681 0.598868
v -2.616491 0.997670 0.871231
v -2.590713 0.871916 0.759697
v -2.584172 0.866212 0.757127
v -2.542430 0.829730 0.740127
v -1.975192 1.137580 1.120395
v -2.557200 0.961505 0.862583
v -2.538433 0.833863 0.723193
v -2.594292 0.882576 0.746102
v -2.594457 0.875525 0.760834
v -2.592293 0.945103 0.616386
v -2.567609 0.923527 0.606313
v -1.044651 0.795336 1.177063
v -2.538602 0.886576 0.617715
v -2.533252 0.878941 0.621381
v -2.533810 0.880576 0.619570
v -2.839001 0.908625 0.661879
v -2.529566 0.873816 0.623958
v -1.271420 0.878621 1.157166
v -2.536660 0.991874 0.878591
v -1.762870 1.022866 1.103793
v -1.054343 0.807793 1.126238
v -2.706473 0.821580 0.600914
v -2.559607 0.916538 0.603093
v -3.185346 1.003745 0.599244
v -1.112871 0.679650 1.257953
v -1.079276 0.719640 1.254454
v -1.310673 0.844131 1.135048
v -1.333069 0.795494 1.184504
v -1.382936 0.874838 1.132754
v -1.999023 1.085976 1.172783
v -3.096883 0.999381 0.635113
v -2.795052 0.810126 0.537345
v -1.637543 0.880998 1.074455
v -3.005945 1.060274 0.686853
v -2.985786 1.103943 0.642732
v -1.629765 0.873735 1.020963
v -2.786166 0.815880 0.546946
v -1.652285 0.825096 1.070604
v -1.652701 0.824990 1.073018
v -2.190418 0.938352 0.957719
v -1.650418 0.829102 1.066465
v -1.642443 0.846266 1.048915
v -1.350570 0.774791 1.185907
v -1.350655 0.773061 1.186044
v -2.424504 0.816044 0.782271
v -1.652254 0.825058 1.070517
v -2.035828 1.286557 1.238846
v -2.059682 1.234861 1.291381
v -2.020030 1.276564 1.199875
v -2.793389 0.814833 0.589663
v -1.629168 0.876733 1.020808
v -2.059118 1.191849 1.286174
v -2.437912 0.836796 0.791993
v -1.351132 0.768154 1.186257
v -3.056647 1.036091 0.545718
v -2.455942 0.819986 0.783656
v -2.567361 1.104855 0.761614
v -2.508110 1.068704 0.752832
v -2.719416 0.820682 0.628740
v -2.734051 0.858294 0.659181
v -2.719322 0.820722 0.628641
v -1.177484 0.638123 1.188146
v -1.144960 0.560714 1.126945
v -2.736967 0.865650 0.665070
v -1.315964 0.850070 1.109145
v -1.315306 0.850089 1.107539
v -1.274621 0.674006 1.179539
v -2.496936 1.078601 0.789942
v -2.512864 0.824861 0.686222
v -2.519143 0.833275 0.682695
v -2.525797 0.859226 0.645016
v -2.710184 0.821665 0.608713
v -1.646746 0.916103 1.017442
v -2.032358 1.102661 1.061601
v -1.647557 0.916384 1.017493
v -2.509433 0.972926 0.820842
v -2.488739 1.018067 0.774566
v -2.625783 0.910108 0.759001
v -1.641490 0.901839 1.018648
v -2.055461 1.051692 1.114433
v -2.654775 0.951705 0.738073
v -2.664480 0.984976 0.692072
v -2.667299 0.994671 0.678814
v -2.654528 0.996718 0.647007
v -2.651738 0.996911 0.640478
v -2.638909 0.985825 0.635226
v -2.977132 1.103742 0.599453
v -2.525396 0.972184 0.815975
v -2.540952 1.020250 0.753125
v -1.991323 0.902916 0.997476
v -2.009370 0.944826 1.030364
v -1.995416 0.903123 1.005774
v -2.511936 0.967430 0.826422
v -2.681270 0.878008 0.544548
v -1.769257 0.886024 0.950184
v -2.523952 0.967996 0.821477
v -2.511708 0.952307 0.826446
v -1.984250 0.902504 0.982772
v -2.000135 0.968594 1.008837
v -1.262011 0.666808 1.154139
v -2.877715 0.916474 0.508549
v -1.162655 0.579993 1.113827
v -2.622746 0.828331 0.679756
v -2.741565 0.877821 0.675168
v -2.009180 0.943085 1.029231
v -2.583022 0.915059 0.591106
v -2.557451 0.872041 0.609717
v -2.471670 1.014035 0.738298
v -2.474328 1.013742 0.732682
v -1.950367 0.932201 0.912193
v -2.487117 1.017687 0.771071
v -1.984750 0.993525 0.975722
v -1.954233 0.923686 0.920754
v -1.783706 0.892959 0.967499
v -1.793773 0.881609 1.011898
v -1.986938 0.997421 0.979687
v -1.802388 0.871369 1.051305
v -1.799809 0.867489 1.053531
v -1.187502 0.639684 1.159927
v -2.516832 1.015238 0.711077
v -2.896614 0.822277 0.551721
v -3.173808 1.088751 0.543792
v -1.991652 0.903092 0.997742
v -2.010271 0.946455 1.031179
v -3.194069 1.045171 0.587953
v -2.840188 0.787742 0.542622
v -1.677309 0.834940 1.068990
v -2.754130 0.909912 0.700466
v -2.753202 0.926473 0.697949
v -2.004511 0.911578 1.008439
v -0.988580 0.652350 1.003556
v -3.145551 1.090421 0.510642
v -1.313551 0.849954 1.102844
v -2.094613 1.047989 1.128593
v -1.118956 0.766266 1.056431
v -2.856890 0.909005 0.463072
v -1.216021 0.802097 1.047871
v -2.800464 0.874470 0.453973
v -2.721580 0.995731 0.626707
v -2.715024 0.996197 0.612474
v -2.775581 0.853145 0.492916
v -3.057191 1.085995 0.546386
v -2.681114 0.885047 0.543768
v -2.679738 0.906295 0.540207
v -1.086432 0.688857 0.995230
v -1.280634 0.760571 0.978064
v -1.517645 0.604761 0.971401
v -1.510679 0.600709 0.964502
v -2.056307 1.132015 1.042084
v -1.151045 0.647330 0.925423
v -1.613633 0.759993 0.866928
v -1.655873 0.750041 0.978257
v -1.659624 0.746609 0.993262
v -1.367900 0.814851 1.043409
v -1.551084 0.635904 0.981039
v -2.766529 0.858887 0.502465
v -1.978719 0.954691 0.903429
v -1.639062 0.766581 0.908869
v -2.410128 0.926887 0.658010
v -2.296069 0.913349 0.696209
v -1.961741 0.925969 0.897574
v -1.684097 0.759769 1.019812
v -1.660632 0.797306 0.893608
v -2.753562 0.901472 0.500974
v -1.636988 1.004311 1.255452
v -1.613126 1.055879 1.202976
v -1.661648 0.798917 0.892675
v -1.963998 0.926600 0.890675
v -1.969762 0.934394 0.887595
v -1.263042 0.740857 0.992131
v -1.139141 0.745354 1.051715
v -1.163686 0.654043 0.951819
v -1.877386 0.939618 1.076026
v -1.634406 1.063910 1.164354
v -1.876355 0.972686 1.007492
v -2.654421 0.841478 0.488003
v -1.213587 0.772555 1.045917
v -2.595036 0.805353 0.479257
v -1.989816 0.997641 0.978347
v -2.713702 0.996252 0.612232
v -2.411897 0.928439 0.658780
v -2.440944 0.953810 0.670493
v -2.474723 0.983317 0.684139
v -2.013669 0.946468 1.029972
v -2.468305 0.975868 0.685130
v -2.472135 1.000395 0.715833
v -1.114200 0.685703 1.005517
v -1.437058 0.667713 1.100816
v -2.753378 0.909229 0.700910
v -2.504211 1.005027 0.704349
v -1.964032 0.924697 0.894563
v -1.415519 0.726018 1.117133
v -2.505911 0.952213 0.814013
v -1.406053 0.732162 1.127343
v -2.663802 0.909967 0.741739
v -2.411931 0.929174 0.657311
v -1.420795 0.729400 1.110393
v -1.965549 0.875297 0.997116
v -1.964774 0.900949 0.943895
v -1.210261 0.518538 1.056829
v -1.307397 0.554420 1.048222
v -1.963874 0.929240 0.885131
v -1.177021 0.440505 0.995348
v -1.372010 0.512894 0.978415
v -1.977344 0.873739 0.971546
v -1.339921 0.631830 1.109423
v -1.978095 0.872119 0.973230
v -1.457356 0.705805 1.071194
v -1.995859 0.853200 0.970005
v -2.877010 0.733406 0.329402
v -2.897200 0.689774 0.373610
v -2.017641 0.869964 0.989677
v -2.006004 0.842527 0.968122
v -2.693446 0.945729 0.571456
v -1.695465 0.730802 0.994897
v -1.699669 0.719379 0.985143
v -2.678498 0.907417 0.540623
v -1.424250 0.734586 1.090834
v -1.425600 0.735689 1.085198
v -1.212798 0.547646 1.059733
v -3.000808 0.753128 0.389170
v -1.511181 0.624492 0.987895
v -2.980578 0.796746 0.345095
v -3.166993 0.910635 0.372691
v -1.378458 0.795804 0.969148
v -2.573839 0.836409 0.495661
v -2.633059 0.872522 0.504356
v -2.116027 1.002779 0.926866
v -2.121193 0.991473 0.938560
v -2.999548 0.702600 0.388220
v -1.665805 0.802056 0.894553
v -1.287203 0.575204 1.052996
v -2.436030 0.808450 0.553102
v -2.556156 1.114715 0.798637
v -1.705738 0.721080 0.984101
v -2.475825 0.721774 0.641704
v -2.926212 0.688371 0.407980
v -1.422700 0.781463 0.993716
v -1.522436 0.627712 0.985972
v -2.138957 0.951888 0.978467
v -2.139074 0.951757 0.978711
v -1.377501 0.808682 1.033161
v -2.131224 0.968919 0.961346
v -1.386049 0.805052 1.033407
v -2.714505 1.112304 0.725188
v -1.312154 0.634460 1.100045
v -2.754230 1.025576 0.813837
v -2.708414 1.065503 0.659521
v -1.759759 0.832082 0.882140
v -2.678767 1.102956 0.710138
v -2.432786 0.875761 0.597754
v -1.760180 0.829579 0.879402
v -2.463090 0.837621 0.546741
v -2.727857 0.995756 0.819889
v -1.403195 0.784721 1.034891
v -1.118493 0.568648 0.863633
v -1.399226 0.789244 1.034704
v -3.231144 0.785287 0.364586
v -2.405667 0.845279 0.603437
v -1.798784 0.747444 0.968429
v -1.798957 0.746394 0.967330
v -2.959722 0.789239 0.299531
v -1.407169 0.775945 1.043753
v -3.233114 0.844901 0.423262
v -2.431847 0.908835 0.651759
v -2.429713 0.906676 0.652521
v -2.429959 0.868419 0.654373
v -2.413676 0.927284 0.656816
v -1.248869 0.682563 0.916507
v -2.886448 0.775455 0.318392
v -3.187254 0.867055 0.416852
v -2.806532 0.994191 0.615870
v -2.481845 0.768524 0.707418
v -1.661062 0.800627 0.895353
v -2.512251 0.730473 0.656445
v -2.469652 0.820732 0.740874
v -2.445390 0.759074 0.691178
v -2.469550 0.820643 0.740834
v -2.472098 0.821029 0.741713
v -3.223740 0.841268 0.279596
v -3.243242 0.798286 0.324113
v -1.238779 0.680951 0.944773
v -2.745628 1.074355 0.675405
v -2.784664 0.988799 0.763454
v -1.643289 0.927352 1.174623
v -3.036579 0.726718 0.251632
v -3.056081 0.683736 0.296149
v -1.643948 0.925057 1.174798
v -1.978678 0.815745 0.805473
v -3.024368 0.769570 0.251360
v -1.643917 0.925020 1.174711
v -2.454921 0.818114 0.709465
v -2.453298 0.817885 0.706135
v -2.462424 0.820386 0.767016
v -3.064092 0.682842 0.340009
v -3.191482 0.871938 0.275947
v -2.139050 0.951220 0.978720
v -2.131378 0.941095 0.981870
v -2.744117 0.968155 0.676377
v -2.732589 0.993602 0.650483
v -1.977760 0.917116 0.876943
v -2.751957 0.951016 0.693964
v -2.012704 0.840990 0.954977
v -2.044775 0.817632 0.926181
v -2.047003 0.816067 0.924233
v -2.752960 0.932119 0.696995
v -1.969329 0.861092 0.806325
v -3.192662 0.932635 0.333982
v -2.103840 1.001424 0.920545
v -2.115095 1.002675 0.925982
v -2.115787 1.002761 0.926272
v -2.445676 0.831139 0.785034
v -2.511279 0.927286 0.826540
v -3.274182 0.975872 0.389153
v -2.515198 0.923513 0.824937
v -2.051371 0.948221 0.864855
v -2.511571 0.926992 0.826448
v -2.511569 0.939988 0.826499
v -3.294331 0.932597 0.432423
v -2.732202 0.994458 0.649568
v -2.724366 0.995583 0.632647
v -2.009322 0.899891 0.836331
v -2.035639 0.907588 0.832204
v -2.732024 0.994514 0.649150
v -3.275477 0.902159 0.459066
v -2.009806 0.899693 0.835788
v -2.529505 0.922847 0.819137
v -2.543734 0.942635 0.613217
v -3.235681 0.988835 0.370464
v -2.454784 0.932106 0.643088
v -2.448665 0.925987 0.645349
v -2.757575 0.958355 0.769225
v -2.090428 0.863469 0.951067
v -2.503984 0.825276 0.752985
v -2.495588 0.824110 0.750047
v -1.673329 0.979182 1.250602
v -2.583175 0.869841 0.761075
v -2.513841 0.850296 0.773230
v -2.514815 0.902726 0.810285
v -1.764004 0.964515 1.195556
v -2.799206 0.995301 0.573277
v -1.678113 0.906619 1.174834
v -1.655066 0.919599 1.174802
v -1.684273 0.833986 1.101696
v -1.678116 0.906316 1.174505
v -1.686008 0.834614 1.101615
v -1.674021 0.831215 1.090610
v -1.785942 0.971859 1.156538
v -2.618651 0.994744 0.701120
# 434 vertices

g group_1_6970902

usemtl color_6970902
s 0

f 86 	85 	84
f 90 	359 	68
f 86 	85 	91
f 224 	408 	94
f 92 	93 	95
f 96 	95 	93
f 93 	92 	97
f 81 	245 	327
f 98 	99 	100
f 98 	100 	101
f 96 	97 	95
f 92 	95 	97
f 74 	317 	72
f 99 	100 	105
f 99 	105 	107
f 86 	84 	85
f 85 	89 	91
f 74 	78 	317
f 103 	104 	106
f 317 	78 	82
f 89 	88 	91
f 110 	140 	108
f 110 	108 	100
f 317 	82 	139
f 89 	451 	85
f 111 	112 	110
f 109 	113 	114
f 109 	114 	115
f 451 	86 	84
f 119 	120 	117
f 116 	117 	120
f 80 	327 	88
f 124 	117 	127
f 119 	117 	124
f 109 	106 	122
f 106 	104 	122
f 121 	122 	104
f 126 	97 	104
f 97 	96 	104
f 121 	104 	96
f 88 	451 	89
f 102 	167 	149
f 73 	132 	67
f 84 	85 	451
f 81 	451 	80
f 88 	80 	451
f 69 	67 	132
f 129 	127 	128
f 127 	124 	128
f 134 	127 	129
f 124 	119 	128
f 119 	120 	128
f 120 	135 	128
f 105 	128 	135
f 107 	105 	135
f 78 	217 	82
f 112 	111 	140
f 440 	140 	111
f 384 	387 	133
f 145 	339 	131
f 139 	138 	325
f 142 	325 	138
f 135 	196 	143
f 110 	112 	140
f 226 	425 	142
f 155 	158 	154
f 423 	186 	149
f 156 	118 	171
f 160 	153 	159
f 159 	154 	158
f 154 	159 	153
f 136 	118 	156
f 162 	151 	161
f 161 	151 	125
f 170 	152 	157
f 146 	91 	147
f 451 	423 	450
f 149 	450 	423
f 150 	152 	170
f 164 	165 	166
f 149 	453 	450
f 91 	133 	147
f 118 	400 	171
f 258 	81 	80
f 457 	453 	149
f 182 	201 	167
f 84 	254 	85
f 86 	254 	84
f 173 	254 	86
f 162 	174 	164
f 221 	222 	85
f 212 	254 	223
f 179 	145 	178
f 169 	178 	145
f 222 	258 	85
f 258 	80 	88
f 181 	491 	148
f 67 	177 	137
f 268 	171 	266
f 70 	184 	94
f 180 	179 	178
f 177 	145 	131
f 464 	170 	468
f 187 	414 	193
f 156 	171 	181
f 145 	194 	195
f 195 	205 	145
f 172 	130 	163
f 184 	70 	187
f 184 	187 	193
f 182 	102 	175
f 163 	130 	169
f 145 	179 	194
f 143 	196 	144
f 445 	429 	196
f 182 	167 	102
f 189 	304 	197
f 190 	304 	189
f 303 	193 	304
f 177 	67 	163
f 195 	194 	439
f 179 	436 	194
f 197 	304 	192
f 102 	149 	185
f 163 	145 	177
f 83 	188 	201
f 184 	202 	94
f 163 	67 	69
f 120 	196 	135
f 204 	196 	191
f 127 	191 	196
f 188 	223 	201
f 88 	89 	188
f 120 	119 	196
f 119 	124 	196
f 127 	196 	124
f 339 	145 	205
f 145 	163 	169
f 200 	76 	198
f 207 	196 	204
f 201 	182 	83
f 439 	442 	195
f 201 	210 	211
f 201 	212 	210
f 202 	184 	193
f 137 	176 	214
f 215 	167 	211
f 255 	167 	215
f 214 	176 	213
f 217 	216 	130
f 169 	130 	216
f 178 	169 	216
f 294 	245 	307
f 131 	218 	176
f 213 	176 	218
f 155 	220 	158
f 221 	158 	220
f 148 	203 	75
f 307 	80 	88
f 219 	209 	208
f 83 	422 	206
f 222 	221 	220
f 498 	313 	190
f 142 	224 	226
f 201 	223 	212
f 222 	165 	168
f 228 	219 	227
f 262 	219 	228
f 170 	227 	219
f 202 	230 	94
f 224 	94 	230
f 224 	230 	226
f 176 	177 	131
f 88 	188 	307
f 230 	425 	226
f 325 	142 	425
f 237 	161 	233
f 234 	235 	233
f 235 	237 	233
f 236 	237 	235
f 232 	233 	161
f 229 	232 	161
f 159 	229 	161
f 210 	91 	211
f 156 	181 	231
f 227 	239 	228
f 240 	228 	239
f 156 	231 	225
f 212 	211 	210
f 382 	400 	118
f 125 	151 	378
f 377 	378 	151
f 227 	170 	244
f 241 	250 	243
f 242 	250 	231
f 253 	214 	213
f 211 	223 	451
f 392 	391 	244
f 227 	244 	391
f 225 	231 	250
f 451 	450 	215
f 451 	215 	211
f 212 	223 	211
f 173 	451 	223
f 154 	146 	147
f 177 	176 	137
f 244 	247 	227
f 81 	307 	245
f 239 	227 	247
f 131 	357 	218
f 245 	294 	327
f 155 	154 	147
f 147 	424 	155
f 249 	250 	241
f 242 	243 	250
f 294 	451 	245
f 81 	245 	451
f 248 	191 	244
f 469 	191 	248
f 159 	158 	254
f 248 	247 	244
f 340 	167 	255
f 174 	162 	257
f 256 	243 	242
f 255 	215 	483
f 91 	483 	215
f 162 	161 	257
f 334 	79 	209
f 215 	279 	255
f 231 	181 	285
f 219 	337 	209
f 483 	91 	146
f 259 	260 	219
f 174 	257 	258
f 168 	165 	258
f 165 	164 	258
f 174 	258 	164
f 346 	254 	211
f 210 	211 	254
f 88 	89 	258
f 219 	262 	259
f 210 	254 	212
f 261 	263 	264
f 171 	246 	265
f 206 	293 	315
f 260 	259 	108
f 357 	251 	218
f 255 	346 	215
f 211 	215 	346
f 263 	225 	267
f 250 	267 	225
f 228 	108 	262
f 257 	245 	258
f 158 	221 	254
f 221 	85 	254
f 223 	254 	173
f 218 	251 	213
f 228 	240 	262
f 499 	268 	269
f 371 	253 	270
f 89 	85 	258
f 168 	258 	222
f 253 	213 	270
f 256 	250 	274
f 275 	250 	256
f 249 	274 	250
f 189 	197 	278
f 251 	270 	213
f 167 	279 	280
f 216 	217 	180
f 178 	216 	180
f 285 	181 	148
f 183 	141 	272
f 231 	363 	242
f 172 	282 	296
f 272 	277 	183
f 217 	130 	284
f 307 	315 	294
f 163 	69 	282
f 278 	197 	192
f 280 	279 	435
f 256 	363 	281
f 242 	363 	256
f 282 	69 	132
f 192 	189 	278
f 172 	163 	282
f 307 	83 	206
f 256 	274 	281
f 279 	215 	280
f 148 	75 	285
f 171 	265 	266
f 286 	288 	172
f 368 	315 	365
f 288 	297 	130
f 130 	172 	288
f 295 	294 	315
f 289 	287 	292
f 298 	299 	115
f 109 	115 	299
f 434 	291 	290
f 296 	286 	172
f 252 	292 	287
f 282 	301 	296
f 300 	156 	225
f 300 	136 	156
f 318 	314 	302
f 304 	306 	303
f 302 	309 	306
f 292 	252 	141
f 276 	185 	273
f 186 	273 	185
f 292 	141 	183
f 122 	302 	306
f 122 	306 	299
f 175 	102 	276
f 284 	130 	305
f 393 	305 	130
f 225 	308 	300
f 295 	291 	294
f 290 	294 	291
f 290 	472 	294
f 122 	299 	109
f 102 	185 	276
f 240 	271 	260
f 262 	240 	259
f 260 	259 	240
f 303 	306 	309
f 238 	283 	273
f 140 	440 	311
f 440 	418 	311
f 188 	83 	307
f 261 	312 	263
f 304 	313 	306
f 263 	308 	225
f 206 	315 	307
f 199 	316 	198
f 238 	273 	186
f 309 	302 	314
f 436 	179 	180
f 78 	180 	217
f 319 	320 	312
f 320 	308 	312
f 263 	312 	308
f 293 	283 	238
f 264 	263 	312
f 317 	200 	198
f 288 	286 	328
f 325 	200 	317
f 328 	286 	322
f 246 	326 	265
f 324 	268 	326
f 288 	321 	297
f 91 	88 	327
f 80 	81 	327
f 329 	91 	327
f 328 	321 	288
f 265 	326 	266
f 139 	325 	317
f 234 	472 	235
f 91 	329 	133
f 200 	325 	136
f 269 	268 	324
f 118 	136 	325
f 434 	399 	291
f 333 	311 	332
f 310 	332 	311
f 378 	377 	327
f 267 	250 	330
f 275 	335 	250
f 391 	394 	335
f 108 	140 	311
f 108 	311 	333
f 108 	333 	336
f 108 	336 	337
f 108 	337 	260
f 439 	194 	436
f 291 	331 	290
f 235 	290 	331
f 235 	331 	236
f 420 	297 	321
f 336 	334 	337
f 334 	209 	337
f 323 	296 	301
f 266 	326 	268
f 260 	337 	219
f 320 	467 	308
f 272 	141 	372
f 259 	260 	337
f 338 	322 	286
f 340 	483 	279
f 338 	286 	296
f 271 	341 	260
f 337 	260 	341
f 336 	337 	341
f 296 	323 	338
f 267 	330 	263
f 330 	452 	263
f 312 	263 	342
f 167 	340 	279
f 443 	429 	262
f 227 	228 	344
f 248 	244 	344
f 244 	227 	344
f 228 	262 	429
f 345 	496 	343
f 346 	340 	280
f 279 	280 	340
f 262 	259 	443
f 292 	361 	289
f 496 	345 	205
f 275 	256 	335
f 335 	256 	281
f 310 	347 	332
f 333 	334 	336
f 243 	349 	241
f 249 	241 	349
f 249 	349 	350
f 346 	232 	229
f 79 	334 	341
f 336 	341 	334
f 274 	249 	241
f 122 	121 	302
f 355 	354 	351
f 353 	320 	319
f 109 	299 	106
f 299 	306 	106
f 488 	152 	154
f 93 	440 	96
f 248 	344 	247
f 341 	271 	344
f 239 	344 	240
f 247 	344 	239
f 126 	144 	97
f 93 	97 	440
f 351 	352 	355
f 357 	355 	352
f 356 	358 	249
f 241 	249 	358
f 343 	339 	345
f 343 	348 	339
f 256 	281 	243
f 205 	345 	339
f 357 	339 	355
f 358 	360 	241
f 271 	240 	344
f 249 	350 	356
f 255 	483 	340
f 357 	131 	339
f 359 	339 	348
f 277 	272 	388
f 354 	137 	351
f 349 	243 	360
f 360 	243 	281
f 255 	279 	340
f 214 	351 	137
f 103 	143 	104
f 348 	369 	359
f 214 	253 	351
f 364 	360 	363
f 360 	281 	363
f 366 	367 	306
f 313 	366 	306
f 103 	106 	143
f 295 	315 	368
f 498 	497 	366
f 67 	137 	354
f 327 	368 	399
f 399 	365 	331
f 274 	241 	360
f 281 	274 	360
f 365 	399 	368
f 386 	306 	367
f 327 	295 	368
f 368 	365 	295
f 291 	295 	365
f 331 	291 	365
f 363 	231 	285
f 366 	313 	498
f 293 	206 	375
f 371 	270 	383
f 159 	254 	229
f 346 	229 	254
f 383 	270 	397
f 459 	293 	375
f 255 	340 	346
f 383 	352 	371
f 237 	236 	365
f 331 	365 	236
f 369 	370 	359
f 369 	348 	495
f 495 	498 	369
f 368 	257 	365
f 257 	161 	365
f 237 	365 	161
f 440 	458 	96
f 182 	415 	422
f 414 	359 	370
f 292 	362 	361
f 422 	375 	206
f 257 	294 	245
f 81 	258 	245
f 351 	371 	352
f 113 	373 	114
f 257 	368 	294
f 295 	294 	368
f 253 	371 	351
f 354 	73 	67
f 372 	141 	374
f 295 	327 	294
f 143 	106 	306
f 462 	379 	76
f 380 	76 	379
f 76 	380 	394
f 252 	287 	374
f 393 	395 	224
f 391 	87 	394
f 374 	375 	372
f 357 	352 	397
f 406 	70 	408
f 252 	374 	141
f 227 	380 	228
f 379 	228 	380
f 329 	327 	377
f 187 	70 	406
f 94 	408 	70
f 425 	318 	382
f 302 	403 	318
f 272 	372 	381
f 370 	190 	189
f 438 	361 	362
f 192 	193 	414
f 414 	187 	406
f 327 	399 	378
f 414 	370 	192
f 189 	192 	370
f 380 	379 	330
f 352 	383 	397
f 130 	376 	389
f 73 	354 	90
f 150 	385 	398
f 385 	219 	208
f 298 	390 	299
f 76 	394 	87
f 132 	73 	68
f 90 	68 	73
f 224 	142 	393
f 219 	150 	170
f 392 	87 	391
f 219 	385 	150
f 397 	270 	251
f 408 	224 	395
f 388 	272 	381
f 380 	227 	394
f 394 	227 	391
f 398 	385 	396
f 130 	389 	393
f 393 	389 	395
f 251 	357 	397
f 373 	390 	298
f 115 	114 	298
f 373 	113 	299
f 390 	373 	299
f 391 	335 	392
f 440 	97 	144
f 378 	399 	208
f 403 	400 	382
f 399 	401 	208
f 377 	402 	404
f 277 	388 	362
f 171 	400 	246
f 403 	246 	400
f 373 	298 	114
f 277 	362 	183
f 109 	299 	113
f 152 	150 	405
f 382 	318 	403
f 150 	398 	405
f 68 	359 	389
f 362 	292 	183
f 406 	408 	389
f 395 	389 	408
f 326 	246 	261
f 329 	404 	384
f 301 	282 	407
f 410 	384 	404
f 302 	458 	403
f 387 	384 	410
f 132 	407 	282
f 402 	410 	404
f 132 	68 	407
f 329 	377 	404
f 412 	386 	411
f 359 	414 	389
f 406 	389 	414
f 417 	402 	416
f 410 	402 	417
f 482 	416 	402
f 376 	130 	297
f 428 	387 	410
f 409 	415 	476
f 297 	71 	376
f 412 	411 	269
f 499 	269 	411
f 71 	68 	376
f 410 	417 	418
f 444 	428 	418
f 410 	418 	428
f 413 	375 	374
f 192 	304 	193
f 310 	419 	347
f 297 	420 	71
f 287 	413 	374
f 349 	360 	412
f 386 	412 	306
f 193 	303 	202
f 415 	409 	381
f 310 	311 	417
f 418 	417 	311
f 412 	269 	349
f 309 	202 	303
f 71 	301 	407
f 416 	419 	417
f 419 	310 	417
f 324 	349 	269
f 304 	190 	313
f 301 	71 	420
f 401 	396 	385
f 401 	385 	208
f 433 	321 	328
f 416 	482 	166
f 485 	155 	424
f 186 	423 	238
f 230 	202 	314
f 309 	314 	202
f 185 	149 	186
f 421 	289 	361
f 230 	314 	425
f 424 	147 	426
f 422 	415 	381
f 321 	433 	420
f 372 	422 	381
f 318 	425 	314
f 427 	424 	429
f 287 	289 	421
f 454 	143 	412
f 360 	454 	412
f 375 	422 	372
f 428 	429 	424
f 430 	424 	427
f 382 	118 	425
f 325 	425 	118
f 426 	387 	428
f 323 	301 	420
f 421 	413 	287
f 426 	133 	387
f 322 	433 	328
f 434 	435 	396
f 317 	198 	316
f 424 	426 	428
f 246 	403 	261
f 452 	342 	403
f 338 	323 	433
f 322 	338 	433
f 111 	458 	440
f 442 	494 	205
f 205 	195 	442
f 443 	429 	428
f 68 	389 	376
f 443 	428 	444
f 433 	323 	420
f 343 	496 	495
f 445 	196 	207
f 205 	493 	496
f 486 	430 	445
f 121 	96 	458
f 250 	335 	394
f 394 	380 	250
f 330 	250 	380
f 104 	143 	144
f 429 	443 	196
f 427 	429 	445
f 444 	144 	443
f 144 	196 	443
f 359 	90 	339
f 285 	75 	484
f 396 	435 	398
f 443 	220 	429
f 354 	355 	90
f 104 	144 	126
f 448 	449 	87
f 480 	447 	431
f 220 	430 	427
f 427 	429 	220
f 220 	443 	444
f 355 	339 	90
f 87 	392 	448
f 437 	361 	438
f 438 	432 	437
f 431 	437 	432
f 75 	87 	484
f 446 	362 	388
f 441 	431 	447
f 449 	448 	191
f 392 	191 	448
f 71 	407 	68
f 342 	312 	403
f 312 	261 	403
f 452 	403 	458
f 418 	440 	144
f 444 	418 	144
f 449 	448 	335
f 392 	335 	448
f 220 	444 	418
f 362 	446 	438
f 492 	238 	423
f 99 	452 	458
f 441 	421 	361
f 427 	490 	429
f 437 	431 	441
f 441 	413 	421
f 430 	490 	427
f 143 	454 	455
f 143 	455 	456
f 143 	456 	135
f 432 	446 	409
f 331 	492 	291
f 290 	492 	472
f 259 	337 	417
f 437 	441 	361
f 432 	438 	446
f 446 	388 	381
f 306 	412 	143
f 464 	344 	429
f 280 	457 	167
f 149 	167 	457
f 409 	446 	381
f 76 	77 	467
f 444 	443 	418
f 417 	418 	443
f 259 	417 	443
f 100 	99 	110
f 111 	110 	99
f 459 	413 	447
f 76 	467 	460
f 462 	76 	461
f 460 	461 	76
f 201 	211 	167
f 332 	347 	419
f 302 	121 	458
f 441 	447 	413
f 458 	111 	99
f 207 	204 	463
f 207 	463 	445
f 461 	108 	462
f 460 	108 	461
f 379 	462 	108
f 259 	262 	108
f 379 	108 	228
f 434 	451 	450
f 453 	435 	450
f 434 	450 	435
f 461 	330 	462
f 324 	326 	349
f 350 	349 	326
f 261 	264 	326
f 350 	326 	264
f 457 	280 	435
f 83 	182 	422
f 459 	375 	413
f 379 	462 	330
f 330 	461 	460
f 457 	435 	453
f 312 	342 	319
f 465 	431 	432
f 480 	431 	465
f 300 	467 	77
f 464 	469 	170
f 457 	215 	450
f 453 	457 	450
f 280 	215 	457
f 264 	312 	350
f 342 	350 	312
f 471 	423 	451
f 356 	107 	358
f 471 	475 	423
f 472 	423 	475
f 473 	320 	353
f 474 	467 	473
f 320 	473 	467
f 300 	308 	467
f 468 	191 	464
f 466 	191 	468
f 319 	452 	353
f 465 	432 	470
f 291 	492 	290
f 474 	460 	467
f 469 	464 	191
f 392 	244 	191
f 476 	470 	432
f 475 	471 	434
f 473 	353 	452
f 342 	452 	319
f 101 	477 	98
f 468 	469 	464
f 471 	451 	434
f 473 	477 	474
f 101 	474 	477
f 452 	99 	98
f 452 	98 	477
f 452 	477 	473
f 468 	466 	469
f 478 	469 	466
f 476 	432 	409
f 342 	263 	452
f 479 	377 	151
f 364 	456 	455
f 455 	454 	364
f 475 	434 	472
f 101 	100 	474
f 460 	474 	100
f 472 	434 	290
f 377 	479 	402
f 481 	402 	479
f 364 	454 	360
f 460 	100 	108
f 402 	481 	482
f 472 	475 	294
f 475 	471 	294
f 451 	294 	471
f 452 	330 	460
f 452 	460 	100
f 452 	100 	99
f 481 	419 	482
f 470 	273 	465
f 416 	482 	419
f 363 	484 	364
f 285 	484 	363
f 456 	364 	484
f 116 	120 	484
f 456 	484 	120
f 470 	276 	273
f 117 	116 	484
f 435 	405 	398
f 476 	276 	470
f 417 	416 	166
f 418 	417 	166
f 162 	164 	479
f 482 	481 	166
f 164 	166 	481
f 479 	164 	481
f 151 	162 	479
f 107 	135 	456
f 107 	456 	455
f 107 	455 	454
f 107 	454 	360
f 107 	360 	358
f 350 	452 	356
f 342 	452 	350
f 99 	356 	452
f 107 	356 	99
f 127 	484 	449
f 117 	484 	127
f 87 	449 	484
f 435 	483 	405
f 343 	495 	348
f 476 	175 	276
f 191 	127 	449
f 424 	486 	485
f 480 	465 	273
f 370 	369 	190
f 424 	430 	486
f 455 	456 	120
f 119 	454 	120
f 273 	283 	480
f 317 	316 	72
f 436 	72 	316
f 445 	485 	486
f 449 	454 	127
f 182 	175 	415
f 436 	316 	439
f 430 	427 	445
f 442 	439 	316
f 175 	476 	415
f 449 	335 	454
f 455 	120 	454
f 124 	454 	119
f 124 	127 	454
f 199 	203 	316
f 220 	155 	485
f 220 	485 	486
f 430 	220 	486
f 454 	335 	281
f 454 	281 	360
f 480 	459 	447
f 401 	399 	434
f 461 	462 	128
f 166 	165 	418
f 165 	222 	418
f 220 	418 	222
f 487 	316 	203
f 401 	434 	396
f 283 	459 	480
f 481 	334 	333
f 332 	419 	333
f 481 	333 	419
f 461 	128 	460
f 100 	460 	128
f 100 	128 	105
f 293 	459 	283
f 471 	233 	451
f 450 	451 	233
f 316 	487 	494
f 127 	134 	449
f 448 	449 	134
f 148 	487 	203
f 445 	463 	489
f 445 	489 	485
f 462 	380 	128
f 129 	128 	380
f 379 	380 	462
f 394 	129 	380
f 491 	487 	148
f 472 	234 	475
f 471 	475 	234
f 129 	394 	134
f 394 	391 	134
f 448 	134 	391
f 448 	391 	392
f 154 	153 	488
f 233 	232 	450
f 453 	450 	232
f 87 	199 	76
f 198 	76 	199
f 191 	490 	204
f 466 	490 	191
f 463 	204 	490
f 463 	490 	489
f 331 	291 	399
f 170 	157 	490
f 77 	76 	200
f 486 	485 	489
f 486 	489 	490
f 87 	203 	199
f 235 	472 	290
f 490 	466 	170
f 87 	75 	203
f 435 	279 	483
f 136 	300 	77
f 280 	457 	346
f 466 	468 	490
f 468 	464 	490
f 486 	490 	430
f 464 	429 	490
f 453 	232 	457
f 346 	457 	232
f 337 	336 	482
f 481 	482 	336
f 334 	481 	336
f 200 	136 	77
f 493 	205 	494
f 238 	492 	293
f 416 	417 	337
f 482 	416 	337
f 496 	497 	495
f 489 	488 	490
f 488 	478 	490
f 153 	478 	488
f 160 	478 	153
f 466 	490 	478
f 423 	472 	492
f 469 	344 	464
f 344 	228 	429
f 331 	365 	492
f 315 	492 	365
f 190 	369 	498
f 497 	498 	495
f 492 	315 	293
f 487 	493 	494
f 329 	384 	133
f 496 	487 	497
f 367 	497 	487
f 487 	496 	493
f 469 	478 	344
f 367 	366 	497
f 426 	147 	133
f 386 	367 	491
f 341 	123 	79
f 344 	478 	341
f 316 	494 	442
f 80 	307 	81
f 85 	86 	188
f 86 	173 	188
f 223 	188 	173
f 85 	188 	89
f 487 	491 	367
f 215 	211 	91
f 212 	91 	210
f 125 	123 	161
f 173 	86 	91
f 212 	223 	91
f 173 	91 	223
f 451 	173 	86
f 159 	341 	478
f 160 	159 	478
f 161 	123 	159
f 123 	341 	159
f 491 	181 	499
f 411 	491 	499
f 491 	411 	386
f 152 	405 	483
f 181 	171 	499
f 499 	171 	268
f 248 	244 	170
f 170 	469 	248
f 74 	72 	180
f 72 	436 	180
f 157 	152 	488
f 146 	154 	152
f 78 	74 	180
f 152 	483 	146
f 138 	139 	284
f 139 	82 	284
f 284 	82 	217
f 157 	488 	489
f 284 	305 	142
f 284 	142 	138
f 489 	490 	157
f 305 	393 	142
f 466 	468 	170
f 500 	233 	471
f 378 	208 	125
f 209 	123 	208
f 500 	471 	234
f 233 	500 	234
f 125 	208 	123
f 123 	209 	79
# 1036 faces

 #end of obj_1

o obj_2
v -0.015315 -0.270623 0.759388
v 0.018689 -0.195826 0.682162
v 0.270467 -1.080259 0.113638
v 0.236047 -1.067562 0.110915
v 0.195155 -1.094286 0.067634
v 0.198881 -1.108331 0.055742
v 0.310479 -0.744197 0.273022
v 0.224208 -1.130479 0.045340
v 0.250902 -1.133732 0.053762
v -0.167199 -0.369679 0.598365
v 0.216796 -0.739702 0.233538
v 0.246546 -0.279098 0.701066
v -0.133123 -0.294411 0.520277
v 0.212802 -1.120512 0.049972
v 0.297586 -0.742157 0.282002
v 0.182496 -0.971820 -0.015004
v 0.312117 -1.848790 -0.606443
v 0.112616 -1.520817 -0.534184
v 0.111328 -1.521235 -0.533546
v 0.188033 -1.099476 0.061274
v 0.246143 -1.056746 0.112605
v 0.315542 -1.066351 0.119050
v 0.215020 -1.121541 0.047193
v 0.098193 -1.597712 -0.458747
v 0.730418 -1.151524 0.209769
v 0.188033 -1.099476 0.061274
v 0.753836 -1.100170 0.156884
v 0.145753 -1.614337 -0.453704
v 0.275351 -0.737056 0.298264
v 0.263498 -1.403986 -0.411181
v 0.098193 -1.597712 -0.458747
v 0.240450 -1.130917 0.010446
v 0.201291 -1.061583 -0.046621
v 0.229316 -1.069213 0.097693
v 0.689321 -1.158084 0.221833
v 0.335617 -1.165945 0.033314
v 0.154959 -1.617573 -0.452727
v 0.200758 -1.444689 -0.478049
v 0.086663 -1.575849 -0.476850
v 0.189493 -1.048728 -0.046906
v 0.727663 -1.073898 0.134810
v 0.188911 -1.048231 -0.046752
v 0.090241 -1.581977 -0.471824
v 0.242371 -1.134445 0.013204
v 0.288124 -1.443350 -0.265602
v 0.179067 -0.394452 0.783106
v 0.189200 -1.034638 -0.075440
v 0.282602 -1.455549 -0.253080
v 0.189238 -1.033061 -0.078845
v 0.185526 -1.031232 -0.074421
v 0.236540 -0.267027 0.650295
v 0.391959 -1.535259 -0.270253
v 0.260396 -0.803222 0.353265
v 0.264611 -1.472744 -0.260209
v 0.274972 -0.789403 0.359943
v 0.289003 -1.391210 -0.375611
v 0.289043 -1.387322 -0.383890
v 0.357747 -1.555157 -0.281045
v 0.250800 -0.786711 0.349222
v 0.250800 -0.786711 0.349222
v 0.250800 -0.786711 0.349222
v 0.319158 -1.505572 -0.250234
v 0.289142 -1.049457 -0.033221
v 0.352619 -1.486401 -0.239740
v 0.238017 -1.031768 -0.038492
v 0.212532 -0.354290 0.779144
v 0.231813 -1.011064 -0.021287
v 0.277423 -0.981250 0.027143
v 0.283381 -0.986457 0.024726
v 0.170478 -1.622853 -0.450819
v 0.363016 -1.106248 -0.028704
v 0.238017 -1.031768 -0.038492
v 0.258835 -0.836831 0.178065
v 0.200628 -1.451951 -0.462758
v 0.199546 -1.513612 -0.332630
v 0.199380 -1.520663 -0.317899
v 0.016868 -0.401029 0.705617
v 0.263577 -0.993388 0.019089
v 0.277399 -0.985767 0.036611
v 0.114175 -0.436575 0.713912
v 0.146528 -0.514321 0.653023
v 0.343714 -1.169734 0.023730
v 0.271053 -1.458019 -0.248101
v 0.267197 -1.461715 -0.249714
v 0.367146 -1.118941 -0.029368
v 0.366910 -1.118096 -0.029355
v 0.081659 -1.567382 -0.483722
v 0.081731 -1.567434 -0.483675
v 0.084966 -1.573083 -0.479089
v 0.100848 -1.524633 -0.528022
v 0.082209 -1.566061 -0.485007
v 0.089459 -1.550229 -0.501444
v 0.147278 -1.446073 -0.267901
v 0.147249 -1.475303 -0.296242
v 0.015557 -1.569706 -0.466754
v 0.352042 -1.152503 0.005933
v 0.362283 -1.130560 -0.017204
v 0.144668 -1.437500 -0.266426
v 0.367161 -1.119873 -0.028507
v 0.367440 -1.119277 -0.029121
v 0.137507 -1.413822 -0.262493
v 0.344201 -1.169642 0.023520
v 0.147306 -1.414310 -0.237211
v 0.119527 -1.721792 -0.615445
v 0.568551 -1.111580 0.214172
v 0.118776 -1.430006 -0.326800
v 0.224361 -1.015116 -0.030765
v 0.029374 -0.408290 0.680093
v 0.195274 -1.407203 -0.444206
v 0.195139 -1.339298 -0.378591
v 0.195310 -1.439928 -0.475834
v 0.128801 -0.495156 0.639829
v 0.148466 -1.386303 -0.207261
v 0.190363 -1.335896 -0.371898
v 0.177002 -1.326416 -0.353228
v 0.195165 -1.307990 -0.348393
v 0.171896 -1.397604 -0.212448
v 0.141432 -1.413370 -0.411658
v 0.146278 -1.415785 -0.417376
v 0.232943 -1.679638 -0.525916
v 0.175976 -1.430413 -0.452772
v 0.153779 -1.414582 -0.220629
v 0.430280 -1.449748 -0.360022
v 0.606197 -1.027915 0.126783
v 0.132820 -1.419776 -0.379263
v 0.104031 -0.435169 0.685714
v 0.140827 -1.413858 -0.409377
v 0.347197 -1.182702 -0.118944
v 0.189062 -1.511836 -0.313196
v 0.193974 -1.511632 -0.310862
v 0.178839 -1.457010 -0.264653
v 0.164140 -1.403389 -0.219349
v 0.277013 -1.009146 0.086025
v 0.287346 -0.986534 0.062635
v 0.291087 -0.978172 0.054096
v 0.365598 -0.936897 0.148662
v 0.365057 -0.969418 0.217478
v 0.276498 -1.034466 0.139425
v 0.195634 -1.517577 -0.315853
v 0.264649 -1.036230 0.113923
v 0.196873 -1.306783 -0.346476
v 0.263897 -1.037851 0.115608
v 0.225920 -1.332154 -0.358189
v 0.196265 -1.700204 -0.513853
v 0.259659 -1.361647 -0.371970
v 0.277464 -0.983902 0.032635
v 0.253200 -1.357715 -0.365756
v -0.023085 -1.519804 -0.436783
v 0.543129 -1.084581 0.192396
v 0.321216 -1.924370 -0.818258
v 0.287300 -0.905825 0.257964
v 0.289994 -0.906565 0.253515
v -0.016200 -0.322659 0.766786
v 0.301336 -1.967814 -0.773677
v 0.282139 -0.882349 0.220612
v 0.307524 -1.886342 -0.834656
v 0.279650 -0.984482 0.039487
v 0.259973 -0.806859 0.333859
v 0.250728 -0.786659 0.349175
v 0.273046 -0.854819 0.183683
v 0.566475 -1.033175 0.139463
v 0.040578 -1.570270 -0.434689
v 0.315455 -1.819873 -0.766492
v 0.514388 -0.750955 0.388899
v 0.490947 -0.802401 0.441930
v 0.242088 -1.460342 -0.253914
v 0.252502 -0.782692 0.345134
v 0.139172 -0.428942 0.451008
v 0.001926 -1.520762 -0.403867
v 0.009583 -0.315701 0.503649
v 0.584295 -1.253507 0.048488
v 0.607713 -1.202153 -0.004397
v 0.505897 -0.754625 0.345046
v 0.564523 -1.243845 0.085054
v 0.602826 -1.159493 -0.001939
v 0.334390 -0.714123 0.468378
v 0.402666 -1.567592 -0.485799
v 0.363657 -1.653753 -0.396339
v 0.243836 -0.549867 0.661318
v 0.231085 -1.541288 -0.345335
v 0.301308 -0.422442 0.528507
v 0.274818 -1.532325 -0.460630
v 0.271640 -1.536648 -0.444928
v 0.260735 -1.551347 -0.390247
v 0.074403 -0.273527 0.572795
v 0.247204 -1.492659 -0.481733
v 0.259948 -1.503914 -0.486828
v 0.262669 -1.508791 -0.482525
v 0.171648 -0.309150 0.581101
v 0.321897 -0.460763 0.559131
v 0.204064 -0.386819 0.520202
v 0.143620 -1.464652 -0.310194
v 0.076980 -0.303172 0.570936
v 0.151502 -0.330076 0.576520
v 0.125090 -1.432614 -0.335575
v 0.338233 -1.638192 -0.369322
v 0.176336 -0.389987 0.530624
v 0.287893 -0.535561 0.636357
v 0.027300 -0.335261 0.517695
v 0.137092 -1.412493 -0.403734
v 0.126656 -0.422075 0.477383
v 0.167942 -1.423387 -0.449465
v 0.332176 -1.547975 -0.520232
v 0.386536 -1.531507 -0.479931
v 0.270109 -1.829504 -0.748214
v 0.260666 -0.543966 0.587449
v 0.282648 -0.495579 0.537497
v 0.255615 -1.562675 -0.526828
v 0.249680 -1.551428 -0.536017
v 0.113364 -0.634763 0.522622
v 0.181752 -0.602804 0.533362
v 0.172192 -0.608987 0.523249
v 0.073435 -1.730762 -0.596799
v 0.172670 -0.610633 0.514174
v 0.249386 -0.774898 0.389641
v 0.118692 -1.518819 -0.537350
v 0.036314 -1.683304 -0.567990
v 0.136409 -1.512005 -0.547721
v 0.041343 -0.195285 0.634023
v 0.252823 -1.636194 -0.570497
v -0.016296 -0.521471 0.575215
v -0.048712 -0.443802 0.636114
v 0.135938 -0.634565 0.475287
v -0.146601 -0.407607 0.628137
v 0.489327 -1.121903 0.133302
v 0.224572 -1.631543 -0.454976
v 0.210643 -1.636725 -0.447050
v 0.511985 -1.071147 0.080061
v 0.277294 -0.489717 0.511604
v 0.276561 -0.488616 0.510531
v 0.112507 -1.644524 -0.686270
v 0.075323 -1.597143 -0.657450
v 0.306525 -1.058971 0.123802
v 0.071655 -1.592982 -0.606784
v 0.355104 -1.071811 0.122785
v 0.302584 -1.052304 0.118645
v 0.080949 -0.557094 0.583521
v 0.310043 -1.670883 -0.437008
v 0.351190 -1.762552 -0.695914
v 0.348324 -1.585728 -0.525838
v -0.081188 -0.563594 0.506021
v 0.264599 -1.580802 -0.511792
v 0.264212 -1.581658 -0.510877
v -0.020993 -0.441028 0.626544
v 0.264408 -1.580555 -0.512079
v 0.080699 -1.587112 -0.597292
v 0.078434 -0.527895 0.586279
v 0.167771 -0.604535 0.488913
v 0.169089 -0.605601 0.494637
v 0.139376 -1.678311 -0.659938
v 0.118064 -1.565896 -0.609046
v 0.274330 -0.485276 0.507401
v 0.006784 -0.659478 0.419253
v 0.029002 -0.670270 0.414335
v 0.011669 -0.654982 0.421460
v 0.224991 -1.569553 -0.375318
v 0.170837 -0.507337 0.389811
v 0.209794 -0.526877 0.438453
v 0.003880 -0.500582 0.579709
v 0.258113 -1.567420 -0.522889
v 0.210271 -1.636428 -0.446165
v 0.216878 -0.589620 0.405218
v 0.206868 -0.535408 0.436490
v 0.241760 -0.565217 0.589733
v 0.243237 -0.564568 0.589063
v 0.249602 -1.550163 -0.535785
v 0.156955 -1.983095 -0.945888
v 0.137179 -2.026105 -0.902256
v 0.170086 -0.559348 0.397246
v 0.252686 -1.606801 -0.484655
v 0.237463 -0.566660 0.591461
v 0.245084 -1.623852 -0.466907
v 0.159284 -1.938712 -0.950306
v 0.054567 -1.483545 -0.556214
v -0.002204 -0.663877 0.406637
v 0.030560 -0.676126 0.409384
v -0.000161 -0.670610 0.407606
v -0.004029 -0.666109 0.406945
v 0.016018 -1.433975 -0.525268
v 0.120212 -2.024950 -0.860835
v 0.219387 -0.520579 0.448642
v 0.367066 -1.050715 0.099932
v 0.229312 -1.629819 -0.457697
v 0.295704 -1.040650 0.109634
v -0.023654 -0.436614 0.374109
v -0.004009 -0.667435 0.409692
v 0.041176 -0.394045 0.442405
v 0.193637 -0.551270 0.438020
v 0.189740 -0.555845 0.438255
v 0.387243 -0.794845 0.401027
v 0.353179 -1.071565 0.122571
v 0.385255 -0.795981 0.401724
v 0.385192 -0.796058 0.401735
v 0.374956 -1.019544 0.069507
v 0.185860 -0.564429 0.447183
v 0.380260 -1.022191 0.070454
v 0.185808 -1.527482 -0.542291
v 0.137547 -1.510794 -0.547265
v 0.255226 -0.792731 0.358161
v 0.128443 -0.728455 0.242448
v 0.143724 -0.772198 0.299239
v 0.147190 -0.781791 0.311423
v 0.302868 -1.052663 0.118670
v 0.356962 -1.072588 0.122516
v 0.151187 -0.736326 0.208226
v 0.150533 -0.736148 0.209405
v 0.467563 -0.838939 0.432126
v 0.154355 -0.736556 0.209329
v 0.151289 -0.736415 0.208185
v 0.051455 -0.395426 0.470639
v 0.151766 -0.736498 0.207589
v 0.171236 -0.810881 0.318399
v 0.434246 -0.904445 0.354236
v 0.308737 -0.996022 0.026568
v 0.531051 -1.079791 0.042925
v 0.369873 -0.830909 0.394517
v 0.380717 -0.807309 0.399129
v 0.369493 -0.830893 0.394262
v 0.273258 -0.825238 0.358412
v 0.273835 -0.826494 0.357437
v 0.493468 -1.163379 0.130304
v 0.087033 -1.893347 -0.890711
v 0.162317 -1.440654 -0.468545
v 0.103727 -0.691496 0.220782
v 0.283936 -1.654583 -0.409633
v 0.265666 -0.812428 0.354487
v -0.003983 -0.665032 0.404672
v 0.037909 -0.701746 0.387824
v -0.002859 -0.598588 0.264283
v -0.034629 -1.737558 -0.793533
v -0.054509 -1.781002 -0.748951
v 0.123339 -1.526852 -0.379172
v -0.071054 -0.521141 0.309318
v -0.100570 -1.790009 -0.730393
v 0.130495 -1.432993 -0.426577
v -0.057119 -0.476776 0.378071
v -0.091203 -0.551916 0.456101
v 0.050167 -1.414155 -0.514465
v 0.088778 -1.463648 -0.545422
v -0.027340 -1.974883 -0.877081
v 0.425067 -0.908764 0.310075
v -0.089128 -0.280181 0.495327
v 0.235244 -1.614006 -0.603226
v 0.196909 -1.306100 -0.347898
v 0.309348 -0.782887 0.363247
v 0.309552 -0.783065 0.363166
v 0.044320 -1.315482 -0.399182
v -0.027321 -0.617626 0.245021
v 0.367399 -1.398964 -0.360832
v -0.020376 -0.609962 0.245687
v 0.005279 -1.401757 -0.309799
v 0.406082 -1.448509 -0.391742
v 0.409194 -0.746573 0.350998
v 0.404252 -0.757336 0.362312
v 0.051616 -1.985377 -0.851557
v 0.075801 -1.421259 -0.275289
v 0.020681 -1.438325 -0.315946
v 0.408384 -0.745246 0.349230
v 0.391732 -1.400178 -0.329076
v 0.408032 -0.744790 0.348568
v 0.067153 -1.936791 -0.846130
v 0.380070 -1.024326 0.067983
v 0.356590 -1.075234 0.119970
v 0.142451 -0.899097 0.232719
v 0.141052 -0.899077 0.232102
v -0.032381 -1.968466 -0.920594
v 0.472557 -0.820222 0.267301
v -0.013252 -1.925749 -0.965473
v -0.107788 -1.733496 -0.678192
v 0.011732 -1.888645 -0.966552
v 0.180785 -0.814783 0.145638
v 0.177275 -0.814703 0.144250
v 0.406789 -0.749296 0.309577
v 0.407905 -0.746630 0.336389
v 0.309859 -1.444733 -0.269222
v 0.307388 -1.450115 -0.263565
v 0.406378 -0.749243 0.309409
v 0.313037 -1.406759 -0.219149
v 0.307732 -1.457672 -0.279539
v 0.306213 -1.459276 -0.272873
v 0.091385 -1.898095 -0.941571
v 0.330243 -1.399779 -0.315871
v 0.058925 -1.384142 -0.270126
v -0.061592 -1.703810 -0.819766
v 0.324987 -1.439101 -0.356041
v 0.136681 -1.411266 -0.262047
v 0.310451 -1.372003 -0.337248
v 0.310348 -1.372065 -0.337372
v 0.120502 -1.387153 -0.281039
v 0.118761 -1.384570 -0.282987
v -0.068707 -1.646864 -0.768514
v -0.102378 -1.650955 -0.739788
v -0.122258 -1.694399 -0.695207
v 0.447798 -0.858059 0.256881
v 0.052494 -1.635814 -0.561981
v 0.307864 -1.372499 -0.342981
v 0.328296 -1.397169 -0.317903
v 0.302430 -0.763110 0.337602
v 0.061538 -1.629944 -0.552490
v 0.250698 -0.786470 0.349427
v 0.272844 -0.738399 0.299095
v 0.141564 -0.989523 -0.002695
v 0.252463 -0.782526 0.345164
v -0.135629 -1.769336 -0.868014
v 0.260373 -0.765591 0.327459
v -0.154790 -1.812167 -0.823212
v -0.136599 -1.835413 -0.789815
v 0.078951 -1.652120 -0.519710
v -0.097558 -1.749138 -0.879198
v -0.065196 -0.701508 0.332307
v -0.076243 -0.696845 0.295081
v 0.310237 -0.743549 0.273461
v -0.062756 -0.703000 0.341582
v -0.053586 -0.646611 0.242750
v 0.301546 -1.402984 -0.379070
v 0.068953 -1.331755 -0.426632
v 0.124072 -1.314689 -0.385975
v 0.293632 -1.453134 -0.257761
v 0.097965 -1.298389 -0.358600
v 0.175294 -1.325204 -0.350805
v 0.175489 -1.325405 -0.351108
v 0.185772 -1.036597 -0.079817
v 0.118843 -1.039833 0.049647
v 0.140614 -1.064962 0.082141
v 0.194969 -1.218145 -0.261644
v 0.195104 -1.305231 -0.345706
v 0.288580 -1.367199 -0.351031
v 0.141451 -1.334070 -0.335078
v 0.120550 -0.820953 0.298160
v 0.134895 -0.818262 0.303794
v 0.121911 -0.825721 0.294275
v 0.155407 -0.740169 0.206328
v 0.268452 -1.972580 -0.745185
v 0.282650 -1.496224 -0.421947
v 0.276477 -1.906071 -0.677119
v 0.370136 -1.786065 -0.663737
v 0.350185 -1.829457 -0.619203
v 0.250917 -1.872298 -0.703325
# 438 vertices

g group_2_14528853

usemtl color_14528853
s 0

f 504 	505 	503
f 503 	505 	506
f 509 	503 	508
f 506 	508 	503
f 502 	513 	501
f 509 	508 	514
f 511 	515 	507
f 877 	511 	507
f 510 	501 	513
f 523 	536 	509
f 514 	523 	509
f 506 	514 	508
f 506 	505 	520
f 506 	523 	514
f 520 	526 	506
f 523 	506 	526
f 521 	522 	534
f 528 	644 	537
f 538 	530 	852
f 540 	542 	526
f 523 	533 	526
f 544 	532 	523
f 532 	533 	523
f 540 	526 	533
f 515 	806 	529
f 543 	908 	531
f 547 	549 	550
f 537 	595 	528
f 524 	528 	595
f 802 	812 	553
f 826 	553 	812
f 802 	553 	555
f 548 	545 	554
f 527 	525 	672
f 671 	672 	525
f 525 	535 	671
f 512 	681 	551
f 672 	541 	527
f 524 	595 	531
f 559 	560 	561
f 672 	675 	541
f 743 	543 	528
f 523 	534 	536
f 863 	536 	534
f 534 	523 	526
f 531 	595 	543
f 543 	743 	539
f 531 	528 	543
f 524 	528 	531
f 743 	528 	537
f 727 	726 	537
f 558 	564 	562
f 558 	552 	564
f 563 	565 	567
f 568 	569 	567
f 563 	567 	569
f 569 	814 	563
f 557 	530 	556
f 565 	563 	571
f 672 	571 	563
f 575 	556 	530
f 538 	574 	530
f 570 	825 	537
f 501 	512 	502
f 570 	727 	537
f 574 	575 	530
f 512 	501 	566
f 628 	565 	571
f 575 	554 	556
f 576 	554 	575
f 545 	556 	554
f 571 	862 	578
f 571 	578 	567
f 571 	567 	565
f 862 	794 	578
f 528 	756 	537
f 580 	581 	546
f 832 	543 	539
f 582 	544 	536
f 523 	536 	544
f 543 	832 	531
f 585 	586 	533
f 577 	580 	546
f 587 	899 	588
f 581 	580 	612
f 519 	746 	590
f 580 	577 	608
f 565 	572 	533
f 540 	533 	572
f 571 	565 	533
f 586 	571 	533
f 554 	584 	548
f 584 	583 	548
f 746 	592 	590
f 598 	856 	593
f 532 	596 	597
f 532 	597 	599
f 532 	599 	600
f 532 	600 	585
f 532 	585 	533
f 601 	856 	598
f 588 	595 	587
f 589 	595 	588
f 602 	596 	582
f 544 	582 	596
f 544 	596 	532
f 593 	603 	598
f 601 	598 	603
f 587 	595 	591
f 595 	774 	592
f 588 	743 	587
f 606 	593 	594
f 601 	598 	606
f 598 	593 	606
f 584 	583 	536
f 614 	610 	917
f 917 	615 	614
f 807 	605 	535
f 616 	610 	614
f 589 	743 	588
f 924 	613 	526
f 523 	526 	613
f 536 	523 	613
f 536 	613 	617
f 617 	666 	536
f 590 	592 	774
f 519 	590 	774
f 613 	622 	617
f 621 	609 	619
f 611 	609 	621
f 609 	610 	619
f 618 	619 	610
f 618 	610 	614
f 615 	921 	618
f 614 	615 	618
f 937 	620 	517
f 591 	595 	592
f 540 	572 	607
f 540 	607 	542
f 587 	743 	591
f 627 	928 	625
f 618 	928 	627
f 606 	625 	928
f 607 	572 	547
f 572 	565 	547
f 565 	628 	547
f 592 	743 	590
f 519 	590 	743
f 592 	591 	743
f 631 	632 	603
f 631 	603 	593
f 626 	612 	580
f 635 	636 	634
f 633 	634 	636
f 637 	638 	636
f 633 	636 	638
f 620 	644 	517
f 639 	629 	630
f 589 	539 	595
f 539 	543 	595
f 608 	626 	580
f 616 	641 	643
f 645 	610 	643
f 616 	643 	610
f 566 	653 	546
f 675 	624 	541
f 610 	645 	647
f 610 	647 	614
f 566 	546 	679
f 539 	743 	589
f 521 	534 	504
f 505 	504 	534
f 526 	520 	505
f 526 	505 	534
f 578 	579 	646
f 841 	651 	652
f 567 	578 	568
f 646 	568 	578
f 657 	646 	579
f 658 	659 	559
f 658 	559 	561
f 546 	653 	577
f 871 	894 	573
f 719 	512 	551
f 634 	633 	657
f 579 	657 	633
f 719 	502 	512
f 566 	501 	653
f 567 	640 	607
f 633 	640 	578
f 579 	633 	578
f 567 	578 	640
f 542 	607 	640
f 640 	642 	542
f 542 	642 	521
f 542 	521 	534
f 542 	534 	526
f 614 	927 	615
f 527 	664 	665
f 632 	666 	617
f 631 	666 	632
f 584 	536 	666
f 659 	658 	667
f 631 	562 	666
f 561 	560 	667
f 561 	667 	658
f 631 	593 	598
f 631 	598 	666
f 584 	666 	564
f 655 	894 	652
f 583 	584 	666
f 598 	601 	666
f 601 	886 	666
f 583 	666 	886
f 527 	541 	664
f 584 	554 	666
f 576 	639 	554
f 666 	554 	630
f 630 	554 	639
f 631 	666 	630
f 541 	673 	664
f 674 	671 	535
f 648 	595 	669
f 595 	662 	669
f 535 	605 	674
f 552 	623 	859
f 624 	673 	541
f 539 	589 	832
f 588 	587 	832
f 695 	832 	587
f 589 	588 	832
f 546 	581 	679
f 583 	886 	889
f 545 	548 	889
f 583 	889 	548
f 605 	821 	674
f 670 	719 	685
f 680 	574 	684
f 683 	684 	574
f 575 	574 	680
f 574 	686 	683
f 686 	688 	683
f 687 	688 	686
f 682 	683 	688
f 551 	681 	691
f 678 	677 	623
f 685 	551 	689
f 538 	611 	574
f 621 	574 	611
f 512 	690 	681
f 623 	552 	678
f 551 	691 	689
f 594 	629 	692
f 575 	692 	629
f 575 	629 	639
f 575 	639 	576
f 730 	681 	729
f 594 	692 	606
f 695 	606 	692
f 618 	627 	619
f 698 	566 	679
f 656 	663 	739
f 695 	625 	606
f 698 	679 	710
f 693 	699 	685
f 627 	625 	700
f 698 	690 	512
f 699 	670 	685
f 702 	621 	619
f 698 	512 	566
f 822 	705 	663
f 852 	704 	703
f 729 	690 	707
f 690 	698 	707
f 706 	707 	698
f 677 	704 	623
f 592 	835 	591
f 591 	835 	587
f 704 	677 	740
f 693 	685 	689
f 852 	623 	704
f 694 	693 	689
f 703 	704 	740
f 691 	701 	697
f 691 	668 	701
f 697 	694 	689
f 712 	714 	715
f 738 	678 	696
f 689 	691 	697
f 696 	552 	558
f 751 	716 	718
f 751 	663 	705
f 551 	685 	719
f 552 	696 	678
f 596 	672 	671
f 518 	774 	716
f 723 	714 	710
f 719 	513 	502
f 519 	743 	518
f 711 	710 	712
f 724 	741 	722
f 712 	710 	714
f 649 	821 	605
f 577 	653 	722
f 709 	718 	708
f 743 	742 	718
f 716 	743 	718
f 716 	518 	743
f 722 	653 	724
f 726 	727 	644
f 649 	661 	725
f 668 	691 	681
f 570 	644 	761
f 608 	577 	722
f 690 	729 	681
f 653 	501 	724
f 661 	728 	725
f 858 	730 	729
f 707 	853 	729
f 749 	748 	715
f 726 	783 	537
f 735 	782 	733
f 709 	708 	843
f 731 	732 	734
f 678 	738 	677
f 705 	746 	751
f 737 	721 	741
f 737 	741 	710
f 738 	740 	677
f 656 	739 	650
f 721 	722 	741
f 720 	742 	743
f 743 	770 	720
f 620 	720 	770
f 626 	608 	744
f 744 	759 	626
f 688 	760 	682
f 720 	745 	742
f 612 	626 	747
f 748 	749 	723
f 714 	723 	749
f 620 	770 	772
f 747 	626 	759
f 714 	749 	715
f 900 	715 	748
f 737 	581 	612
f 831 	830 	604
f 721 	747 	759
f 769 	795 	723
f 737 	612 	747
f 730 	752 	681
f 721 	737 	747
f 731 	734 	750
f 753 	754 	755
f 858 	860 	730
f 604 	750 	734
f 744 	608 	722
f 620 	783 	644
f 726 	644 	783
f 684 	756 	680
f 721 	744 	722
f 766 	709 	843
f 708 	760 	843
f 720 	843 	760
f 746 	716 	751
f 737 	679 	581
f 738 	825 	727
f 760 	745 	720
f 663 	751 	843
f 663 	843 	739
f 762 	763 	758
f 727 	761 	644
f 721 	759 	744
f 765 	698 	764
f 710 	771 	698
f 743 	742 	740
f 765 	706 	698
f 727 	761 	726
f 756 	726 	761
f 742 	745 	740
f 788 	763 	762
f 724 	501 	510
f 760 	740 	745
f 788 	762 	789
f 901 	789 	762
f 790 	706 	676
f 709 	766 	703
f 745 	718 	742
f 510 	837 	724
f 905 	795 	901
f 903 	795 	905
f 764 	676 	765
f 760 	708 	740
f 709 	740 	708
f 676 	706 	765
f 769 	681 	758
f 837 	741 	724
f 760 	718 	745
f 708 	718 	760
f 737 	710 	679
f 688 	687 	766
f 709 	708 	766
f 688 	766 	708
f 763 	769 	758
f 764 	698 	771
f 771 	710 	711
f 654 	780 	768
f 710 	741 	837
f 775 	776 	777
f 775 	777 	778
f 648 	779 	595
f 771 	816 	676
f 764 	771 	676
f 710 	837 	723
f 774 	595 	779
f 650 	654 	768
f 758 	681 	781
f 752 	781 	681
f 838 	774 	779
f 768 	767 	650
f 735 	725 	782
f 728 	782 	725
f 736 	733 	782
f 736 	782 	784
f 620 	772 	783
f 668 	757 	785
f 753 	786 	777
f 776 	754 	777
f 753 	777 	754
f 650 	773 	656
f 757 	681 	769
f 668 	681 	757
f 767 	773 	650
f 754 	776 	775
f 754 	775 	755
f 787 	668 	785
f 738 	772 	770
f 743 	740 	770
f 738 	770 	740
f 787 	785 	670
f 821 	649 	725
f 525 	527 	665
f 769 	763 	788
f 769 	788 	789
f 789 	795 	769
f 772 	738 	783
f 727 	726 	738
f 783 	738 	726
f 706 	790 	854
f 733 	791 	735
f 787 	670 	699
f 792 	790 	676
f 817 	676 	816
f 676 	793 	792
f 634 	794 	635
f 703 	839 	852
f 771 	711 	818
f 771 	818 	816
f 748 	723 	795
f 819 	818 	712
f 789 	901 	795
f 728 	796 	782
f 670 	785 	842
f 852 	839 	538
f 711 	712 	818
f 819 	712 	715
f 795 	903 	748
f 900 	748 	903
f 797 	751 	798
f 799 	553 	715
f 553 	826 	715
f 881 	663 	656
f 751 	718 	798
f 693 	694 	810
f 694 	697 	810
f 656 	773 	881
f 766 	797 	703
f 797 	798 	703
f 728 	794 	796
f 664 	854 	665
f 854 	790 	665
f 693 	810 	699
f 784 	782 	803
f 791 	803 	782
f 791 	782 	804
f 792 	793 	665
f 790 	792 	665
f 815 	624 	675
f 511 	805 	806
f 515 	511 	806
f 525 	665 	535
f 766 	797 	709
f 718 	709 	797
f 718 	797 	798
f 661 	815 	728
f 805 	511 	808
f 701 	668 	787
f 657 	635 	794
f 808 	809 	805
f 537 	644 	570
f 665 	807 	535
f 800 	529 	806
f 761 	825 	570
f 809 	808 	811
f 665 	817 	807
f 761 	727 	570
f 728 	814 	794
f 825 	662 	595
f 813 	605 	807
f 604 	713 	831
f 646 	657 	569
f 814 	569 	657
f 794 	814 	657
f 797 	766 	687
f 797 	687 	686
f 929 	820 	930
f 830 	731 	750
f 823 	797 	574
f 686 	574 	797
f 797 	823 	798
f 794 	634 	657
f 756 	528 	832
f 524 	832 	528
f 815 	661 	624
f 813 	649 	605
f 570 	537 	756
f 761 	570 	756
f 793 	676 	817
f 728 	815 	814
f 823 	835 	518
f 716 	823 	518
f 573 	660 	636
f 718 	798 	716
f 823 	716 	798
f 818 	819 	820
f 651 	637 	652
f 637 	636 	652
f 594 	856 	669
f 629 	594 	669
f 660 	655 	636
f 648 	847 	779
f 629 	669 	662
f 847 	648 	851
f 610 	609 	917
f 655 	652 	636
f 733 	522 	791
f 786 	778 	777
f 822 	663 	881
f 538 	839 	611
f 839 	838 	611
f 609 	611 	838
f 770 	537 	783
f 743 	537 	770
f 772 	770 	783
f 828 	801 	800
f 824 	828 	800
f 825 	696 	558
f 725 	735 	503
f 827 	828 	829
f 738 	696 	825
f 803 	791 	522
f 869 	834 	713
f 819 	715 	826
f 819 	826 	820
f 717 	869 	713
f 824 	829 	828
f 810 	697 	701
f 665 	793 	817
f 717 	893 	869
f 787 	699 	810
f 828 	812 	802
f 801 	828 	802
f 806 	805 	824
f 806 	824 	800
f 823 	574 	621
f 702 	823 	621
f 824 	805 	811
f 809 	811 	805
f 701 	787 	810
f 692 	575 	832
f 680 	756 	832
f 575 	680 	832
f 692 	832 	695
f 817 	816 	807
f 524 	531 	832
f 627 	700 	835
f 818 	820 	807
f 816 	818 	807
f 884 	830 	822
f 619 	835 	702
f 823 	702 	835
f 627 	835 	619
f 590 	519 	835
f 519 	518 	835
f 700 	625 	835
f 929 	807 	820
f 769 	836 	757
f 835 	592 	590
f 826 	930 	820
f 742 	743 	683
f 770 	683 	743
f 785 	836 	842
f 695 	587 	625
f 625 	587 	835
f 813 	841 	649
f 760 	745 	682
f 785 	757 	836
f 931 	813 	929
f 684 	683 	770
f 684 	770 	772
f 761 	727 	825
f 595 	537 	825
f 718 	716 	774
f 518 	519 	774
f 831 	822 	830
f 756 	684 	783
f 772 	783 	684
f 807 	929 	813
f 750 	604 	830
f 756 	783 	726
f 709 	703 	740
f 513 	836 	510
f 837 	510 	836
f 688 	708 	760
f 769 	723 	836
f 837 	836 	723
f 774 	838 	839
f 742 	682 	745
f 842 	719 	670
f 798 	774 	703
f 718 	774 	798
f 842 	513 	719
f 739 	843 	720
f 839 	703 	774
f 836 	513 	842
f 641 	616 	844
f 622 	603 	632
f 766 	843 	797
f 751 	797 	843
f 622 	632 	617
f 848 	833 	516
f 845 	846 	555
f 553 	799 	555
f 845 	555 	799
f 850 	516 	833
f 833 	848 	850
f 902 	516 	550
f 853 	707 	854
f 706 	854 	707
f 857 	669 	856
f 858 	729 	853
f 516 	607 	550
f 547 	550 	607
f 752 	730 	860
f 874 	752 	860
f 849 	859 	852
f 623 	852 	859
f 856 	883 	857
f 648 	669 	857
f 912 	758 	877
f 780 	855 	840
f 593 	856 	594
f 780 	933 	855
f 781 	752 	877
f 873 	877 	752
f 834 	831 	713
f 860 	858 	664
f 664 	853 	854
f 796 	862 	782
f 804 	782 	863
f 853 	664 	858
f 815 	563 	814
f 705 	822 	861
f 664 	673 	874
f 864 	813 	931
f 861 	822 	831
f 841 	813 	864
f 767 	768 	866
f 874 	860 	664
f 651 	841 	864
f 651 	864 	865
f 768 	780 	866
f 804 	863 	791
f 522 	791 	863
f 522 	863 	534
f 767 	866 	868
f 867 	673 	624
f 637 	651 	638
f 868 	870 	773
f 732 	731 	891
f 773 	767 	868
f 865 	638 	651
f 840 	866 	780
f 796 	794 	862
f 657 	579 	794
f 579 	578 	794
f 638 	733 	736
f 638 	736 	784
f 638 	784 	633
f 932 	871 	872
f 784 	803 	736
f 646 	569 	568
f 906 	904 	866
f 661 	867 	624
f 859 	564 	552
f 736 	642 	784
f 640 	784 	642
f 873 	752 	874
f 876 	564 	875
f 859 	875 	564
f 781 	877 	758
f 803 	521 	736
f 633 	784 	640
f 872 	871 	573
f 638 	521 	733
f 912 	762 	758
f 876 	875 	878
f 673 	873 	874
f 821 	725 	503
f 873 	673 	877
f 636 	635 	573
f 872 	573 	635
f 511 	877 	673
f 876 	875 	880
f 879 	880 	875
f 522 	733 	521
f 638 	865 	521
f 791 	503 	735
f 779 	847 	916
f 504 	503 	521
f 773 	870 	881
f 522 	521 	503
f 522 	503 	791
f 875 	859 	882
f 857 	851 	648
f 522 	521 	803
f 642 	736 	521
f 857 	883 	851
f 674 	821 	509
f 884 	881 	870
f 879 	875 	882
f 879 	882 	885
f 822 	881 	884
f 856 	601 	886
f 883 	856 	886
f 927 	859 	849
f 731 	830 	884
f 585 	586 	672
f 599 	600 	672
f 596 	597 	672
f 919 	851 	883
f 889 	890 	883
f 597 	599 	672
f 886 	889 	883
f 932 	511 	867
f 596 	671 	602
f 622 	613 	603
f 932 	867 	871
f 891 	731 	884
f 875 	597 	878
f 867 	661 	894
f 871 	867 	894
f 891 	884 	909
f 673 	867 	511
f 613 	924 	889
f 596 	878 	597
f 602 	878 	596
f 516 	902 	848
f 596 	782 	597
f 906 	893 	892
f 894 	649 	841
f 862 	597 	782
f 863 	782 	596
f 863 	596 	602
f 894 	661 	649
f 579 	578 	872
f 635 	657 	872
f 657 	579 	872
f 660 	573 	894
f 891 	909 	892
f 893 	717 	895
f 604 	895 	713
f 894 	655 	660
f 888 	887 	859
f 927 	896 	859
f 888 	859 	896
f 895 	717 	713
f 859 	887 	897
f 882 	859 	897
f 892 	732 	891
f 585 	672 	600
f 841 	652 	894
f 892 	734 	732
f 895 	604 	734
f 846 	845 	898
f 600 	599 	882
f 799 	715 	900
f 893 	734 	892
f 734 	893 	895
f 515 	529 	762
f 901 	762 	529
f 868 	866 	904
f 599 	597 	882
f 875 	882 	597
f 898 	845 	799
f 898 	799 	900
f 898 	900 	903
f 898 	903 	905
f 597 	862 	599
f 907 	906 	866
f 840 	907 	866
f 529 	800 	901
f 905 	901 	801
f 600 	599 	862
f 800 	801 	901
f 868 	904 	909
f 528 	524 	908
f 534 	865 	924
f 521 	865 	534
f 563 	815 	675
f 892 	904 	906
f 559 	659 	802
f 802 	555 	559
f 892 	909 	904
f 924 	526 	534
f 644 	528 	908
f 909 	870 	868
f 586 	571 	672
f 560 	559 	555
f 846 	898 	555
f 589 	899 	539
f 589 	588 	899
f 543 	539 	899
f 516 	578 	567
f 516 	567 	607
f 659 	667 	802
f 667 	905 	802
f 801 	802 	905
f 587 	591 	899
f 675 	672 	563
f 899 	908 	543
f 524 	531 	908
f 585 	600 	628
f 516 	872 	578
f 519 	518 	746
f 716 	746 	518
f 560 	555 	667
f 667 	555 	898
f 905 	667 	898
f 571 	586 	628
f 586 	585 	628
f 882 	628 	600
f 507 	912 	877
f 600 	862 	585
f 899 	591 	592
f 893 	906 	907
f 571 	586 	862
f 586 	585 	862
f 829 	824 	850
f 912 	515 	762
f 507 	515 	912
f 592 	746 	899
f 603 	613 	886
f 603 	886 	601
f 893 	907 	869
f 896 	628 	888
f 887 	888 	628
f 882 	897 	628
f 886 	613 	889
f 821 	503 	509
f 887 	628 	897
f 828 	827 	913
f 888 	885 	887
f 890 	889 	606
f 889 	886 	606
f 601 	606 	886
f 884 	870 	909
f 674 	509 	671
f 516 	850 	824
f 834 	869 	907
f 882 	897 	885
f 897 	887 	885
f 896 	885 	888
f 915 	885 	896
f 838 	916 	917
f 536 	671 	509
f 582 	671 	536
f 834 	907 	840
f 838 	917 	609
f 582 	602 	671
f 536 	878 	582
f 855 	834 	840
f 548 	878 	583
f 548 	918 	878
f 876 	878 	918
f 536 	583 	878
f 917 	919 	920
f 917 	920 	921
f 615 	917 	921
f 602 	582 	878
f 834 	855 	861
f 876 	880 	918
f 916 	847 	919
f 861 	831 	834
f 582 	863 	602
f 536 	863 	582
f 547 	922 	549
f 847 	851 	919
f 890 	889 	924
f 923 	890 	924
f 916 	919 	917
f 928 	902 	925
f 926 	920 	925
f 916 	838 	779
f 925 	643 	641
f 925 	641 	926
f 932 	872 	811
f 811 	872 	824
f 645 	849 	557
f 922 	547 	628
f 643 	628 	647
f 927 	647 	628
f 925 	628 	643
f 922 	628 	925
f 849 	645 	927
f 647 	927 	645
f 550 	922 	902
f 549 	922 	550
f 922 	925 	902
f 614 	647 	927
f 883 	890 	928
f 920 	919 	928
f 883 	928 	919
f 628 	896 	927
f 911 	914 	923
f 616 	926 	844
f 887 	920 	927
f 896 	888 	927
f 888 	887 	927
f 929 	930 	828
f 812 	828 	930
f 647 	556 	927
f 896 	927 	556
f 896 	556 	915
f 897 	889 	887
f 616 	920 	926
f 614 	615 	616
f 826 	812 	930
f 875 	545 	882
f 918 	545 	876
f 875 	876 	545
f 545 	889 	882
f 897 	882 	889
f 928 	925 	920
f 921 	920 	616
f 615 	921 	616
f 915 	545 	885
f 918 	880 	545
f 879 	545 	880
f 879 	885 	545
f 556 	545 	915
f 910 	911 	923
f 921 	920 	618
f 928 	618 	920
f 902 	923 	914
f 923 	924 	910
f 913 	910 	924
f 647 	645 	643
f 645 	557 	556
f 645 	556 	647
f 844 	926 	641
f 902 	928 	923
f 902 	914 	848
f 662 	825 	558
f 890 	923 	928
f 630 	629 	558
f 865 	864 	931
f 931 	828 	865
f 929 	828 	931
f 924 	865 	828
f 606 	928 	890
f 828 	913 	924
f 808 	511 	932
f 921 	927 	920
f 615 	927 	921
f 811 	808 	932
f 516 	824 	872
f 755 	775 	753
f 786 	753 	775
f 786 	775 	778
f 889 	890 	928
f 889 	928 	920
f 889 	920 	887
f 827 	829 	850
f 827 	850 	848
f 827 	848 	914
f 911 	910 	914
f 827 	914 	910
f 827 	910 	913
f 654 	933 	780
f 584 	564 	583
f 548 	564 	918
f 876 	918 	564
f 564 	548 	583
f 683 	934 	742
f 742 	934 	682
f 682 	934 	683
f 855 	933 	935
f 562 	631 	630
f 938 	861 	935
f 562 	630 	558
f 564 	666 	562
f 935 	861 	855
f 662 	558 	629
f 650 	936 	937
f 654 	650 	937
f 650 	739 	936
f 530 	849 	852
f 557 	849 	530
f 517 	935 	933
f 517 	644 	935
f 908 	935 	644
f 720 	936 	739
f 720 	620 	936
f 937 	936 	620
f 938 	705 	861
f 899 	746 	938
f 705 	938 	746
f 935 	908 	938
f 938 	908 	899
f 654 	937 	517
f 517 	933 	654
# 1032 faces

 #end of obj_2

o obj_3
v -1.151190 0.745752 1.251045
v -1.150481 0.787634 1.162624
v -1.176082 0.730994 1.221684
v -1.154795 0.742364 1.249389
v -0.431617 -0.624933 0.292112
v 0.224298 -0.456122 0.692915
v 0.046253 -0.300556 0.765119
v 0.027492 -0.340606 0.745986
v 0.175130 -0.469606 0.686104
v 0.220694 -0.459510 0.691259
v -0.779053 -0.252153 0.538902
v -0.761634 -0.233325 0.534727
v -0.437736 -0.622141 0.322145
v -1.164402 0.700852 1.229657
v -1.016763 0.571851 1.169774
v -0.973114 0.590147 1.178754
v -0.405828 -0.606949 0.303147
v 0.199478 -0.470931 0.663601
v 0.225007 -0.414240 0.604493
v 0.070769 -0.244482 0.645773
v 0.070333 -0.244414 0.646505
v 0.218407 -0.373482 0.585891
v -0.973486 0.667975 1.069562
v -0.973073 0.667293 1.069885
v -0.398693 -0.566107 0.308114
v -0.405828 -0.606949 0.303147
v -1.121125 0.796976 1.129444
v -1.129768 0.225898 0.807933
v -0.956423 0.642672 1.084229
v -0.956436 0.642975 1.083524
v 0.198997 -0.373325 0.577478
v -1.353963 -0.055784 0.441315
v 0.064154 -0.247410 0.640913
v -1.020365 -0.118186 0.562761
v -0.806928 -0.094076 0.650064
v -0.716129 -0.217075 0.262811
v 0.057903 -0.250354 0.635275
v -0.788709 -0.107544 0.337296
v -1.438797 0.081756 0.264530
v -1.157339 0.214695 0.815669
v 0.057530 -0.250209 0.635996
v -1.101743 -0.047080 0.595785
v -1.084812 0.105080 0.412467
v -0.707332 -0.178651 0.304273
v -0.710183 -0.099260 0.379572
v -1.109955 0.174412 0.468293
v 0.224325 -0.405544 0.588188
v 0.224032 -0.405209 0.587941
v 0.205365 -0.378888 0.574902
v -1.412601 0.092182 0.255268
v 0.040934 -0.245306 0.662568
v 0.043842 -0.297014 0.763326
v -0.981061 -0.216365 0.484473
v -1.419550 0.164202 0.322549
v -0.982247 -0.205725 0.458584
v -0.857610 -0.260399 0.496715
v -1.092039 0.359563 0.664565
v -1.076603 0.343527 0.685904
v -1.020058 -0.108717 0.536299
v -0.805491 -0.127367 0.345553
v -0.412268 -0.593015 0.339511
v -0.776232 -0.331506 0.463691
v -1.308414 0.083702 0.294221
v -0.405561 -0.560948 0.341444
v -1.145663 -0.040149 0.547803
v -0.734531 -0.230557 0.277276
v -1.099974 -0.038896 0.568673
v -0.784966 -0.369853 0.422219
v -0.172149 -0.625317 0.350462
v -1.270408 0.261054 0.481487
v -1.038248 0.183579 0.539568
v -0.184713 -0.619383 0.382020
v -1.244228 0.236793 0.478692
v -1.212493 0.209068 0.465848
v -0.750122 0.031897 0.518782
v -0.754110 0.038664 0.494357
v -1.213580 0.211396 0.458409
v -0.725544 -0.197226 0.313091
v -0.926597 0.086033 0.494351
v -1.131800 0.037266 0.654093
v -1.131121 0.038045 0.654343
v -0.860164 -0.248435 0.471376
v -1.106740 0.034182 0.671926
v -1.448429 0.263543 0.704743
v -0.192821 -0.370516 0.407980
v -1.114349 0.054800 0.658599
v -1.428465 0.286606 0.718066
v -1.432962 0.247469 0.725995
v -1.095045 0.058000 0.669999
v -0.360345 -0.505448 0.196614
v -0.789164 -0.351639 0.403235
v -1.389595 0.299723 0.710190
v -1.111302 0.056698 0.658408
v -1.106088 0.060046 0.658019
v -0.236035 -0.466563 0.508182
v -0.206037 -0.363881 0.439808
v -0.379028 -0.507648 0.168884
v -0.780248 -0.318256 0.439003
v -0.372396 -0.477288 0.171176
v -1.149426 0.794815 1.145636
v -0.236554 -0.431671 0.510356
v -0.368145 -0.498355 0.237479
v -1.149177 0.794667 1.145101
v -1.130150 0.788057 1.116801
v -1.123783 0.782494 1.114225
v -1.339308 0.108198 0.640905
v -0.982743 0.658946 1.057570
v -1.210357 0.147575 0.398315
v -0.406931 -0.436017 0.462641
v -0.747748 -0.469701 0.342078
v -1.309703 0.091763 0.629460
v -1.277873 0.064229 0.616683
v -1.206140 0.038987 0.623429
v -1.177246 0.029002 0.626243
v -0.970659 0.589426 1.174898
v -1.178825 0.021520 0.627624
v -0.982268 0.658341 1.057883
v -0.966062 0.634288 1.071828
v -0.649598 -0.560507 0.287380
v -0.649881 -0.560367 0.288593
v -1.177968 0.490286 0.807720
v -0.400355 -0.403110 0.466113
v -1.282450 0.058504 0.617740
v -0.413118 -0.432309 0.494202
v -0.355409 -0.467882 0.209979
v -1.400309 0.270319 0.740463
v -1.370584 0.282274 0.733052
v -1.221182 0.394239 0.907922
v -1.153650 -0.047698 0.571875
v -1.188607 0.400210 0.896643
v -0.408155 -0.396017 0.506978
v -0.362284 -0.464824 0.241231
v -0.534366 -0.383462 0.190712
v -0.538724 -0.378281 0.184558
v -1.158090 0.468000 0.826095
v -0.644346 -0.556799 0.294512
v -0.558610 -0.362280 0.200538
v -1.212268 0.121656 0.408141
v -0.594597 -0.330826 0.215202
v -0.595654 -0.328535 0.207676
v -1.172765 -0.331242 0.259196
v -1.337995 0.116495 0.641026
v -1.295358 -0.218661 0.313677
v -1.175282 0.274006 0.780557
v -0.610738 -0.220715 0.314757
v -0.617566 -0.273839 0.260376
v -1.169465 -0.338659 0.283313
v -0.626697 -0.250869 0.278551
v -1.292049 -0.226207 0.337851
v -0.609446 -0.220804 0.317996
v -1.189477 0.246055 0.809209
v -1.151347 0.253374 0.808579
v -0.595960 -0.444476 0.134986
v -0.752764 -0.448544 0.325434
v -0.628875 -0.245951 0.273051
v -0.601465 -0.194259 0.335431
v -1.206307 0.262459 0.786991
v -1.382983 0.388107 0.611533
v -1.279257 -0.005280 0.557733
v -1.395911 0.380879 0.581468
v -0.601312 -0.221468 0.339678
v -0.585471 -0.421438 0.137196
v -0.141624 -0.557656 0.279972
v -0.141436 -0.523259 0.281807
v -0.588490 -0.436628 0.136330
v -1.115959 -0.205268 0.127914
v -0.785012 -0.384090 0.106756
v -0.601184 -0.221344 0.343214
v -1.367693 0.392374 0.574979
v -1.238552 -0.093210 0.183304
v -0.600962 -0.221141 0.348809
v -1.359047 0.367475 0.639555
v -0.611121 -0.243743 0.372370
v -0.739480 -0.623407 0.166321
v -0.682777 -0.497867 0.035988
v -0.929122 0.092038 0.468367
v -0.639182 -0.540023 0.234057
v -0.649022 -0.562043 0.257139
v -1.100628 -0.185880 0.123905
v -0.369870 -0.335434 0.395488
v -1.223149 -0.073351 0.178433
v -0.357041 -0.307865 0.364459
v -0.362078 -0.293906 0.400851
v -0.843079 -0.613846 0.130202
v -0.363654 -0.339893 0.362428
v -0.850635 -0.611908 0.158719
v -0.645561 -0.562606 0.266949
v -0.648755 -0.560902 0.282930
v -0.951465 0.034669 0.403343
v -1.032842 0.105775 0.436366
v -0.756704 -0.627911 0.185028
v -1.343450 0.395452 0.610931
v -1.327307 0.378398 0.632840
v -0.845773 -0.533087 0.236987
v -1.266909 0.000703 0.534042
v -0.675515 -0.365331 0.465137
v -0.673597 -0.363582 0.465640
v -1.433881 0.477154 0.862397
v -0.965354 0.012313 0.410388
v -1.414781 0.455414 0.881064
v -1.299259 0.065246 0.315403
v -0.670334 -0.347152 0.494762
v -0.434144 -0.381931 0.525622
v -0.839716 -0.505120 0.232667
v -0.440057 -0.412051 0.524623
v -0.658300 -0.347582 0.469812
v -1.045300 0.082172 0.442849
v -0.649952 -0.330909 0.489422
v -1.272693 0.261666 0.490251
v -1.403355 0.544814 0.791907
v -0.656541 -0.343758 0.470287
v -0.786345 -0.488344 -0.000219
v -1.371432 0.551486 0.780898
v -0.654064 -0.338693 0.470827
v -0.912223 -0.063586 0.325066
v -0.781735 -0.459053 -0.000699
v -0.927543 -0.084694 0.332673
v -0.584202 -0.415667 0.137580
v -0.584281 -0.416116 0.137630
v -0.687898 -0.475096 0.025707
v -0.374757 -0.267183 0.373520
v -0.380907 -0.264354 0.403640
v -1.346570 0.215433 0.443421
v -1.163030 0.358583 0.686778
v -0.582257 -0.414372 0.139658
v -1.144798 0.341682 0.709933
v -1.339131 0.223319 0.444853
v -1.133368 0.370461 0.679378
v -0.600148 -0.528225 0.341601
v -1.325862 0.228627 0.441442
v -0.776904 -0.380718 0.078565
v -0.607625 -0.531136 0.343976
v -0.593155 -0.205330 0.358991
v -1.090990 0.080918 0.421980
v -1.105239 0.355448 0.702365
v -1.319695 0.231181 0.440015
v -0.704837 -0.107746 0.404296
v -0.678847 -0.316846 0.182659
v -0.624116 -0.507273 0.351393
v -0.691566 -0.395372 0.429194
v -0.682602 -0.418482 0.410905
v -0.660018 -0.475651 0.365902
v -0.697775 -0.398806 0.432469
v -1.112172 0.173327 0.475520
v -1.140940 0.183466 0.472685
v -1.066450 0.181362 0.503337
v -0.664554 -0.481390 0.367094
v -1.043222 -0.438969 0.211388
v -0.986519 -0.313430 0.081055
v -1.492821 0.034845 0.471984
v -1.436016 0.160295 0.341611
v -1.065790 0.181351 0.505290
v -1.495531 -0.043746 0.394950
v -1.037840 0.187038 0.512508
v -1.388406 0.122997 0.539366
v -1.481501 -0.060673 0.414686
v -0.971115 -0.293571 0.076184
v -0.822947 -0.114114 0.653765
v -0.405797 -0.606986 0.303059
v -1.057087 0.180531 0.528268
v -0.983434 -0.039532 0.624647
v -0.405828 -0.606949 0.303147
v -1.040016 -0.446426 0.235602
v -1.488388 0.011424 0.481957
v -1.399663 0.097904 0.565661
v -1.052892 0.177638 0.535903
v -1.055729 0.179632 0.530733
v -0.698123 -0.327591 0.199534
v -1.396202 0.097341 0.575472
v -0.998022 -0.060817 0.627786
v -1.384895 0.085921 0.590750
v -1.385228 0.086271 0.590368
v -1.388271 0.089482 0.586206
v -1.060458 0.160898 0.553302
v -1.377211 -0.068719 0.452690
v -1.382059 0.087794 0.593810
v -0.977893 0.663101 1.063684
# 277 vertices

g group_3_9772161

usemtl color_9772161
s 0

f 941 	942 	940
f 939 	940 	942
f 946 	947 	945
f 947 	948 	945
f 944 	945 	948
f 953 	954 	952
f 942 	952 	954
f 942 	954 	939
f 948 	956 	957
f 948 	957 	944
f 958 	959 	960
f 968 	961 	962
f 1040 	963 	964
f 962 	961 	965
f 967 	968 	962
f 969 	958 	960
f 979 	971 	1023
f 958 	1023 	971
f 963 	999 	964
f 958 	971 	959
f 971 	969 	959
f 975 	969 	971
f 960 	959 	969
f 975 	971 	979
f 982 	976 	983
f 972 	1208 	980
f 957 	985 	986
f 957 	986 	987
f 957 	987 	969
f 957 	969 	975
f 957 	975 	979
f 957 	979 	989
f 957 	989 	990
f 957 	990 	945
f 957 	945 	944
f 1119 	1108 	988
f 977 	988 	1108
f 976 	1014 	983
f 956 	1007 	957
f 948 	947 	956
f 992 	988 	977
f 976 	982 	1016
f 958 	969 	1023
f 997 	993 	991
f 997 	991 	972
f 955 	999 	951
f 1005 	997 	972
f 998 	976 	1016
f 979 	1034 	989
f 949 	994 	1000
f 946 	945 	990
f 996 	1204 	995
f 972 	980 	1005
f 1034 	1039 	989
f 985 	957 	1007
f 1005 	980 	1067
f 988 	992 	1001
f 947 	1010 	956
f 1010 	1007 	956
f 1012 	995 	1183
f 1011 	995 	1012
f 955 	964 	999
f 1183 	1015 	1012
f 1049 	1050 	978
f 1036 	1006 	1000
f 963 	1002 	999
f 987 	1102 	969
f 1020 	998 	1036
f 1016 	1036 	998
f 1018 	1019 	978
f 1019 	1024 	978
f 1016 	982 	974
f 1031 	1032 	978
f 1004 	1016 	974
f 1143 	1167 	951
f 1012 	1015 	1011
f 991 	993 	1020
f 947 	1033 	1010
f 1008 	1011 	1015
f 947 	946 	1033
f 1019 	1018 	1021
f 991 	1020 	994
f 1031 	978 	1024
f 966 	978 	1032
f 1015 	984 	1046
f 994 	1020 	1036
f 1000 	994 	1036
f 1029 	1036 	1004
f 1017 	1013 	1014
f 1022 	1026 	1025
f 1027 	1024 	1021
f 1021 	1024 	1019
f 1013 	1199 	973
f 1026 	1064 	1025
f 1027 	1031 	1024
f 1031 	1027 	1032
f 1127 	1114 	1014
f 979 	1023 	1034
f 1036 	1029 	1006
f 1022 	1211 	1026
f 1028 	1035 	1037
f 1038 	1136 	940
f 1028 	1063 	1040
f 942 	941 	952
f 1016 	1004 	1036
f 1039 	1033 	946
f 946 	990 	1039
f 1060 	1039 	1034
f 990 	989 	1039
f 1033 	1047 	1002
f 1051 	978 	1050
f 1052 	978 	1051
f 1018 	978 	1052
f 954 	953 	1053
f 1052 	1054 	1018
f 1021 	1018 	1054
f 1010 	1033 	1002
f 1057 	1058 	1129
f 1054 	1052 	1051
f 1046 	984 	981
f 1053 	1068 	1056
f 1101 	963 	1040
f 1039 	1047 	1033
f 1055 	1073 	1045
f 1047 	1039 	1060
f 1061 	1054 	1051
f 1061 	1051 	1050
f 1059 	1045 	1073
f 1046 	981 	1076
f 1037 	1063 	1028
f 1061 	1097 	1054
f 1101 	1040 	1102
f 952 	1066 	953
f 1062 	1047 	1060
f 1102 	1040 	1070
f 1060 	1069 	1062
f 1066 	1068 	953
f 1068 	1053 	953
f 1095 	1065 	1064
f 1076 	1172 	1133
f 1044 	1061 	1049
f 1049 	1080 	1044
f 1063 	1070 	1040
f 1065 	1030 	1064
f 1073 	1056 	1068
f 1047 	1062 	999
f 1172 	1076 	981
f 1050 	1049 	1061
f 1075 	1159 	1071
f 1064 	1030 	1025
f 1072 	1078 	1075
f 1072 	1075 	1071
f 999 	1062 	951
f 1075 	1078 	1077
f 1028 	1040 	1197
f 1097 	1067 	1054
f 1065 	1095 	1066
f 943 	1035 	1028
f 1002 	1047 	999
f 1066 	1095 	1068
f 1095 	1082 	1068
f 1005 	1067 	1003
f 1060 	1121 	1069
f 1049 	978 	1080
f 1084 	1159 	1077
f 1084 	1086 	1159
f 1083 	1159 	1086
f 1083 	1088 	1159
f 1088 	1099 	1159
f 1106 	1159 	1099
f 1116 	1115 	943
f 1085 	1087 	1081
f 1085 	1081 	1079
f 951 	1062 	1143
f 1148 	1110 	1030
f 1115 	1113 	1091
f 1003 	1133 	1172
f 1090 	1082 	1089
f 1088 	1083 	1094
f 1093 	1094 	1083
f 1093 	1083 	1086
f 1115 	1091 	1035
f 1214 	1209 	1044
f 1035 	1100 	1037
f 1100 	1157 	1037
f 1007 	1101 	985
f 1082 	1095 	1089
f 985 	1101 	986
f 1102 	986 	1101
f 1102 	987 	986
f 1099 	1094 	1171
f 1088 	1094 	1099
f 1035 	1091 	1103
f 1035 	1103 	1100
f 1082 	1090 	1173
f 1107 	1098 	1096
f 1133 	1067 	1097
f 1156 	1163 	1037
f 1110 	1025 	1030
f 1108 	1104 	1079
f 1163 	1071 	1037
f 1110 	1130 	1096
f 1171 	1109 	1106
f 1171 	1106 	1099
f 1110 	1096 	1025
f 1111 	1109 	1171
f 1023 	969 	1102
f 1081 	1108 	1079
f 1114 	1192 	1017
f 1103 	1091 	1113
f 1115 	1112 	1113
f 1115 	1116 	1112
f 1125 	1112 	1116
f 1095 	1064 	1089
f 1102 	1070 	1023
f 1104 	1108 	1117
f 1123 	1034 	1023
f 1118 	1034 	1123
f 1105 	1142 	1206
f 1034 	1118 	1060
f 1108 	1119 	1117
f 1121 	1118 	1120
f 1014 	1114 	1017
f 1057 	1129 	1112
f 1001 	1119 	988
f 1125 	1126 	1112
f 1035 	943 	1115
f 1121 	1060 	1118
f 1199 	1013 	1017
f 1001 	1117 	1119
f 1070 	1123 	1023
f 1150 	1113 	1122
f 1073 	1068 	1082
f 1093 	1086 	1084
f 1057 	1112 	1126
f 1110 	1148 	1151
f 1118 	1123 	1120
f 1126 	951 	1057
f 1058 	1057 	951
f 943 	951 	1126
f 1129 	1122 	1112
f 1120 	1159 	1121
f 1128 	981 	984
f 1107 	1096 	1130
f 1159 	1160 	1121
f 1129 	1124 	1122
f 943 	1125 	1116
f 1151 	1131 	1110
f 1105 	1169 	1139
f 1128 	1145 	981
f 1126 	1125 	943
f 1120 	1123 	1070
f 1026 	1089 	1064
f 1074 	1058 	951
f 1127 	1128 	1114
f 966 	996 	1090
f 1077 	1078 	1084
f 1093 	1084 	1078
f 1145 	1128 	1127
f 1143 	1177 	1167
f 1133 	1003 	1067
f 1134 	1178 	1143
f 1132 	1124 	1129
f 1153 	1127 	1014
f 1063 	1120 	1070
f 1026 	1080 	978
f 1143 	1135 	1134
f 1132 	970 	1213
f 941 	940 	1136
f 1136 	1038 	1148
f 1120 	1063 	1037
f 1136 	1148 	1030
f 1129 	1048 	1132
f 1037 	1159 	1120
f 1138 	941 	1136
f 1134 	1140 	1181
f 1153 	1137 	1127
f 1138 	952 	941
f 974 	982 	1093
f 1135 	1140 	1134
f 1030 	1138 	1136
f 1130 	1110 	1131
f 1030 	1065 	1138
f 1001 	1046 	1139
f 1127 	1137 	1145
f 1069 	1141 	1143
f 1144 	1143 	1149
f 1135 	1143 	1144
f 1143 	1062 	1069
f 1149 	1143 	1152
f 1046 	1076 	1139
f 1092 	1142 	1048
f 1160 	1069 	1121
f 1059 	1151 	1043
f 982 	1094 	1093
f 1142 	970 	1132
f 1160 	1141 	1069
f 1146 	1140 	1144
f 1066 	1138 	1065
f 1142 	1132 	1048
f 1147 	1107 	995
f 1135 	1144 	1140
f 1133 	970 	1076
f 970 	1139 	1076
f 1066 	952 	1138
f 1092 	1206 	1142
f 981 	1145 	1172
f 1141 	1152 	1143
f 1137 	1005 	1145
f 1141 	1111 	1152
f 1186 	1187 	1122
f 1145 	1005 	1172
f 1187 	1150 	1122
f 1151 	1041 	1042
f 1153 	1014 	976
f 1147 	1011 	1008
f 1112 	1122 	1113
f 1038 	1041 	1148
f 1151 	1148 	1041
f 1098 	1022 	1096
f 1203 	1022 	1193
f 1015 	992 	1008
f 1155 	1153 	998
f 1149 	1152 	1146
f 1144 	1149 	1146
f 1156 	1157 	1158
f 1113 	1158 	1157
f 1025 	1096 	1022
f 1187 	1154 	1150
f 1152 	1111 	1146
f 1013 	973 	950
f 993 	1155 	998
f 992 	1015 	1046
f 1042 	1043 	1151
f 1100 	1103 	1113
f 1100 	1113 	1157
f 1171 	1146 	1111
f 1154 	1158 	1150
f 1193 	1161 	1189
f 1059 	1131 	1151
f 1146 	950 	1140
f 949 	1140 	950
f 998 	1153 	976
f 1153 	1155 	1137
f 1171 	1175 	1146
f 1158 	1113 	1150
f 1162 	1131 	1059
f 1156 	1037 	1157
f 1161 	1193 	1098
f 1059 	1073 	1162
f 1075 	1077 	1159
f 1159 	1037 	1071
f 1164 	1162 	1073
f 1098 	1193 	1022
f 1000 	1140 	949
f 998 	1020 	993
f 1164 	1073 	1082
f 1158 	1072 	1156
f 1163 	1156 	1072
f 1165 	1189 	1161
f 1209 	1210 	1202
f 1106 	1109 	1159
f 1160 	1159 	1109
f 1165 	1168 	1189
f 1137 	993 	997
f 1155 	993 	1137
f 1109 	1111 	1160
f 1141 	1160 	1111
f 951 	1167 	1074
f 1169 	1176 	1158
f 1074 	1170 	1058
f 1129 	1058 	1170
f 1163 	1072 	1071
f 1098 	1168 	1165
f 1098 	1165 	1161
f 1078 	1158 	1176
f 1166 	1162 	1164
f 1078 	1072 	1158
f 1170 	1074 	1167
f 1189 	1168 	1174
f 1005 	1137 	997
f 1171 	1094 	1175
f 1173 	1166 	1164
f 1098 	1107 	1168
f 1174 	1168 	1107
f 1164 	1082 	1173
f 1178 	1179 	1143
f 1179 	1180 	1143
f 1177 	1143 	1180
f 1169 	1158 	1154
f 1013 	1175 	1014
f 1046 	1001 	992
f 1169 	1154 	1195
f 1176 	974 	1093
f 1090 	996 	1173
f 1181 	1178 	1134
f 1107 	1147 	1174
f 1097 	1202 	1213
f 1130 	1131 	1166
f 1005 	1003 	1172
f 1166 	1107 	1130
f 1174 	1147 	1008
f 1174 	1008 	1189
f 1044 	1202 	1061
f 1166 	1131 	1162
f 1182 	1183 	995
f 1182 	995 	1184
f 1061 	1202 	1097
f 1181 	1185 	1179
f 1205 	995 	1204
f 1180 	1179 	1185
f 1173 	995 	1166
f 977 	1108 	1081
f 950 	1175 	1013
f 1176 	1093 	1078
f 995 	1173 	996
f 1179 	1178 	1181
f 1122 	1124 	1186
f 1205 	1198 	995
f 995 	1190 	1184
f 977 	1191 	1189
f 1188 	1189 	1191
f 1079 	1104 	1187
f 995 	1107 	1166
f 1191 	977 	1081
f 1182 	1184 	984
f 1193 	1189 	1188
f 1207 	1203 	1188
f 1187 	1186 	1079
f 1189 	992 	977
f 1105 	1176 	1169
f 1192 	984 	1184
f 974 	1176 	1206
f 1187 	1104 	1117
f 1011 	1147 	995
f 1000 	1181 	1140
f 1192 	1184 	1190
f 1008 	992 	1189
f 950 	973 	1196
f 1206 	1176 	1105
f 1187 	1195 	1154
f 1006 	1048 	1181
f 943 	1028 	1197
f 1032 	1212 	966
f 1206 	1004 	974
f 1196 	949 	950
f 1087 	1194 	1081
f 1197 	951 	943
f 1187 	1117 	1195
f 1190 	995 	1198
f 1000 	1006 	1181
f 955 	1197 	1200
f 1081 	1194 	1191
f 996 	966 	1212
f 1027 	1021 	1199
f 1197 	955 	951
f 1201 	1085 	1186
f 1079 	1186 	1085
f 1197 	964 	1200
f 1193 	1188 	1203
f 1017 	1009 	1199
f 964 	1197 	1040
f 1009 	1192 	1198
f 1198 	1192 	1190
f 1194 	1202 	1191
f 1167 	1177 	1170
f 963 	1101 	1007
f 1201 	1186 	1124
f 1196 	973 	1199
f 1169 	1195 	1117
f 1199 	1021 	1208
f 1180 	1185 	1177
f 1170 	1177 	1185
f 1010 	963 	1007
f 1188 	1202 	1210
f 1021 	980 	1208
f 963 	1010 	1002
f 1199 	1208 	1196
f 1001 	1169 	1117
f 1029 	1004 	1092
f 1202 	1188 	1191
f 1188 	1210 	1211
f 1188 	1211 	1207
f 1204 	996 	1212
f 955 	1200 	964
f 1132 	1213 	1085
f 1201 	1132 	1085
f 1048 	1129 	1185
f 1204 	1009 	1205
f 1198 	1205 	1009
f 1132 	1201 	1124
f 1209 	1026 	1210
f 1210 	1026 	1211
f 1196 	1208 	972
f 1206 	1092 	1004
f 1080 	1026 	1214
f 1048 	1185 	1181
f 1204 	1212 	1009
f 991 	994 	1196
f 994 	949 	1196
f 1001 	1139 	1169
f 991 	1196 	972
f 1203 	1207 	1022
f 1185 	1129 	1170
f 1022 	1207 	1211
f 1175 	1094 	983
f 1209 	1214 	1026
f 1059 	1043 	961
f 965 	961 	1043
f 1067 	980 	1054
f 961 	968 	1215
f 950 	1146 	1175
f 1202 	1044 	1209
f 1032 	1027 	1212
f 1059 	961 	1045
f 1215 	1045 	961
f 1080 	1214 	1044
f 982 	983 	1094
f 1043 	1045 	1215
f 1043 	1215 	962
f 1043 	962 	965
f 1092 	1048 	1006
f 1017 	1192 	1009
f 980 	1021 	1054
f 1215 	968 	1055
f 1073 	1055 	968
f 968 	967 	1056
f 968 	1056 	1073
f 1014 	1175 	983
f 1029 	1092 	1006
f 1055 	1056 	1215
f 962 	1215 	1056
f 962 	1056 	967
f 1027 	1199 	1009
f 1202 	1194 	1213
f 1128 	984 	1192
f 1056 	1055 	1053
f 1055 	1043 	1053
f 1045 	1043 	1055
f 954 	1053 	1043
f 1042 	1041 	1043
f 954 	1043 	1041
f 954 	1041 	1038
f 954 	1038 	940
f 954 	940 	939
f 1213 	1194 	1087
f 1192 	1114 	1128
f 978 	966 	1090
f 1213 	1087 	1085
f 984 	1015 	1183
f 1090 	1089 	978
f 1089 	1026 	978
f 1183 	1182 	984
f 1139 	970 	1105
f 1142 	1105 	970
f 1097 	970 	1133
f 1097 	1213 	970
f 1009 	1212 	1027
# 558 faces

 #end of obj_3


# double-sided
f 3 2 1
f 4 3 1
f 9 11 10
f 9 12 11
f 9 13 12
f 13 9 5
f 16 26 13
f 12 15 14
f 11 12 14
f 9 21 5
f 19 22 20
f 16 22 19
f 17 22 16
f 7 25 23
f 26 16 19
f 16 13 5
f 16 5 6
f 41 66 64
f 45 34 32
f 28 20 22
f 29 28 22
f 24 27 30
f 16 6 18
f 30 31 24
f 33 22 17
f 22 33 29
f 29 8 13
f 29 26 28
f 26 29 13
f 8 29 33
f 35 30 27
f 44 40 7
f 36 53 32
f 41 38 40
f 42 37 21
f 14 43 10
f 11 14 10
f 40 44 41
f 38 45 40
f 5 21 37
f 4 47 46
f 3 4 46
f 49 51 50
f 51 49 48
f 45 53 40
f 17 16 51
f 42 54 37
f 16 18 51
f 40 53 7
f 48 17 51
f 18 37 51
f 5 37 6
f 50 37 39
f 37 50 51
f 32 34 55
f 45 62 59
f 55 36 32
f 18 6 37
f 54 48 49
f 36 55 34
f 47 23 46
f 23 47 56
f 33 14 15
f 25 65 57
f 63 25 7
f 1 57 56
f 4 1 56
f 47 4 56
f 25 1 2
f 1 25 57
f 20 26 19
f 26 20 28
f 33 17 48
f 52 48 42
f 54 39 37
f 39 54 58
f 56 44 23
f 58 50 39
f 21 52 42
f 56 57 44
f 31 30 35
f 50 58 49
f 59 24 31
f 60 59 31
f 54 49 58
f 48 54 42
f 44 57 65
f 61 60 31
f 3 23 2
f 52 33 48
f 62 45 38
f 65 25 63
f 23 3 46
f 2 23 25
f 59 62 24
f 62 41 64
f 62 38 41
f 36 61 53
f 34 59 36
f 61 36 60
f 33 12 8
f 12 33 15
f 31 63 61
f 63 31 35
f 10 43 52
f 10 21 9
f 21 10 52
f 66 41 65
f 14 52 43
f 14 33 52
f 27 62 64
f 62 27 24
f 63 53 61
f 60 36 59
f 45 32 53
f 44 7 23
f 53 63 7
f 12 13 8
f 35 65 63
f 66 27 64
f 34 45 59
f 27 65 35
f 65 27 66
f 65 41 44
f 84 85 86
f 68 359 90
f 91 85 86
f 94 408 224
f 95 93 92
f 93 95 96
f 97 92 93
f 327 245 81
f 100 99 98
f 101 100 98
f 95 97 96
f 97 95 92
f 72 317 74
f 105 100 99
f 107 105 99
f 85 84 86
f 91 89 85
f 317 78 74
f 106 104 103
f 82 78 317
f 91 88 89
f 108 140 110
f 100 108 110
f 139 82 317
f 85 451 89
f 110 112 111
f 114 113 109
f 115 114 109
f 84 86 451
f 117 120 119
f 120 117 116
f 88 327 80
f 127 117 124
f 124 117 119
f 122 106 109
f 122 104 106
f 104 122 121
f 104 97 126
f 104 96 97
f 96 104 121
f 89 451 88
f 149 167 102
f 67 132 73
f 451 85 84
f 80 451 81
f 451 80 88
f 132 67 69
f 128 127 129
f 128 124 127
f 129 127 134
f 128 119 124
f 128 120 119
f 128 135 120
f 135 128 105
f 135 105 107
f 82 217 78
f 140 111 112
f 111 140 440
f 133 387 384
f 131 339 145
f 325 138 139
f 138 325 142
f 143 196 135
f 140 112 110
f 142 425 226
f 154 158 155
f 149 186 423
f 171 118 156
f 159 153 160
f 158 154 159
f 153 159 154
f 156 118 136
f 161 151 162
f 125 151 161
f 157 152 170
f 147 91 146
f 450 423 451
f 423 450 149
f 170 152 150
f 166 165 164
f 450 453 149
f 147 133 91
f 171 400 118
f 80 81 258
f 149 453 457
f 167 201 182
f 85 254 84
f 84 254 86
f 86 254 173
f 164 174 162
f 85 222 221
f 223 254 212
f 178 145 179
f 145 178 169
f 85 258 222
f 88 80 258
f 148 491 181
f 137 177 67
f 266 171 268
f 94 184 70
f 178 179 180
f 131 145 177
f 468 170 464
f 193 414 187
f 181 171 156
f 195 194 145
f 145 205 195
f 163 130 172
f 187 70 184
f 193 187 184
f 175 102 182
f 169 130 163
f 194 179 145
f 144 196 143
f 196 429 445
f 102 167 182
f 197 304 189
f 189 304 190
f 304 193 303
f 163 67 177
f 439 194 195
f 194 436 179
f 192 304 197
f 185 149 102
f 177 145 163
f 201 188 83
f 94 202 184
f 69 67 163
f 135 196 120
f 191 196 204
f 196 191 127
f 201 223 188
f 188 89 88
f 196 119 120
f 196 124 119
f 124 196 127
f 205 145 339
f 169 163 145
f 198 76 200
f 204 196 207
f 83 182 201
f 195 442 439
f 211 210 201
f 210 212 201
f 193 184 202
f 214 176 137
f 211 167 215
f 215 167 255
f 213 176 214
f 130 216 217
f 216 130 169
f 216 169 178
f 307 245 294
f 176 218 131
f 218 176 213
f 158 220 155
f 220 158 221
f 75 203 148
f 88 80 307
f 208 209 219
f 206 422 83
f 220 221 222
f 190 313 498
f 226 224 142
f 212 223 201
f 168 165 222
f 227 219 228
f 228 219 262
f 219 227 170
f 94 230 202
f 230 94 224
f 226 230 224
f 131 177 176
f 307 188 88
f 226 425 230
f 425 142 325
f 233 161 237
f 233 235 234
f 233 237 235
f 235 237 236
f 161 233 232
f 161 232 229
f 161 229 159
f 211 91 210
f 231 181 156
f 228 239 227
f 239 228 240
f 225 231 156
f 210 211 212
f 118 400 382
f 378 151 125
f 151 378 377
f 244 170 227
f 243 250 241
f 231 250 242
f 213 214 253
f 451 223 211
f 244 391 392
f 391 244 227
f 250 231 225
f 215 450 451
f 211 215 451
f 211 223 212
f 223 451 173
f 147 146 154
f 137 176 177
f 227 247 244
f 245 307 81
f 247 227 239
f 218 357 131
f 327 294 245
f 147 154 155
f 155 424 147
f 241 250 249
f 250 243 242
f 245 451 294
f 451 245 81
f 244 191 248
f 248 191 469
f 254 158 159
f 244 247 248
f 255 167 340
f 257 162 174
f 242 243 256
f 483 215 255
f 215 483 91
f 257 161 162
f 209 79 334
f 255 279 215
f 285 181 231
f 209 337 219
f 146 91 483
f 219 260 259
f 258 257 174
f 258 165 168
f 258 164 165
f 164 258 174
f 211 254 346
f 254 211 210
f 258 89 88
f 259 262 219
f 212 254 210
f 264 263 261
f 265 246 171
f 315 293 206
f 108 259 260
f 218 251 357
f 215 346 255
f 346 215 211
f 267 225 263
f 225 267 250
f 262 108 228
f 258 245 257
f 254 221 158
f 254 85 221
f 173 254 223
f 213 251 218
f 262 240 228
f 269 268 499
f 270 253 371
f 258 85 89
f 222 258 168
f 270 213 253
f 274 250 256
f 256 250 275
f 250 274 249
f 278 197 189
f 213 270 251
f 280 279 167
f 180 217 216
f 180 216 178
f 148 181 285
f 272 141 183
f 242 363 231
f 296 282 172
f 183 277 272
f 284 130 217
f 294 315 307
f 282 69 163
f 192 197 278
f 435 279 280
f 281 363 256
f 256 363 242
f 132 69 282
f 278 189 192
f 282 163 172
f 206 83 307
f 281 274 256
f 280 215 279
f 285 75 148
f 266 265 171
f 172 288 286
f 365 315 368
f 130 297 288
f 288 172 130
f 315 294 295
f 292 287 289
f 115 299 298
f 299 115 109
f 290 291 434
f 172 286 296
f 287 292 252
f 296 301 282
f 225 156 300
f 156 136 300
f 302 314 318
f 303 306 304
f 306 309 302
f 141 252 292
f 273 185 276
f 185 273 186
f 183 141 292
f 306 302 122
f 299 306 122
f 276 102 175
f 305 130 284
f 130 305 393
f 300 308 225
f 294 291 295
f 291 294 290
f 294 472 290
f 109 299 122
f 276 185 102
f 260 271 240
f 259 240 262
f 240 259 260
f 309 306 303
f 273 283 238
f 311 440 140
f 311 418 440
f 307 83 188
f 263 312 261
f 306 313 304
f 225 308 263
f 307 315 206
f 198 316 199
f 186 273 238
f 314 302 309
f 180 179 436
f 217 180 78
f 312 320 319
f 312 308 320
f 308 312 263
f 238 283 293
f 312 263 264
f 198 200 317
f 328 286 288
f 317 200 325
f 322 286 328
f 265 326 246
f 326 268 324
f 297 321 288
f 327 88 91
f 327 81 80
f 327 91 329
f 288 321 328
f 266 326 265
f 317 325 139
f 235 472 234
f 133 329 91
f 136 325 200
f 324 268 269
f 325 136 118
f 291 399 434
f 332 311 333
f 311 332 310
f 327 377 378
f 330 250 267
f 250 335 275
f 335 394 391
f 311 140 108
f 333 311 108
f 336 333 108
f 337 336 108
f 260 337 108
f 436 194 439
f 290 331 291
f 331 290 235
f 236 331 235
f 321 297 420
f 337 334 336
f 337 209 334
f 301 296 323
f 268 326 266
f 219 337 260
f 308 467 320
f 372 141 272
f 337 260 259
f 286 322 338
f 279 483 340
f 296 286 338
f 260 341 271
f 341 260 337
f 341 337 336
f 338 323 296
f 263 330 267
f 263 452 330
f 342 263 312
f 279 340 167
f 262 429 443
f 344 228 227
f 344 244 248
f 344 227 244
f 429 262 228
f 343 496 345
f 280 340 346
f 340 280 279
f 443 259 262
f 289 361 292
f 205 345 496
f 335 256 275
f 281 256 335
f 332 347 310
f 336 334 333
f 241 349 243
f 349 241 249
f 350 349 249
f 229 232 346
f 341 334 79
f 334 341 336
f 241 249 274
f 302 121 122
f 351 354 355
f 319 320 353
f 106 299 109
f 106 306 299
f 154 152 488
f 96 440 93
f 247 344 248
f 344 271 341
f 240 344 239
f 239 344 247
f 97 144 126
f 440 97 93
f 355 352 351
f 352 355 357
f 249 358 356
f 358 249 241
f 345 339 343
f 339 348 343
f 243 281 256
f 339 345 205
f 355 339 357
f 241 360 358
f 344 240 271
f 356 350 249
f 340 483 255
f 339 131 357
f 348 339 359
f 388 272 277
f 351 137 354
f 360 243 349
f 281 243 360
f 340 279 255
f 137 351 214
f 104 143 103
f 359 369 348
f 351 253 214
f 363 360 364
f 363 281 360
f 306 367 366
f 306 366 313
f 143 106 103
f 368 315 295
f 366 497 498
f 354 137 67
f 399 368 327
f 331 365 399
f 360 241 274
f 360 274 281
f 368 399 365
f 367 306 386
f 368 295 327
f 295 365 368
f 365 295 291
f 365 291 331
f 285 231 363
f 498 313 366
f 375 206 293
f 383 270 371
f 229 254 159
f 254 229 346
f 397 270 383
f 375 293 459
f 346 340 255
f 371 352 383
f 365 236 237
f 236 365 331
f 359 370 369
f 495 348 369
f 369 498 495
f 365 257 368
f 365 161 257
f 161 365 237
f 96 458 440
f 422 415 182
f 370 359 414
f 361 362 292
f 206 375 422
f 245 294 257
f 245 258 81
f 352 371 351
f 114 373 113
f 294 368 257
f 368 294 295
f 351 371 253
f 67 73 354
f 374 141 372
f 294 327 295
f 306 106 143
f 76 379 462
f 379 76 380
f 394 380 76
f 374 287 252
f 224 395 393
f 394 87 391
f 372 375 374
f 397 352 357
f 408 70 406
f 141 374 252
f 228 380 227
f 380 228 379
f 377 327 329
f 406 70 187
f 70 408 94
f 382 318 425
f 318 403 302
f 381 372 272
f 189 190 370
f 362 361 438
f 414 193 192
f 406 187 414
f 378 399 327
f 192 370 414
f 370 192 189
f 330 379 380
f 397 383 352
f 389 376 130
f 90 354 73
f 398 385 150
f 208 219 385
f 299 390 298
f 87 394 76
f 68 73 132
f 73 68 90
f 393 142 224
f 170 150 219
f 391 87 392
f 150 385 219
f 251 270 397
f 395 224 408
f 381 272 388
f 394 227 380
f 391 227 394
f 396 385 398
f 393 389 130
f 395 389 393
f 397 357 251
f 298 390 373
f 298 114 115
f 299 113 373
f 299 373 390
f 392 335 391
f 144 97 440
f 208 399 378
f 382 400 403
f 208 401 399
f 404 402 377
f 362 388 277
f 246 400 171
f 400 246 403
f 114 298 373
f 183 362 277
f 113 299 109
f 405 150 152
f 403 318 382
f 405 398 150
f 389 359 68
f 183 292 362
f 389 408 406
f 408 389 395
f 261 246 326
f 384 404 329
f 407 282 301
f 404 384 410
f 403 458 302
f 410 384 387
f 282 407 132
f 404 410 402
f 407 68 132
f 404 377 329
f 411 386 412
f 389 414 359
f 414 389 406
f 416 402 417
f 417 402 410
f 402 416 482
f 297 130 376
f 410 387 428
f 476 415 409
f 376 71 297
f 269 411 412
f 411 269 499
f 376 68 71
f 418 417 410
f 418 428 444
f 428 418 410
f 374 375 413
f 193 304 192
f 347 419 310
f 71 420 297
f 374 413 287
f 412 360 349
f 306 412 386
f 202 303 193
f 381 409 415
f 417 311 310
f 311 417 418
f 349 269 412
f 303 202 309
f 407 301 71
f 417 419 416
f 417 310 419
f 269 349 324
f 313 190 304
f 420 71 301
f 385 396 401
f 208 385 401
f 328 321 433
f 166 482 416
f 424 155 485
f 238 423 186
f 314 202 230
f 202 314 309
f 186 149 185
f 361 289 421
f 425 314 230
f 426 147 424
f 381 415 422
f 420 433 321
f 381 422 372
f 314 425 318
f 429 424 427
f 421 289 287
f 412 143 454
f 412 454 360
f 372 422 375
f 424 429 428
f 427 424 430
f 425 118 382
f 118 425 325
f 428 387 426
f 420 301 323
f 287 413 421
f 387 133 426
f 328 433 322
f 396 435 434
f 316 198 317
f 428 426 424
f 261 403 246
f 403 342 452
f 433 323 338
f 433 338 322
f 440 458 111
f 205 494 442
f 442 195 205
f 428 429 443
f 376 389 68
f 444 428 443
f 420 323 433
f 495 496 343
f 207 196 445
f 496 493 205
f 445 430 486
f 458 96 121
f 394 335 250
f 250 380 394
f 380 250 330
f 144 143 104
f 196 443 429
f 445 429 427
f 443 144 444
f 443 196 144
f 339 90 359
f 484 75 285
f 398 435 396
f 429 220 443
f 90 355 354
f 126 144 104
f 87 449 448
f 431 447 480
f 427 430 220
f 220 429 427
f 444 443 220
f 90 339 355
f 448 392 87
f 438 361 437
f 437 432 438
f 432 437 431
f 484 87 75
f 388 362 446
f 447 431 441
f 191 448 449
f 448 191 392
f 68 407 71
f 403 312 342
f 403 261 312
f 458 403 452
f 144 440 418
f 144 418 444
f 335 448 449
f 448 335 392
f 418 444 220
f 438 446 362
f 423 238 492
f 458 452 99
f 361 421 441
f 429 490 427
f 441 431 437
f 421 413 441
f 427 490 430
f 455 454 143
f 456 455 143
f 135 456 143
f 409 446 432
f 291 492 331
f 472 492 290
f 417 337 259
f 361 441 437
f 446 438 432
f 381 388 446
f 143 412 306
f 429 344 464
f 167 457 280
f 457 167 149
f 381 446 409
f 467 77 76
f 418 443 444
f 443 418 417
f 443 417 259
f 110 99 100
f 99 110 111
f 447 413 459
f 460 467 76
f 461 76 462
f 76 461 460
f 167 211 201
f 419 347 332
f 458 121 302
f 413 447 441
f 99 111 458
f 463 204 207
f 445 463 207
f 462 108 461
f 461 108 460
f 108 462 379
f 108 262 259
f 228 108 379
f 450 451 434
f 450 435 453
f 435 450 434
f 462 330 461
f 349 326 324
f 326 349 350
f 326 264 261
f 264 326 350
f 435 280 457
f 422 182 83
f 413 375 459
f 330 462 379
f 460 461 330
f 453 435 457
f 319 342 312
f 432 431 465
f 465 431 480
f 77 467 300
f 170 469 464
f 450 215 457
f 450 457 453
f 457 215 280
f 350 312 264
f 312 350 342
f 451 423 471
f 358 107 356
f 423 475 471
f 475 423 472
f 353 320 473
f 473 467 474
f 467 473 320
f 467 308 300
f 464 191 468
f 468 191 466
f 353 452 319
f 470 432 465
f 290 492 291
f 467 460 474
f 191 464 469
f 191 244 392
f 432 470 476
f 434 471 475
f 452 353 473
f 319 452 342
f 98 477 101
f 464 469 468
f 434 451 471
f 474 477 473
f 477 474 101
f 98 99 452
f 477 98 452
f 473 477 452
f 469 466 468
f 466 469 478
f 409 432 476
f 452 263 342
f 151 377 479
f 455 456 364
f 364 454 455
f 472 434 475
f 474 100 101
f 100 474 460
f 290 434 472
f 402 479 377
f 479 402 481
f 360 454 364
f 108 100 460
f 482 481 402
f 294 475 472
f 294 471 475
f 471 294 451
f 460 330 452
f 100 460 452
f 99 100 452
f 482 419 481
f 465 273 470
f 419 482 416
f 364 484 363
f 363 484 285
f 484 364 456
f 484 120 116
f 120 484 456
f 273 276 470
f 484 116 117
f 398 405 435
f 470 276 476
f 166 416 417
f 166 417 418
f 479 164 162
f 166 481 482
f 481 166 164
f 481 164 479
f 479 162 151
f 456 135 107
f 455 456 107
f 454 455 107
f 360 454 107
f 358 360 107
f 356 452 350
f 350 452 342
f 452 356 99
f 99 356 107
f 449 484 127
f 127 484 117
f 484 449 87
f 405 483 435
f 348 495 343
f 276 175 476
f 449 127 191
f 485 486 424
f 273 465 480
f 190 369 370
f 486 430 424
f 120 456 455
f 120 454 119
f 480 283 273
f 72 316 317
f 316 72 436
f 486 485 445
f 127 454 449
f 415 175 182
f 439 316 436
f 445 427 430
f 316 439 442
f 415 476 175
f 454 335 449
f 454 120 455
f 119 454 124
f 454 127 124
f 316 203 199
f 485 155 220
f 486 485 220
f 486 220 430
f 281 335 454
f 360 281 454
f 447 459 480
f 434 399 401
f 128 462 461
f 418 165 166
f 418 222 165
f 222 418 220
f 203 316 487
f 396 434 401
f 480 459 283
f 333 334 481
f 333 419 332
f 419 333 481
f 460 128 461
f 128 460 100
f 105 128 100
f 283 459 293
f 451 233 471
f 233 451 450
f 494 487 316
f 449 134 127
f 134 449 448
f 203 487 148
f 489 463 445
f 485 489 445
f 128 380 462
f 380 128 129
f 462 380 379
f 380 129 394
f 148 487 491
f 475 234 472
f 234 475 471
f 134 394 129
f 134 391 394
f 391 134 448
f 392 391 448
f 488 153 154
f 450 232 233
f 232 450 453
f 76 199 87
f 199 76 198
f 204 490 191
f 191 490 466
f 490 204 463
f 489 490 463
f 399 291 331
f 490 157 170
f 200 76 77
f 489 485 486
f 490 489 486
f 199 203 87
f 290 472 235
f 170 466 490
f 203 75 87
f 483 279 435
f 77 300 136
f 346 457 280
f 490 468 466
f 490 464 468
f 430 490 486
f 490 429 464
f 457 232 453
f 232 457 346
f 482 336 337
f 336 482 481
f 336 481 334
f 77 136 200
f 494 205 493
f 293 492 238
f 337 417 416
f 337 416 482
f 495 497 496
f 490 488 489
f 490 478 488
f 488 478 153
f 153 478 160
f 478 490 466
f 492 472 423
f 464 344 469
f 429 228 344
f 492 365 331
f 365 492 315
f 498 369 190
f 495 498 497
f 293 315 492
f 494 493 487
f 133 384 329
f 497 487 496
f 487 497 367
f 493 496 487
f 344 478 469
f 497 366 367
f 133 147 426
f 491 367 386
f 79 123 341
f 341 478 344
f 442 494 316
f 81 307 80
f 188 86 85
f 188 173 86
f 173 188 223
f 89 188 85
f 367 491 487
f 91 211 215
f 210 91 212
f 161 123 125
f 91 86 173
f 91 223 212
f 223 91 173
f 86 173 451
f 478 341 159
f 478 159 160
f 159 123 161
f 159 341 123
f 499 181 491
f 499 491 411
f 386 411 491
f 483 405 152
f 499 171 181
f 268 171 499
f 170 244 248
f 248 469 170
f 180 72 74
f 180 436 72
f 488 152 157
f 152 154 146
f 180 74 78
f 146 483 152
f 284 139 138
f 284 82 139
f 217 82 284
f 489 488 157
f 142 305 284
f 138 142 284
f 157 490 489
f 142 393 305
f 170 468 466
f 471 233 500
f 125 208 378
f 208 123 209
f 234 471 500
f 234 500 233
f 123 208 125
f 79 209 123
f 503 505 504
f 506 505 503
f 508 503 509
f 503 508 506
f 501 513 502
f 514 508 509
f 507 515 511
f 507 511 877
f 513 501 510
f 509 536 523
f 509 523 514
f 508 514 506
f 520 505 506
f 514 523 506
f 506 526 520
f 526 506 523
f 534 522 521
f 537 644 528
f 852 530 538
f 526 542 540
f 526 533 523
f 523 532 544
f 523 533 532
f 533 526 540
f 529 806 515
f 531 908 543
f 550 549 547
f 528 595 537
f 595 528 524
f 553 812 802
f 812 553 826
f 555 553 802
f 554 545 548
f 672 525 527
f 525 672 671
f 671 535 525
f 551 681 512
f 527 541 672
f 531 595 524
f 561 560 559
f 541 675 672
f 528 543 743
f 536 534 523
f 534 536 863
f 526 523 534
f 543 595 531
f 539 743 543
f 543 528 531
f 531 528 524
f 537 528 743
f 537 726 727
f 562 564 558
f 564 552 558
f 567 565 563
f 567 569 568
f 569 567 563
f 563 814 569
f 556 530 557
f 571 563 565
f 563 571 672
f 530 556 575
f 530 574 538
f 537 825 570
f 502 512 501
f 537 727 570
f 530 575 574
f 566 501 512
f 571 565 628
f 556 554 575
f 575 554 576
f 554 556 545
f 578 862 571
f 567 578 571
f 565 567 571
f 578 794 862
f 537 756 528
f 546 581 580
f 539 543 832
f 536 544 582
f 544 536 523
f 531 832 543
f 533 586 585
f 546 580 577
f 588 899 587
f 612 580 581
f 590 746 519
f 608 577 580
f 533 572 565
f 572 533 540
f 533 565 571
f 533 571 586
f 548 584 554
f 548 583 584
f 590 592 746
f 593 856 598
f 597 596 532
f 599 597 532
f 600 599 532
f 585 600 532
f 533 585 532
f 598 856 601
f 587 595 588
f 588 595 589
f 582 596 602
f 596 582 544
f 532 596 544
f 598 603 593
f 603 598 601
f 591 595 587
f 592 774 595
f 587 743 588
f 594 593 606
f 606 598 601
f 606 593 598
f 536 583 584
f 917 610 614
f 614 615 917
f 535 605 807
f 614 610 616
f 588 743 589
f 526 613 924
f 613 526 523
f 613 523 536
f 617 613 536
f 536 666 617
f 774 592 590
f 774 590 519
f 617 622 613
f 619 609 621
f 621 609 611
f 619 610 609
f 610 619 618
f 614 610 618
f 618 921 615
f 618 615 614
f 517 620 937
f 592 595 591
f 607 572 540
f 542 607 540
f 591 743 587
f 625 928 627
f 627 928 618
f 928 625 606
f 547 572 607
f 547 565 572
f 547 628 565
f 590 743 592
f 743 590 519
f 743 591 592
f 603 632 631
f 593 603 631
f 580 612 626
f 634 636 635
f 636 634 633
f 636 638 637
f 638 636 633
f 517 644 620
f 630 629 639
f 595 539 589
f 595 543 539
f 580 626 608
f 643 641 616
f 643 610 645
f 610 643 616
f 546 653 566
f 541 624 675
f 647 645 610
f 614 647 610
f 679 546 566
f 589 743 539
f 504 534 521
f 534 504 505
f 505 520 526
f 534 505 526
f 646 579 578
f 652 651 841
f 568 578 567
f 578 568 646
f 579 646 657
f 559 659 658
f 561 559 658
f 577 653 546
f 573 894 871
f 551 512 719
f 657 633 634
f 633 657 579
f 512 502 719
f 653 501 566
f 607 640 567
f 578 640 633
f 578 633 579
f 640 578 567
f 640 607 542
f 542 642 640
f 521 642 542
f 534 521 542
f 526 534 542
f 615 927 614
f 665 664 527
f 617 666 632
f 632 666 631
f 666 536 584
f 667 658 659
f 666 562 631
f 667 560 561
f 658 667 561
f 598 593 631
f 666 598 631
f 564 666 584
f 652 894 655
f 666 584 583
f 666 601 598
f 666 886 601
f 886 666 583
f 664 541 527
f 666 554 584
f 554 639 576
f 630 554 666
f 639 554 630
f 630 666 631
f 664 673 541
f 535 671 674
f 669 595 648
f 669 662 595
f 674 605 535
f 859 623 552
f 541 673 624
f 832 589 539
f 832 587 588
f 587 832 695
f 832 588 589
f 679 581 546
f 889 886 583
f 889 548 545
f 548 889 583
f 674 821 605
f 685 719 670
f 684 574 680
f 574 684 683
f 680 574 575
f 683 686 574
f 683 688 686
f 686 688 687
f 688 683 682
f 691 681 551
f 623 677 678
f 689 551 685
f 574 611 538
f 611 574 621
f 681 690 512
f 678 552 623
f 689 691 551
f 692 629 594
f 629 692 575
f 639 629 575
f 576 639 575
f 729 681 730
f 606 692 594
f 692 606 695
f 619 627 618
f 679 566 698
f 739 663 656
f 606 625 695
f 710 679 698
f 685 699 693
f 700 625 627
f 512 690 698
f 685 670 699
f 619 621 702
f 566 512 698
f 663 705 822
f 703 704 852
f 707 690 729
f 707 698 690
f 698 707 706
f 623 704 677
f 591 835 592
f 587 835 591
f 740 677 704
f 689 685 693
f 704 623 852
f 689 693 694
f 740 704 703
f 697 701 691
f 701 668 691
f 689 694 697
f 715 714 712
f 696 678 738
f 697 691 689
f 558 552 696
f 718 716 751
f 705 663 751
f 719 685 551
f 678 696 552
f 671 672 596
f 716 774 518
f 710 714 723
f 502 513 719
f 518 743 519
f 712 710 711
f 722 741 724
f 714 710 712
f 605 821 649
f 722 653 577
f 708 718 709
f 718 742 743
f 718 743 716
f 743 518 716
f 724 653 722
f 644 727 726
f 725 661 649
f 681 691 668
f 761 644 570
f 722 577 608
f 681 729 690
f 724 501 653
f 725 728 661
f 729 730 858
f 729 853 707
f 715 748 749
f 537 783 726
f 733 782 735
f 843 708 709
f 734 732 731
f 677 738 678
f 751 746 705
f 741 721 737
f 710 741 737
f 677 740 738
f 650 739 656
f 741 722 721
f 743 742 720
f 720 770 743
f 770 720 620
f 744 608 626
f 626 759 744
f 682 760 688
f 742 745 720
f 747 626 612
f 723 749 748
f 749 723 714
f 772 770 620
f 759 626 747
f 715 749 714
f 748 715 900
f 612 581 737
f 604 830 831
f 759 747 721
f 723 795 769
f 747 612 737
f 681 752 730
f 747 737 721
f 750 734 731
f 755 754 753
f 730 860 858
f 734 750 604
f 722 608 744
f 644 783 620
f 783 644 726
f 680 756 684
f 722 744 721
f 843 709 766
f 843 760 708
f 760 843 720
f 751 716 746
f 581 679 737
f 727 825 738
f 720 745 760
f 843 751 663
f 739 843 663
f 758 763 762
f 644 761 727
f 744 759 721
f 764 698 765
f 698 771 710
f 740 742 743
f 698 706 765
f 726 761 727
f 761 726 756
f 740 745 742
f 762 763 788
f 510 501 724
f 745 740 760
f 789 762 788
f 762 789 901
f 676 706 790
f 703 766 709
f 742 718 745
f 724 837 510
f 901 795 905
f 905 795 903
f 765 676 764
f 740 708 760
f 708 740 709
f 765 706 676
f 758 681 769
f 724 741 837
f 745 718 760
f 760 718 708
f 679 710 737
f 766 687 688
f 766 708 709
f 708 766 688
f 758 769 763
f 771 698 764
f 711 710 771
f 768 780 654
f 837 741 710
f 777 776 775
f 778 777 775
f 595 779 648
f 676 816 771
f 676 771 764
f 723 837 710
f 779 595 774
f 768 654 650
f 781 681 758
f 681 781 752
f 779 774 838
f 650 767 768
f 782 725 735
f 725 782 728
f 782 733 736
f 784 782 736
f 783 772 620
f 785 757 668
f 777 786 753
f 777 754 776
f 754 777 753
f 656 773 650
f 769 681 757
f 757 681 668
f 650 773 767
f 775 776 754
f 755 775 754
f 785 668 787
f 770 772 738
f 770 740 743
f 740 770 738
f 670 785 787
f 725 649 821
f 665 527 525
f 788 763 769
f 789 788 769
f 769 795 789
f 783 738 772
f 738 726 727
f 726 738 783
f 854 790 706
f 735 791 733
f 699 670 787
f 676 790 792
f 816 676 817
f 792 793 676
f 635 794 634
f 852 839 703
f 818 711 771
f 816 818 771
f 795 723 748
f 712 818 819
f 795 901 789
f 782 796 728
f 842 785 670
f 538 839 852
f 818 712 711
f 715 712 819
f 748 903 795
f 903 748 900
f 798 751 797
f 715 553 799
f 715 826 553
f 656 663 881
f 798 718 751
f 810 694 693
f 810 697 694
f 881 773 656
f 703 797 766
f 703 798 797
f 796 794 728
f 665 854 664
f 665 790 854
f 699 810 693
f 803 782 784
f 782 803 791
f 804 782 791
f 665 793 792
f 665 792 790
f 675 624 815
f 806 805 511
f 806 511 515
f 535 665 525
f 709 797 766
f 797 709 718
f 798 797 718
f 728 815 661
f 808 511 805
f 787 668 701
f 794 635 657
f 805 809 808
f 570 644 537
f 535 807 665
f 806 529 800
f 570 825 761
f 811 808 809
f 807 817 665
f 570 727 761
f 794 814 728
f 595 662 825
f 807 605 813
f 831 713 604
f 569 657 646
f 657 569 814
f 657 814 794
f 687 766 797
f 686 687 797
f 930 820 929
f 750 731 830
f 574 797 823
f 797 574 686
f 798 823 797
f 657 634 794
f 832 528 756
f 528 832 524
f 624 661 815
f 605 649 813
f 756 537 570
f 756 570 761
f 817 676 793
f 814 815 728
f 518 835 823
f 518 823 716
f 636 660 573
f 716 798 718
f 798 716 823
f 820 819 818
f 652 637 651
f 652 636 637
f 669 856 594
f 669 594 629
f 636 655 660
f 779 847 648
f 662 669 629
f 851 648 847
f 917 609 610
f 636 652 655
f 791 522 733
f 777 778 786
f 881 663 822
f 611 839 538
f 611 838 839
f 838 611 609
f 783 537 770
f 770 537 743
f 783 770 772
f 800 801 828
f 800 828 824
f 558 696 825
f 503 735 725
f 829 828 827
f 825 696 738
f 522 791 803
f 713 834 869
f 826 715 819
f 820 826 819
f 713 869 717
f 828 829 824
f 701 697 810
f 817 793 665
f 869 893 717
f 810 699 787
f 802 812 828
f 802 828 801
f 824 805 806
f 800 824 806
f 621 574 823
f 621 823 702
f 811 805 824
f 805 811 809
f 810 787 701
f 832 575 692
f 832 756 680
f 832 680 575
f 695 832 692
f 807 816 817
f 832 531 524
f 835 700 627
f 807 820 818
f 807 818 816
f 822 830 884
f 702 835 619
f 835 702 823
f 619 835 627
f 835 519 590
f 835 518 519
f 835 625 700
f 820 807 929
f 757 836 769
f 590 592 835
f 820 930 826
f 683 743 742
f 743 683 770
f 842 836 785
f 625 587 695
f 835 587 625
f 649 841 813
f 682 745 760
f 836 757 785
f 929 813 931
f 770 683 684
f 772 770 684
f 825 727 761
f 825 537 595
f 774 716 718
f 774 519 518
f 830 822 831
f 783 684 756
f 684 783 772
f 813 929 807
f 830 604 750
f 726 783 756
f 740 703 709
f 510 836 513
f 836 510 837
f 760 708 688
f 836 723 769
f 723 836 837
f 839 838 774
f 745 682 742
f 670 719 842
f 703 774 798
f 798 774 718
f 719 513 842
f 720 843 739
f 774 703 839
f 842 513 836
f 844 616 641
f 632 603 622
f 797 843 766
f 843 797 751
f 617 632 622
f 516 833 848
f 555 846 845
f 555 799 553
f 799 555 845
f 833 516 850
f 850 848 833
f 550 516 902
f 854 707 853
f 707 854 706
f 856 669 857
f 853 729 858
f 550 607 516
f 607 550 547
f 860 730 752
f 860 752 874
f 852 859 849
f 859 852 623
f 857 883 856
f 857 669 648
f 877 758 912
f 840 855 780
f 594 856 593
f 855 933 780
f 877 752 781
f 752 877 873
f 713 831 834
f 664 858 860
f 854 853 664
f 782 862 796
f 863 782 804
f 858 664 853
f 814 563 815
f 861 822 705
f 874 673 664
f 931 813 864
f 831 822 861
f 864 813 841
f 866 768 767
f 664 860 874
f 864 841 651
f 865 864 651
f 866 780 768
f 791 863 804
f 863 791 522
f 534 863 522
f 868 866 767
f 624 673 867
f 638 651 637
f 773 870 868
f 891 731 732
f 868 767 773
f 651 638 865
f 780 866 840
f 862 794 796
f 794 579 657
f 794 578 579
f 736 733 638
f 784 736 638
f 633 784 638
f 872 871 932
f 736 803 784
f 568 569 646
f 866 904 906
f 624 867 661
f 552 564 859
f 784 642 736
f 642 784 640
f 874 752 873
f 875 564 876
f 564 875 859
f 758 877 781
f 736 521 803
f 640 784 633
f 573 871 872
f 733 521 638
f 758 762 912
f 878 875 876
f 874 873 673
f 503 725 821
f 877 673 873
f 573 635 636
f 635 573 872
f 673 877 511
f 880 875 876
f 875 880 879
f 521 733 522
f 521 865 638
f 735 503 791
f 916 847 779
f 521 503 504
f 881 870 773
f 503 521 522
f 791 503 522
f 882 859 875
f 648 851 857
f 803 521 522
f 521 736 642
f 851 883 857
f 509 821 674
f 870 881 884
f 882 875 879
f 885 882 879
f 884 881 822
f 886 601 856
f 886 856 883
f 849 859 927
f 884 830 731
f 672 586 585
f 672 600 599
f 672 597 596
f 883 851 919
f 883 890 889
f 672 599 597
f 883 889 886
f 867 511 932
f 602 671 596
f 603 613 622
f 871 867 932
f 884 731 891
f 878 597 875
f 894 661 867
f 894 867 871
f 909 884 891
f 511 867 673
f 889 924 613
f 597 878 596
f 596 878 602
f 848 902 516
f 597 782 596
f 892 893 906
f 841 649 894
f 782 597 862
f 596 782 863
f 602 596 863
f 649 661 894
f 872 578 579
f 872 657 635
f 872 579 657
f 894 573 660
f 892 909 891
f 895 717 893
f 713 895 604
f 660 655 894
f 859 887 888
f 859 896 927
f 896 859 888
f 713 717 895
f 897 887 859
f 897 859 882
f 891 732 892
f 600 672 585
f 894 652 841
f 732 734 892
f 734 604 895
f 898 845 846
f 882 599 600
f 900 715 799
f 892 734 893
f 895 893 734
f 762 529 515
f 529 762 901
f 904 866 868
f 882 597 599
f 597 882 875
f 799 845 898
f 900 799 898
f 903 900 898
f 905 903 898
f 599 862 597
f 866 906 907
f 866 907 840
f 901 800 529
f 801 901 905
f 862 599 600
f 901 801 800
f 909 904 868
f 908 524 528
f 924 865 534
f 534 865 521
f 675 815 563
f 906 904 892
f 802 659 559
f 559 555 802
f 904 909 892
f 534 526 924
f 908 528 644
f 868 870 909
f 672 571 586
f 555 559 560
f 555 898 846
f 539 899 589
f 899 588 589
f 899 539 543
f 567 578 516
f 607 567 516
f 802 667 659
f 802 905 667
f 905 802 801
f 899 591 587
f 563 672 675
f 543 908 899
f 908 531 524
f 628 600 585
f 578 872 516
f 746 518 519
f 518 746 716
f 667 555 560
f 898 555 667
f 898 667 905
f 628 586 571
f 628 585 586
f 600 628 882
f 877 912 507
f 585 862 600
f 592 591 899
f 907 906 893
f 862 586 571
f 862 585 586
f 850 824 829
f 762 515 912
f 912 515 507
f 899 746 592
f 886 613 603
f 601 886 603
f 869 907 893
f 888 628 896
f 628 888 887
f 628 897 882
f 889 613 886
f 509 503 821
f 897 628 887
f 913 827 828
f 887 885 888
f 606 889 890
f 606 886 889
f 886 606 601
f 909 870 884
f 671 509 674
f 824 850 516
f 907 869 834
f 885 897 882
f 885 887 897
f 888 885 896
f 896 885 915
f 917 916 838
f 509 671 536
f 536 671 582
f 840 907 834
f 609 917 838
f 671 602 582
f 582 878 536
f 840 834 855
f 583 878 548
f 878 918 548
f 918 878 876
f 878 583 536
f 920 919 917
f 921 920 917
f 921 917 615
f 878 582 602
f 861 855 834
f 918 880 876
f 919 847 916
f 834 831 861
f 602 863 582
f 582 863 536
f 549 922 547
f 919 851 847
f 924 889 890
f 924 890 923
f 917 919 916
f 925 902 928
f 925 920 926
f 779 838 916
f 641 643 925
f 926 641 925
f 811 872 932
f 824 872 811
f 557 849 645
f 628 547 922
f 647 628 643
f 628 647 927
f 643 628 925
f 925 628 922
f 927 645 849
f 645 927 647
f 902 922 550
f 550 922 549
f 902 925 922
f 927 647 614
f 928 890 883
f 928 919 920
f 919 928 883
f 927 896 628
f 923 914 911
f 844 926 616
f 927 920 887
f 927 888 896
f 927 887 888
f 828 930 929
f 930 828 812
f 927 556 647
f 556 927 896
f 915 556 896
f 887 889 897
f 926 920 616
f 616 615 614
f 930 812 826
f 882 545 875
f 876 545 918
f 545 876 875
f 882 889 545
f 889 882 897
f 920 925 928
f 616 920 921
f 616 921 615
f 885 545 915
f 545 880 918
f 880 545 879
f 545 885 879
f 915 545 556
f 923 911 910
f 618 920 921
f 920 618 928
f 914 923 902
f 910 924 923
f 924 910 913
f 643 645 647
f 556 557 645
f 647 556 645
f 641 926 844
f 923 928 902
f 848 914 902
f 558 825 662
f 928 923 890
f 558 629 630
f 931 864 865
f 865 828 931
f 931 828 929
f 828 865 924
f 890 928 606
f 924 913 828
f 932 511 808
f 920 927 921
f 921 927 615
f 932 808 811
f 872 824 516
f 753 775 755
f 775 753 786
f 778 775 786
f 928 890 889
f 920 928 889
f 887 920 889
f 850 829 827
f 848 850 827
f 914 848 827
f 914 910 911
f 910 914 827
f 913 910 827
f 780 933 654
f 583 564 584
f 918 564 548
f 564 918 876
f 583 548 564
f 742 934 683
f 682 934 742
f 683 934 682
f 935 933 855
f 630 631 562
f 935 861 938
f 558 630 562
f 562 666 564
f 855 861 935
f 629 558 662
f 937 936 650
f 937 650 654
f 936 739 650
f 852 849 530
f 530 849 557
f 933 935 517
f 935 644 517
f 644 935 908
f 739 936 720
f 936 620 720
f 620 936 937
f 861 705 938
f 938 746 899
f 746 938 705
f 938 908 935
f 899 908 938
f 517 937 654
f 654 933 517
f 940 942 941
f 942 940 939
f 945 947 946
f 945 948 947
f 948 945 944
f 952 954 953
f 954 952 942
f 939 954 942
f 957 956 948
f 944 957 948
f 960 959 958
f 962 961 968
f 964 963 1040
f 965 961 962
f 962 968 967
f 960 958 969
f 1023 971 979
f 971 1023 958
f 964 999 963
f 959 971 958
f 959 969 971
f 971 969 975
f 969 959 960
f 979 971 975
f 983 976 982
f 980 1208 972
f 986 985 957
f 987 986 957
f 969 987 957
f 975 969 957
f 979 975 957
f 989 979 957
f 990 989 957
f 945 990 957
f 944 945 957
f 988 1108 1119
f 1108 988 977
f 983 1014 976
f 957 1007 956
f 956 947 948
f 977 988 992
f 1016 982 976
f 1023 969 958
f 991 993 997
f 972 991 997
f 951 999 955
f 972 997 1005
f 1016 976 998
f 989 1034 979
f 1000 994 949
f 990 945 946
f 995 1204 996
f 1005 980 972
f 989 1039 1034
f 1007 957 985
f 1067 980 1005
f 1001 992 988
f 956 1010 947
f 956 1007 1010
f 1183 995 1012
f 1012 995 1011
f 999 964 955
f 1012 1015 1183
f 978 1050 1049
f 1000 1006 1036
f 999 1002 963
f 969 1102 987
f 1036 998 1020
f 998 1036 1016
f 978 1019 1018
f 978 1024 1019
f 974 982 1016
f 978 1032 1031
f 974 1016 1004
f 951 1167 1143
f 1011 1015 1012
f 1020 993 991
f 1010 1033 947
f 1015 1011 1008
f 1033 946 947
f 1021 1018 1019
f 994 1020 991
f 1024 978 1031
f 1032 978 966
f 1046 984 1015
f 1036 1020 994
f 1036 994 1000
f 1004 1036 1029
f 1014 1013 1017
f 1025 1026 1022
f 1021 1024 1027
f 1019 1024 1021
f 973 1199 1013
f 1025 1064 1026
f 1024 1031 1027
f 1032 1027 1031
f 1014 1114 1127
f 1034 1023 979
f 1006 1029 1036
f 1026 1211 1022
f 1037 1035 1028
f 940 1136 1038
f 1040 1063 1028
f 952 941 942
f 1036 1004 1016
f 946 1033 1039
f 1039 990 946
f 1034 1039 1060
f 1039 989 990
f 1002 1047 1033
f 1050 978 1051
f 1051 978 1052
f 1052 978 1018
f 1053 953 954
f 1018 1054 1052
f 1054 1018 1021
f 1002 1033 1010
f 1129 1058 1057
f 1051 1052 1054
f 981 984 1046
f 1056 1068 1053
f 1040 963 1101
f 1033 1047 1039
f 1045 1073 1055
f 1060 1039 1047
f 1051 1054 1061
f 1050 1051 1061
f 1073 1045 1059
f 1076 981 1046
f 1028 1063 1037
f 1054 1097 1061
f 1102 1040 1101
f 953 1066 952
f 1060 1047 1062
f 1070 1040 1102
f 1062 1069 1060
f 953 1068 1066
f 953 1053 1068
f 1064 1065 1095
f 1133 1172 1076
f 1049 1061 1044
f 1044 1080 1049
f 1040 1070 1063
f 1064 1030 1065
f 1068 1056 1073
f 999 1062 1047
f 981 1076 1172
f 1061 1049 1050
f 1071 1159 1075
f 1025 1030 1064
f 1075 1078 1072
f 1071 1075 1072
f 951 1062 999
f 1077 1078 1075
f 1197 1040 1028
f 1054 1067 1097
f 1066 1095 1065
f 1028 1035 943
f 999 1047 1002
f 1068 1095 1066
f 1068 1082 1095
f 1003 1067 1005
f 1069 1121 1060
f 1080 978 1049
f 1077 1159 1084
f 1159 1086 1084
f 1086 1159 1083
f 1159 1088 1083
f 1159 1099 1088
f 1099 1159 1106
f 943 1115 1116
f 1081 1087 1085
f 1079 1081 1085
f 1143 1062 951
f 1030 1110 1148
f 1091 1113 1115
f 1172 1133 1003
f 1089 1082 1090
f 1094 1083 1088
f 1083 1094 1093
f 1086 1083 1093
f 1035 1091 1115
f 1044 1209 1214
f 1037 1100 1035
f 1037 1157 1100
f 985 1101 1007
f 1089 1095 1082
f 986 1101 985
f 1101 986 1102
f 986 987 1102
f 1171 1094 1099
f 1099 1094 1088
f 1103 1091 1035
f 1100 1103 1035
f 1173 1090 1082
f 1096 1098 1107
f 1097 1067 1133
f 1037 1163 1156
f 1030 1025 1110
f 1079 1104 1108
f 1037 1071 1163
f 1096 1130 1110
f 1106 1109 1171
f 1099 1106 1171
f 1025 1096 1110
f 1171 1109 1111
f 1102 969 1023
f 1079 1108 1081
f 1017 1192 1114
f 1113 1091 1103
f 1113 1112 1115
f 1112 1116 1115
f 1116 1112 1125
f 1089 1064 1095
f 1023 1070 1102
f 1117 1108 1104
f 1023 1034 1123
f 1123 1034 1118
f 1206 1142 1105
f 1060 1118 1034
f 1117 1119 1108
f 1120 1118 1121
f 1017 1114 1014
f 1112 1129 1057
f 988 1119 1001
f 1112 1126 1125
f 1115 943 1035
f 1118 1060 1121
f 1017 1013 1199
f 1119 1117 1001
f 1023 1123 1070
f 1122 1113 1150
f 1082 1068 1073
f 1084 1086 1093
f 1126 1112 1057
f 1151 1148 1110
f 1120 1123 1118
f 1057 951 1126
f 951 1057 1058
f 1126 951 943
f 1112 1122 1129
f 1121 1159 1120
f 984 981 1128
f 1130 1096 1107
f 1121 1160 1159
f 1122 1124 1129
f 1116 1125 943
f 1110 1131 1151
f 1139 1169 1105
f 981 1145 1128
f 943 1125 1126
f 1070 1123 1120
f 1064 1089 1026
f 951 1058 1074
f 1114 1128 1127
f 1090 996 966
f 1084 1078 1077
f 1078 1084 1093
f 1127 1128 1145
f 1167 1177 1143
f 1067 1003 1133
f 1143 1178 1134
f 1129 1124 1132
f 1014 1127 1153
f 1070 1120 1063
f 978 1080 1026
f 1134 1135 1143
f 1213 970 1132
f 1136 940 941
f 1148 1038 1136
f 1037 1063 1120
f 1030 1148 1136
f 1132 1048 1129
f 1120 1159 1037
f 1136 941 1138
f 1181 1140 1134
f 1127 1137 1153
f 941 952 1138
f 1093 982 974
f 1134 1140 1135
f 1136 1138 1030
f 1131 1110 1130
f 1138 1065 1030
f 1139 1046 1001
f 1145 1137 1127
f 1143 1141 1069
f 1149 1143 1144
f 1144 1143 1135
f 1069 1062 1143
f 1152 1143 1149
f 1139 1076 1046
f 1048 1142 1092
f 1121 1069 1160
f 1043 1151 1059
f 1093 1094 982
f 1132 970 1142
f 1069 1141 1160
f 1144 1140 1146
f 1065 1138 1066
f 1048 1132 1142
f 995 1107 1147
f 1140 1144 1135
f 1076 970 1133
f 1076 1139 970
f 1138 952 1066
f 1142 1206 1092
f 1172 1145 981
f 1143 1152 1141
f 1145 1005 1137
f 1152 1111 1141
f 1122 1187 1186
f 1172 1005 1145
f 1122 1150 1187
f 1042 1041 1151
f 976 1014 1153
f 1008 1011 1147
f 1113 1122 1112
f 1148 1041 1038
f 1041 1148 1151
f 1096 1022 1098
f 1193 1022 1203
f 1008 992 1015
f 998 1153 1155
f 1146 1152 1149
f 1146 1149 1144
f 1158 1157 1156
f 1157 1158 1113
f 1022 1096 1025
f 1150 1154 1187
f 1146 1111 1152
f 950 973 1013
f 998 1155 993
f 1046 1015 992
f 1151 1043 1042
f 1113 1103 1100
f 1157 1113 1100
f 1111 1146 1171
f 1150 1158 1154
f 1189 1161 1193
f 1151 1131 1059
f 1140 950 1146
f 950 1140 949
f 976 1153 998
f 1137 1155 1153
f 1146 1175 1171
f 1150 1113 1158
f 1059 1131 1162
f 1157 1037 1156
f 1098 1193 1161
f 1162 1073 1059
f 1159 1077 1075
f 1071 1037 1159
f 1073 1162 1164
f 1022 1193 1098
f 949 1140 1000
f 993 1020 998
f 1082 1073 1164
f 1156 1072 1158
f 1072 1156 1163
f 1161 1189 1165
f 1202 1210 1209
f 1159 1109 1106
f 1109 1159 1160
f 1189 1168 1165
f 997 993 1137
f 1137 993 1155
f 1160 1111 1109
f 1111 1160 1141
f 1074 1167 951
f 1158 1176 1169
f 1058 1170 1074
f 1170 1058 1129
f 1071 1072 1163
f 1165 1168 1098
f 1161 1165 1098
f 1176 1158 1078
f 1164 1162 1166
f 1158 1072 1078
f 1167 1074 1170
f 1174 1168 1189
f 997 1137 1005
f 1175 1094 1171
f 1164 1166 1173
f 1168 1107 1098
f 1107 1168 1174
f 1173 1082 1164
f 1143 1179 1178
f 1143 1180 1179
f 1180 1143 1177
f 1154 1158 1169
f 1014 1175 1013
f 992 1001 1046
f 1195 1154 1169
f 1093 974 1176
f 1173 996 1090
f 1134 1178 1181
f 1174 1147 1107
f 1213 1202 1097
f 1166 1131 1130
f 1172 1003 1005
f 1130 1107 1166
f 1008 1147 1174
f 1189 1008 1174
f 1061 1202 1044
f 1162 1131 1166
f 995 1183 1182
f 1184 995 1182
f 1097 1202 1061
f 1179 1185 1181
f 1204 995 1205
f 1185 1179 1180
f 1166 995 1173
f 1081 1108 977
f 1013 1175 950
f 1078 1093 1176
f 996 1173 995
f 1181 1178 1179
f 1186 1124 1122
f 995 1198 1205
f 1184 1190 995
f 1189 1191 977
f 1191 1189 1188
f 1187 1104 1079
f 1166 1107 995
f 1081 977 1191
f 984 1184 1182
f 1188 1189 1193
f 1188 1203 1207
f 1079 1186 1187
f 977 992 1189
f 1169 1176 1105
f 1184 984 1192
f 1206 1176 974
f 1117 1104 1187
f 995 1147 1011
f 1140 1181 1000
f 1190 1184 1192
f 1189 992 1008
f 1196 973 950
f 1105 1176 1206
f 1154 1195 1187
f 1181 1048 1006
f 1197 1028 943
f 966 1212 1032
f 974 1004 1206
f 950 949 1196
f 1081 1194 1087
f 943 951 1197
f 1195 1117 1187
f 1198 995 1190
f 1181 1006 1000
f 1200 1197 955
f 1191 1194 1081
f 1212 966 996
f 1199 1021 1027
f 951 955 1197
f 1186 1085 1201
f 1085 1186 1079
f 1200 964 1197
f 1203 1188 1193
f 1199 1009 1017
f 1040 1197 964
f 1198 1192 1009
f 1190 1192 1198
f 1191 1202 1194
f 1170 1177 1167
f 1007 1101 963
f 1124 1186 1201
f 1199 973 1196
f 1117 1195 1169
f 1208 1021 1199
f 1177 1185 1180
f 1185 1177 1170
f 1007 963 1010
f 1210 1202 1188
f 1208 980 1021
f 1002 1010 963
f 1196 1208 1199
f 1117 1169 1001
f 1092 1004 1029
f 1191 1188 1202
f 1211 1210 1188
f 1207 1211 1188
f 1212 996 1204
f 964 1200 955
f 1085 1213 1132
f 1085 1132 1201
f 1185 1129 1048
f 1205 1009 1204
f 1009 1205 1198
f 1124 1201 1132
f 1210 1026 1209
f 1211 1026 1210
f 972 1208 1196
f 1004 1092 1206
f 1214 1026 1080
f 1181 1185 1048
f 1009 1212 1204
f 1196 994 991
f 1196 949 994
f 1169 1139 1001
f 972 1196 991
f 1022 1207 1203
f 1170 1129 1185
f 1211 1207 1022
f 983 1094 1175
f 1026 1214 1209
f 961 1043 1059
f 1043 961 965
f 1054 980 1067
f 1215 968 961
f 1175 1146 950
f 1209 1044 1202
f 1212 1027 1032
f 1045 961 1059
f 961 1045 1215
f 1044 1214 1080
f 1094 983 982
f 1215 1045 1043
f 962 1215 1043
f 965 962 1043
f 1006 1048 1092
f 1009 1192 1017
f 1054 1021 980
f 1055 968 1215
f 968 1055 1073
f 1056 967 968
f 1073 1056 968
f 983 1175 1014
f 1006 1092 1029
f 1215 1056 1055
f 1056 1215 962
f 967 1056 962
f 1009 1199 1027
f 1213 1194 1202
f 1192 984 1128
f 1053 1055 1056
f 1053 1043 1055
f 1055 1043 1045
f 1043 1053 954
f 1043 1041 1042
f 1041 1043 954
f 1038 1041 954
f 940 1038 954
f 939 940 954
f 1087 1194 1213
f 1128 1114 1192
f 1090 966 978
f 1085 1087 1213
f 1183 1015 984
f 978 1089 1090
f 978 1026 1089
f 984 1182 1183
f 1105 970 1139
f 970 1105 1142
f 1133 970 1097
f 970 1213 1097
f 1027 1212 1009
