# Object Export From Tinkercad Server 2015

mtllib obj.mtl

o obj_0
v 0.888443 4.570505 4.833232
v 0.904811 4.551387 4.828232
v 0.906844 4.558219 4.827651
v 0.890652 4.577460 4.832577
v 0.718789 4.881534 5.019735
v 0.713447 4.914117 5.033956
v 0.897276 4.760520 4.977165
v 0.705868 4.789817 5.053792
v 0.741842 4.784952 5.019381
v 0.749216 4.761819 5.030137
v 0.749034 4.770249 5.040681
v 0.747913 4.775146 5.041040
v 0.742646 4.798475 5.042683
v 0.752851 4.770427 5.039508
v 0.753812 4.773096 5.039217
v 0.731614 4.884838 5.098367
v 0.752711 4.789707 5.099192
v 0.721843 4.916178 5.084626
v 0.757276 4.777661 5.098915
v 0.756954 4.777819 5.098960
v 0.738677 4.786695 5.019802
v 0.753523 4.792220 5.098837
v 0.818991 4.559796 5.007159
v -0.062157 1.475291 5.438325
v 0.799931 4.496017 5.012187
v 0.753098 4.776531 5.072978
v -0.227039 1.462960 5.409770
v 0.752595 4.776667 5.072697
v 0.751997 4.777952 5.071055
v -0.226244 1.211318 5.370400
v -0.082555 1.405332 5.287677
v 0.884515 4.531477 5.036335
v 0.751568 4.776981 5.072269
v 0.883690 4.528161 5.038086
v -0.211690 1.504966 5.248459
v 0.882506 4.526148 5.034520
v 0.536409 4.359017 5.086355
v 0.917108 4.765001 5.092306
v 0.521758 4.312585 5.091920
v 0.921857 4.810359 5.030391
v 0.864057 4.779865 5.070768
v 0.604925 4.367260 5.059450
v 0.751249 4.761701 5.029296
v 0.854607 4.777458 5.012997
v 0.959533 4.747982 5.055483
v 0.900979 4.622906 4.873729
v 0.889619 4.615119 4.860870
v 0.618918 4.370208 5.138772
v 0.588969 4.294859 5.131580
v 0.528493 4.314246 5.132709
v 0.544779 4.361113 5.137159
v 0.748714 4.755301 5.034501
v 0.950081 4.745571 4.997711
v 0.584987 4.307077 5.077866
v 0.881268 4.531548 5.044391
v 0.810180 4.553237 5.013058
v 0.793019 4.499509 5.018122
v 0.579802 4.292892 5.079770
v -0.094908 1.442633 5.367646
v -0.111714 1.416979 5.312325
v -0.111814 1.417087 5.312130
v -0.137202 1.460043 5.404468
v -0.157211 1.455008 5.289363
v -0.197837 1.451379 5.385187
v -0.199859 1.472144 5.325296
v -0.197812 1.451345 5.385052
# 66 vertices

g group_0_15506754

usemtl color_15506754
s 0

f 1 	2 	3
f 1 	3 	4
f 10 	11 	9
f 11 	12 	9
f 12 	13 	9
f 5 	9 	13
f 13 	26 	16
f 14 	15 	12
f 14 	12 	11
f 5 	21 	9
f 20 	22 	19
f 19 	22 	16
f 16 	22 	17
f 23 	25 	7
f 19 	16 	26
f 5 	13 	16
f 6 	5 	16
f 64 	66 	41
f 32 	34 	45
f 22 	20 	28
f 22 	28 	29
f 30 	27 	24
f 18 	6 	16
f 24 	31 	30
f 17 	22 	33
f 29 	33 	22
f 13 	8 	29
f 28 	26 	29
f 13 	29 	26
f 33 	29 	8
f 27 	30 	35
f 7 	40 	44
f 32 	53 	36
f 40 	38 	41
f 21 	37 	42
f 10 	43 	14
f 10 	14 	11
f 41 	44 	40
f 40 	45 	38
f 37 	21 	5
f 46 	47 	4
f 46 	4 	3
f 50 	51 	49
f 48 	49 	51
f 40 	53 	45
f 51 	16 	17
f 37 	54 	42
f 51 	18 	16
f 7 	53 	40
f 51 	17 	48
f 51 	37 	18
f 6 	37 	5
f 39 	37 	50
f 51 	50 	37
f 55 	34 	32
f 59 	62 	45
f 32 	36 	55
f 37 	6 	18
f 49 	48 	54
f 34 	55 	36
f 46 	23 	47
f 56 	47 	23
f 15 	14 	33
f 57 	65 	25
f 7 	25 	63
f 56 	57 	1
f 56 	1 	4
f 56 	4 	47
f 2 	1 	25
f 57 	25 	1
f 19 	26 	20
f 28 	20 	26
f 48 	17 	33
f 42 	48 	52
f 37 	39 	54
f 58 	54 	39
f 23 	44 	56
f 39 	50 	58
f 42 	52 	21
f 44 	57 	56
f 35 	30 	31
f 49 	58 	50
f 31 	24 	59
f 31 	59 	60
f 58 	49 	54
f 42 	54 	48
f 65 	57 	44
f 31 	60 	61
f 2 	23 	3
f 48 	33 	52
f 38 	45 	62
f 63 	25 	65
f 46 	3 	23
f 25 	23 	2
f 24 	62 	59
f 64 	41 	62
f 41 	38 	62
f 53 	61 	36
f 36 	59 	34
f 60 	36 	61
f 8 	12 	33
f 15 	33 	12
f 61 	63 	31
f 35 	31 	63
f 52 	43 	10
f 9 	21 	10
f 52 	10 	21
f 65 	41 	66
f 43 	52 	14
f 52 	33 	14
f 64 	62 	27
f 24 	27 	62
f 61 	53 	63
f 59 	36 	60
f 53 	32 	45
f 23 	7 	44
f 7 	63 	53
f 8 	13 	12
f 63 	65 	35
f 64 	27 	66
f 59 	45 	34
f 35 	65 	27
f 66 	27 	65
f 44 	41 	65
# 124 faces

 #end of obj_0

o obj_1
v -0.533747 2.187227 5.581631
v -0.661974 2.591648 5.483484
v -0.568070 2.181465 5.474450
v -1.072231 2.665811 5.615106
v -0.683345 2.556657 5.450775
v -1.164313 2.590620 5.682248
v -0.467751 2.418434 5.549459
v -1.169321 2.589878 5.666682
v -1.521373 3.014021 5.862644
v -1.576454 3.033148 5.772084
v -1.560067 3.007498 5.741810
v -1.168731 2.590738 5.664562
v -1.444409 3.533041 5.660076
v -1.350214 3.790057 5.667902
v -1.360588 3.787672 5.661699
v -1.168573 2.590961 5.663791
v -1.631254 4.062887 5.811839
v -1.330734 3.793206 5.729415
v -1.330708 3.793170 5.729280
v -1.333892 3.792168 5.736663
v -1.552826 3.037144 5.845625
v -1.338560 3.791916 5.704678
v -1.331349 3.793087 5.727469
v -0.627475 2.597030 5.591691
v -1.265601 3.809091 5.742388
v -0.592723 2.649821 5.482217
v -0.597561 2.652731 5.479335
v -1.072615 2.666041 5.615121
v -0.708618 2.699279 5.480863
v -0.765636 2.757030 5.500852
v -0.749003 2.786739 5.523773
v -1.182817 3.089201 5.615387
v -1.182817 3.089201 5.615387
v -1.202058 3.099275 5.622724
v -1.202058 3.099275 5.622724
v -1.652705 3.957699 5.858199
v -0.638702 2.678063 5.604567
v -0.727221 2.763005 5.621629
v -1.164436 3.134564 5.629928
v -0.727295 2.755784 5.629010
v -1.163791 3.134346 5.629738
v -1.359941 3.182244 5.682654
v -0.752487 2.666786 5.642074
v -1.168820 3.145684 5.600441
v -1.164236 3.144405 5.598536
v -1.169505 3.147111 5.597035
v -0.759349 2.642901 5.645606
v -0.756639 2.649044 5.647564
v -0.751713 2.664785 5.647209
v -1.190627 3.106918 5.752225
v -1.176222 3.102255 5.747816
v -1.271684 2.667358 5.666306
v -1.159920 3.096882 5.742769
v -1.157687 3.096110 5.742285
v -0.769575 2.750011 5.495466
v -0.777467 2.722560 5.499288
v -1.433333 3.572020 5.654511
v -1.178928 3.103731 5.746686
v -1.406153 3.667687 5.640900
v -0.726801 2.790076 5.593493
v -1.179418 3.103870 5.746704
v -1.178611 3.137431 5.639759
v -1.215929 3.124834 5.729425
v -0.932561 2.313294 5.541682
v -0.874244 2.322087 5.725255
v -0.502255 2.412952 5.441351
v -1.208129 3.773366 5.724964
v -1.217856 3.124207 5.733828
v -1.144561 3.091374 5.739657
v -1.490488 2.837540 5.728529
v -0.544460 2.214073 5.625545
v -1.180028 2.621097 5.641267
v -1.172544 2.600526 5.657099
v -1.167511 3.151268 5.599080
v -1.445059 3.962728 5.757625
v -1.179811 2.621382 5.641161
v -1.085741 3.074798 5.727657
v -1.068695 3.090524 5.687404
v -0.918235 2.313174 5.697866
v -1.279274 3.777547 5.764016
v -1.221640 3.741341 5.747419
v -1.452280 2.843096 5.849077
v -1.511712 3.830726 5.785146
v -1.544377 3.504037 5.846016
v -1.399241 3.665428 5.638805
v -1.521354 3.537121 5.853740
v -1.372733 3.602300 5.802926
v -1.364469 3.599538 5.800481
v -1.311505 3.582237 5.784422
v -1.451668 2.847660 5.741001
v -1.463745 3.500949 5.837277
v -1.309477 3.586813 5.767253
v -1.380297 3.609905 5.788917
v -1.377689 3.603977 5.803911
v -1.403439 3.661551 5.656489
v -1.372111 3.651332 5.646977
v -0.793742 2.129016 5.548819
v -1.330662 3.629863 5.659540
v -1.322669 3.625277 5.663469
v -1.323899 3.626309 5.661548
v -1.479872 3.849388 5.808610
v -1.317295 3.622061 5.666164
v -0.952496 2.307338 5.590714
v -1.486387 3.468841 5.829742
v -1.261955 2.707320 5.687813
v -0.796294 2.160605 5.506064
v -1.335513 3.791585 5.740223
v -1.361972 3.647994 5.643928
v -1.686107 4.145755 5.859193
v -0.737913 2.169325 5.689668
v -0.759176 2.134426 5.656958
v -0.932135 2.358972 5.602505
v -0.909918 2.362709 5.671827
v -0.987395 2.412749 5.617481
v -1.428103 2.851727 5.814509
v -1.655899 4.055221 5.854466
v -1.345042 3.900192 5.728721
v -1.079559 2.651407 5.670490
v -1.686353 3.939642 5.835270
v -1.706349 3.936095 5.773242
v -1.057080 2.674450 5.626463
v -1.348946 3.886580 5.730648
v -1.034955 2.678194 5.695987
v -1.035611 2.677306 5.698176
v -1.321032 3.154578 5.775839
v -1.036759 2.677903 5.690215
v -1.044549 2.676573 5.665642
v -0.898854 2.381079 5.688471
v -0.897389 2.381468 5.689319
v -1.262893 3.466277 5.776667
v -1.034888 2.678222 5.695919
v -1.636338 2.802349 5.802201
v -1.612736 2.806380 5.875877
v -1.611784 2.811853 5.767923
v -1.361234 3.870561 5.768995
v -1.059462 2.673359 5.624877
v -1.573157 2.818348 5.888827
v -1.288940 3.467576 5.781651
v -0.893284 2.382860 5.691677
v -1.650807 4.060244 5.750031
v -1.279173 3.490564 5.788953
v -1.570252 3.529394 5.700550
v -1.512639 3.493322 5.683986
v -1.346589 3.787986 5.768630
v -1.393076 3.775714 5.784247
v -1.346563 3.787952 5.768495
v -0.709804 2.268231 5.675535
v -0.613530 2.290757 5.643606
v -1.402172 3.773391 5.787270
v -0.933211 2.375451 5.581024
v -0.932579 2.375741 5.579434
v -0.777969 2.344613 5.693328
v -1.525973 3.462588 5.705839
v -1.282416 3.587004 5.730248
v -1.291500 3.592107 5.726493
v -1.307985 3.611309 5.687802
v -1.338948 3.790569 5.748082
v -1.100476 2.680687 5.613282
v -1.429132 2.933212 5.730187
v -1.101057 2.681267 5.613538
v -1.444823 3.480716 5.779079
v -1.465388 3.477517 5.714471
v -1.420280 3.622917 5.801089
v -1.086053 2.678956 5.617924
v -1.405948 2.936306 5.803506
v -1.463529 3.648273 5.778833
v -1.485690 3.672657 5.731593
v -1.492179 3.679679 5.717944
v -1.481223 3.685231 5.685879
v -1.478705 3.686282 5.679321
v -1.462533 3.680952 5.674313
v -1.692254 3.951510 5.734360
v -1.449309 3.496564 5.781867
v -1.482804 3.531183 5.717198
v -1.220431 2.977909 5.742029
v -1.272669 2.966203 5.759290
v -1.224247 2.976921 5.750402
v -1.442299 3.481120 5.786894
v -1.361843 3.787365 5.660942
v -1.106054 2.823377 5.620076
v -1.446361 3.493461 5.787487
v -1.428822 3.484340 5.792955
v -1.213699 2.979820 5.727282
v -1.284842 2.964411 5.728271
v -0.760443 2.349056 5.670326
v -1.464989 3.959211 5.695527
v -0.634432 2.307794 5.632218
v -1.327442 3.680102 5.768111
v -1.417220 3.769177 5.792471
v -1.270776 2.967030 5.758992
v -1.367031 3.673849 5.644206
v -1.323315 3.652836 5.666527
v -1.446266 3.483220 5.679474
v -1.445698 3.488396 5.676070
v -1.209472 2.981882 5.643681
v -1.463563 3.478084 5.711104
v -1.292801 2.963314 5.684794
v -1.205538 2.982541 5.655715
v -1.122116 2.824710 5.637306
v -1.126814 2.812489 5.682362
v -1.298081 2.962175 5.687349
v -1.130709 2.801417 5.722290
v -1.126793 2.799012 5.724640
v -0.708314 2.290801 5.655849
v -1.458620 3.534303 5.675004
v -1.399514 3.973637 5.776760
v -1.743380 4.145855 5.774614
v -1.220781 2.978003 5.742309
v -1.274666 2.966154 5.759663
v -1.723513 4.149444 5.836681
v -1.344374 3.939694 5.760429
v -1.053193 2.697421 5.700822
v -1.456750 3.759121 5.805274
v -1.470441 3.755920 5.796119
v -1.235983 2.981115 5.752845
v -0.602841 2.205353 5.441941
v -1.725632 4.139432 5.735321
v -0.930626 2.376766 5.574931
v -1.421607 2.962036 5.832488
v -0.768185 2.259511 5.491930
v -1.439102 3.967385 5.652857
v -0.836287 2.335821 5.509753
v -1.383962 3.933441 5.636525
v -1.501985 3.751243 5.696846
v -1.496351 3.753136 5.682339
v -1.364661 3.897520 5.666982
v -1.695381 4.049061 5.730559
v -1.367826 3.786052 5.657386
v -1.385236 3.781964 5.645293
v -0.671911 2.282036 5.460002
v -0.808179 2.434727 5.495618
v -0.762443 2.668671 5.649481
v -0.754423 2.667435 5.642648
v -1.459882 2.956451 5.712008
v -0.643802 2.380942 5.445867
v -0.912617 2.766952 5.539874
v -0.947518 2.746127 5.652237
v -0.949602 2.742192 5.667441
v -0.906655 2.460372 5.562524
v -0.805605 2.684165 5.658308
v -1.368475 3.883801 5.668804
v -1.238496 3.004708 5.638880
v -0.938690 2.764608 5.581871
v -1.325246 3.493966 5.624091
v -1.277341 3.383208 5.614612
v -1.204914 3.000259 5.638846
v -0.977386 2.745577 5.693778
v -0.970745 2.783363 5.565657
v -1.400693 3.864265 5.645052
v -1.232426 2.528978 5.768515
v -1.255926 2.524939 5.694937
v -0.972348 2.784321 5.564651
v -1.204694 3.005563 5.633854
v -1.213134 3.010150 5.630508
v -0.787162 2.417379 5.508002
v -0.756515 2.283318 5.504735
v -0.661152 2.376116 5.469894
v -1.226851 2.834917 5.745277
v -1.262105 2.560729 5.668673
v -1.239116 2.862217 5.675307
v -1.305150 3.802902 5.618550
v -0.808685 2.341511 5.519147
v -1.247515 3.766695 5.601952
v -1.299090 2.965192 5.687329
v -1.495818 3.752160 5.681582
v -1.327508 3.494672 5.624810
v -1.364322 3.506775 5.635895
v -1.407141 3.520836 5.648806
v -1.275730 2.969577 5.760047
v -1.398242 3.516717 5.650036
v -1.428924 3.498367 5.666792
v -0.682609 2.300277 5.480969
v -0.817650 2.520774 5.697276
v -1.455956 3.758425 5.805610
v -1.442946 3.529713 5.668516
v -1.203966 3.003999 5.637825
v -0.864712 2.481363 5.678258
v -1.423428 3.486048 5.780457
v -0.868878 2.466868 5.680291
v -1.431029 3.663241 5.802425
v -1.327817 3.495296 5.623322
v -0.868162 2.488448 5.673505
v -1.185674 2.963109 5.742482
v -1.195185 2.984336 5.688168
v -0.585044 2.390537 5.629761
v -0.653208 2.466918 5.647554
v -1.205640 3.007746 5.628191
v -0.487866 2.412759 5.597565
v -0.625100 2.565824 5.633419
v -1.182768 2.986471 5.726953
v -0.749483 2.444394 5.679481
v -1.182039 2.986580 5.729293
v -0.852244 2.544279 5.665793
v -1.171537 3.007170 5.741529
v -1.259149 4.093155 5.622741
v -1.239220 4.096672 5.684839
v -1.199780 3.011096 5.759679
v -1.165647 3.018918 5.748430
v -1.433165 3.768095 5.660456
v -0.950195 2.774442 5.689728
v -0.939378 2.785558 5.688076
v -1.385840 3.780472 5.644676
v -0.869383 2.500290 5.656781
v -0.869529 2.504082 5.652264
v -0.612532 2.384536 5.621363
v -1.340137 4.159608 5.713912
v -0.781355 2.650309 5.652367
v -1.360070 4.155992 5.651912
v -1.541457 4.269462 5.703932
v -0.875966 2.511980 5.513701
v -1.270601 3.733684 5.594197
v -1.328147 3.769783 5.610690
v -1.341149 3.094765 5.694264
v -1.336016 3.095497 5.710523
v -1.294657 4.170489 5.733116
v -0.977230 2.786059 5.566602
v -0.664775 2.443102 5.634845
v -1.205182 3.596619 5.596696
v -1.583521 3.498687 5.722333
v -0.943036 2.790715 5.688994
v -1.165656 3.602943 5.720570
v -1.257800 4.103021 5.725329
v -0.886744 2.538898 5.557586
v -0.788199 2.659853 5.654051
v -1.317667 3.098338 5.766473
v -1.317658 3.098337 5.766773
v -0.902510 2.475004 5.560525
v -1.325538 3.097016 5.742404
v -0.902740 2.482739 5.565667
v -1.626298 3.667862 5.727368
v -0.738542 2.425799 5.659471
v -1.586709 3.674114 5.851272
v -1.566518 3.707562 5.690088
v -1.038024 2.863120 5.582362
v -1.600216 3.648357 5.704336
v -1.274335 3.555516 5.604658
v -1.035311 2.865458 5.581305
v -1.240192 3.615622 5.590629
v -1.551321 3.655986 5.857627
v -0.891885 2.500689 5.582083
v -0.546246 2.404040 5.413961
v -0.894273 2.496495 5.578485
v -1.453887 4.354867 5.774150
v -1.237975 3.537113 5.610677
v -0.999438 2.869551 5.703201
v -0.998311 2.870504 5.702797
v -1.334116 4.164195 5.609174
v -0.887835 2.501340 5.594512
v -1.521688 4.312506 5.798835
v -1.316346 3.519188 5.635101
v -1.313773 3.517522 5.635735
v -1.280436 3.525413 5.652868
v -1.326714 3.497419 5.624391
v -0.711589 2.458196 5.463949
v -1.297459 4.097143 5.600496
v -1.521590 4.273049 5.765999
v -1.531640 3.827208 5.723048
v -1.225373 3.563171 5.757880
v -0.974279 2.782060 5.565914
v -1.191361 3.623321 5.743890
v -1.274893 3.523930 5.759165
v -1.198629 3.543718 5.733624
v -1.274764 3.523886 5.759128
v -1.276327 3.525441 5.760724
v -1.479932 4.380289 5.678823
v -1.460380 4.382932 5.740631
v -0.713016 2.435556 5.483665
v -1.592948 3.727960 5.714603
v -1.553979 3.733692 5.837260
v -1.147170 2.593589 5.736073
v -1.297574 4.266546 5.626466
v -1.278023 4.269189 5.688274
v -1.145441 2.594558 5.737414
v -1.091677 3.087013 5.614975
v -1.330624 4.246938 5.603911
v -1.145375 2.594586 5.737345
v -1.259125 3.528714 5.728524
v -1.257473 3.529159 5.725230
v -1.278060 3.504464 5.777788
v -1.291035 4.253191 5.727815
v -1.493434 4.348677 5.650312
v -1.317174 3.098433 5.766989
v -1.305932 3.092766 5.770564
v -1.498529 3.750224 5.757858
v -1.510223 3.748436 5.721651
v -1.198417 3.026182 5.632033
v -1.490717 3.751416 5.782396
v -1.163752 3.031618 5.741003
v -1.148786 3.078291 5.739896
v -1.147812 3.081491 5.739839
v -1.475113 3.754940 5.792950
v -1.128343 3.068616 5.593490
v -1.561725 4.305756 5.673712
v -1.333589 3.088317 5.684692
v -1.340473 3.094479 5.693204
v -1.340893 3.094879 5.693686
v -1.285317 3.478870 5.781394
v -1.406515 3.489594 5.803006
v -1.645679 4.334453 5.734432
v -1.404337 3.494510 5.804813
v -1.252190 3.086074 5.639372
v -1.406347 3.489950 5.803168
v -1.417869 3.486982 5.797938
v -1.625821 4.338344 5.795600
v -1.510607 3.748398 5.720397
v -1.504397 3.750484 5.702902
v -1.185818 3.077191 5.618554
v -1.202058 3.099275 5.622724
v -1.510484 3.748455 5.719960
v -1.597855 4.315846 5.822123
v -1.185702 3.077915 5.618385
v -1.408007 3.509462 5.806134
v -1.381252 3.623754 5.635200
v -1.637380 4.309522 5.698250
v -1.343938 3.537330 5.627862
v -1.336643 3.532497 5.629715
v -1.517685 3.715261 5.843347
v -1.213497 3.092598 5.760207
v -1.295450 3.544889 5.781168
v -1.290380 3.539763 5.775829
v -1.223389 2.567118 5.789474
v -1.368245 3.595843 5.801838
v -1.326420 3.536828 5.791602
v -1.382223 3.506511 5.801086
v -1.232968 2.673747 5.787107
v -1.519398 3.843064 5.684736
v -1.142652 2.626855 5.758778
v -1.145012 2.604949 5.744140
v -1.063035 2.686372 5.730824
v -1.142304 2.627097 5.758633
v -1.064259 2.687702 5.731206
v -1.053833 2.684316 5.718708
v -1.238703 2.710441 5.761065
v -1.478382 3.627991 5.716456
# 434 vertices

g group_1_6970902

usemtl color_6970902
s 0

f 86 	85 	84
f 90 	359 	68
f 86 	85 	91
f 224 	408 	94
f 92 	93 	95
f 96 	95 	93
f 93 	92 	97
f 81 	245 	327
f 98 	99 	100
f 98 	100 	101
f 96 	97 	95
f 92 	95 	97
f 74 	317 	72
f 99 	100 	105
f 99 	105 	107
f 86 	84 	85
f 85 	89 	91
f 74 	78 	317
f 103 	104 	106
f 317 	78 	82
f 89 	88 	91
f 110 	140 	108
f 110 	108 	100
f 317 	82 	139
f 89 	451 	85
f 111 	112 	110
f 109 	113 	114
f 109 	114 	115
f 451 	86 	84
f 119 	120 	117
f 116 	117 	120
f 80 	327 	88
f 124 	117 	127
f 119 	117 	124
f 109 	106 	122
f 106 	104 	122
f 121 	122 	104
f 126 	97 	104
f 97 	96 	104
f 121 	104 	96
f 88 	451 	89
f 102 	167 	149
f 73 	132 	67
f 84 	85 	451
f 81 	451 	80
f 88 	80 	451
f 69 	67 	132
f 129 	127 	128
f 127 	124 	128
f 134 	127 	129
f 124 	119 	128
f 119 	120 	128
f 120 	135 	128
f 105 	128 	135
f 107 	105 	135
f 78 	217 	82
f 112 	111 	140
f 440 	140 	111
f 384 	387 	133
f 145 	339 	131
f 139 	138 	325
f 142 	325 	138
f 135 	196 	143
f 110 	112 	140
f 226 	425 	142
f 155 	158 	154
f 423 	186 	149
f 156 	118 	171
f 160 	153 	159
f 159 	154 	158
f 154 	159 	153
f 136 	118 	156
f 162 	151 	161
f 161 	151 	125
f 170 	152 	157
f 146 	91 	147
f 451 	423 	450
f 149 	450 	423
f 150 	152 	170
f 164 	165 	166
f 149 	453 	450
f 91 	133 	147
f 118 	400 	171
f 258 	81 	80
f 457 	453 	149
f 182 	201 	167
f 84 	254 	85
f 86 	254 	84
f 173 	254 	86
f 162 	174 	164
f 221 	222 	85
f 212 	254 	223
f 179 	145 	178
f 169 	178 	145
f 222 	258 	85
f 258 	80 	88
f 181 	491 	148
f 67 	177 	137
f 268 	171 	266
f 70 	184 	94
f 180 	179 	178
f 177 	145 	131
f 464 	170 	468
f 187 	414 	193
f 156 	171 	181
f 145 	194 	195
f 195 	205 	145
f 172 	130 	163
f 184 	70 	187
f 184 	187 	193
f 182 	102 	175
f 163 	130 	169
f 145 	179 	194
f 143 	196 	144
f 445 	429 	196
f 182 	167 	102
f 189 	304 	197
f 190 	304 	189
f 303 	193 	304
f 177 	67 	163
f 195 	194 	439
f 179 	436 	194
f 197 	304 	192
f 102 	149 	185
f 163 	145 	177
f 83 	188 	201
f 184 	202 	94
f 163 	67 	69
f 120 	196 	135
f 204 	196 	191
f 127 	191 	196
f 188 	223 	201
f 88 	89 	188
f 120 	119 	196
f 119 	124 	196
f 127 	196 	124
f 339 	145 	205
f 145 	163 	169
f 200 	76 	198
f 207 	196 	204
f 201 	182 	83
f 439 	442 	195
f 201 	210 	211
f 201 	212 	210
f 202 	184 	193
f 137 	176 	214
f 215 	167 	211
f 255 	167 	215
f 214 	176 	213
f 217 	216 	130
f 169 	130 	216
f 178 	169 	216
f 294 	245 	307
f 131 	218 	176
f 213 	176 	218
f 155 	220 	158
f 221 	158 	220
f 148 	203 	75
f 307 	80 	88
f 219 	209 	208
f 83 	422 	206
f 222 	221 	220
f 498 	313 	190
f 142 	224 	226
f 201 	223 	212
f 222 	165 	168
f 228 	219 	227
f 262 	219 	228
f 170 	227 	219
f 202 	230 	94
f 224 	94 	230
f 224 	230 	226
f 176 	177 	131
f 88 	188 	307
f 230 	425 	226
f 325 	142 	425
f 237 	161 	233
f 234 	235 	233
f 235 	237 	233
f 236 	237 	235
f 232 	233 	161
f 229 	232 	161
f 159 	229 	161
f 210 	91 	211
f 156 	181 	231
f 227 	239 	228
f 240 	228 	239
f 156 	231 	225
f 212 	211 	210
f 382 	400 	118
f 125 	151 	378
f 377 	378 	151
f 227 	170 	244
f 241 	250 	243
f 242 	250 	231
f 253 	214 	213
f 211 	223 	451
f 392 	391 	244
f 227 	244 	391
f 225 	231 	250
f 451 	450 	215
f 451 	215 	211
f 212 	223 	211
f 173 	451 	223
f 154 	146 	147
f 177 	176 	137
f 244 	247 	227
f 81 	307 	245
f 239 	227 	247
f 131 	357 	218
f 245 	294 	327
f 155 	154 	147
f 147 	424 	155
f 249 	250 	241
f 242 	243 	250
f 294 	451 	245
f 81 	245 	451
f 248 	191 	244
f 469 	191 	248
f 159 	158 	254
f 248 	247 	244
f 340 	167 	255
f 174 	162 	257
f 256 	243 	242
f 255 	215 	483
f 91 	483 	215
f 162 	161 	257
f 334 	79 	209
f 215 	279 	255
f 231 	181 	285
f 219 	337 	209
f 483 	91 	146
f 259 	260 	219
f 174 	257 	258
f 168 	165 	258
f 165 	164 	258
f 174 	258 	164
f 346 	254 	211
f 210 	211 	254
f 88 	89 	258
f 219 	262 	259
f 210 	254 	212
f 261 	263 	264
f 171 	246 	265
f 206 	293 	315
f 260 	259 	108
f 357 	251 	218
f 255 	346 	215
f 211 	215 	346
f 263 	225 	267
f 250 	267 	225
f 228 	108 	262
f 257 	245 	258
f 158 	221 	254
f 221 	85 	254
f 223 	254 	173
f 218 	251 	213
f 228 	240 	262
f 499 	268 	269
f 371 	253 	270
f 89 	85 	258
f 168 	258 	222
f 253 	213 	270
f 256 	250 	274
f 275 	250 	256
f 249 	274 	250
f 189 	197 	278
f 251 	270 	213
f 167 	279 	280
f 216 	217 	180
f 178 	216 	180
f 285 	181 	148
f 183 	141 	272
f 231 	363 	242
f 172 	282 	296
f 272 	277 	183
f 217 	130 	284
f 307 	315 	294
f 163 	69 	282
f 278 	197 	192
f 280 	279 	435
f 256 	363 	281
f 242 	363 	256
f 282 	69 	132
f 192 	189 	278
f 172 	163 	282
f 307 	83 	206
f 256 	274 	281
f 279 	215 	280
f 148 	75 	285
f 171 	265 	266
f 286 	288 	172
f 368 	315 	365
f 288 	297 	130
f 130 	172 	288
f 295 	294 	315
f 289 	287 	292
f 298 	299 	115
f 109 	115 	299
f 434 	291 	290
f 296 	286 	172
f 252 	292 	287
f 282 	301 	296
f 300 	156 	225
f 300 	136 	156
f 318 	314 	302
f 304 	306 	303
f 302 	309 	306
f 292 	252 	141
f 276 	185 	273
f 186 	273 	185
f 292 	141 	183
f 122 	302 	306
f 122 	306 	299
f 175 	102 	276
f 284 	130 	305
f 393 	305 	130
f 225 	308 	300
f 295 	291 	294
f 290 	294 	291
f 290 	472 	294
f 122 	299 	109
f 102 	185 	276
f 240 	271 	260
f 262 	240 	259
f 260 	259 	240
f 303 	306 	309
f 238 	283 	273
f 140 	440 	311
f 440 	418 	311
f 188 	83 	307
f 261 	312 	263
f 304 	313 	306
f 263 	308 	225
f 206 	315 	307
f 199 	316 	198
f 238 	273 	186
f 309 	302 	314
f 436 	179 	180
f 78 	180 	217
f 319 	320 	312
f 320 	308 	312
f 263 	312 	308
f 293 	283 	238
f 264 	263 	312
f 317 	200 	198
f 288 	286 	328
f 325 	200 	317
f 328 	286 	322
f 246 	326 	265
f 324 	268 	326
f 288 	321 	297
f 91 	88 	327
f 80 	81 	327
f 329 	91 	327
f 328 	321 	288
f 265 	326 	266
f 139 	325 	317
f 234 	472 	235
f 91 	329 	133
f 200 	325 	136
f 269 	268 	324
f 118 	136 	325
f 434 	399 	291
f 333 	311 	332
f 310 	332 	311
f 378 	377 	327
f 267 	250 	330
f 275 	335 	250
f 391 	394 	335
f 108 	140 	311
f 108 	311 	333
f 108 	333 	336
f 108 	336 	337
f 108 	337 	260
f 439 	194 	436
f 291 	331 	290
f 235 	290 	331
f 235 	331 	236
f 420 	297 	321
f 336 	334 	337
f 334 	209 	337
f 323 	296 	301
f 266 	326 	268
f 260 	337 	219
f 320 	467 	308
f 272 	141 	372
f 259 	260 	337
f 338 	322 	286
f 340 	483 	279
f 338 	286 	296
f 271 	341 	260
f 337 	260 	341
f 336 	337 	341
f 296 	323 	338
f 267 	330 	263
f 330 	452 	263
f 312 	263 	342
f 167 	340 	279
f 443 	429 	262
f 227 	228 	344
f 248 	244 	344
f 244 	227 	344
f 228 	262 	429
f 345 	496 	343
f 346 	340 	280
f 279 	280 	340
f 262 	259 	443
f 292 	361 	289
f 496 	345 	205
f 275 	256 	335
f 335 	256 	281
f 310 	347 	332
f 333 	334 	336
f 243 	349 	241
f 249 	241 	349
f 249 	349 	350
f 346 	232 	229
f 79 	334 	341
f 336 	341 	334
f 274 	249 	241
f 122 	121 	302
f 355 	354 	351
f 353 	320 	319
f 109 	299 	106
f 299 	306 	106
f 488 	152 	154
f 93 	440 	96
f 248 	344 	247
f 341 	271 	344
f 239 	344 	240
f 247 	344 	239
f 126 	144 	97
f 93 	97 	440
f 351 	352 	355
f 357 	355 	352
f 356 	358 	249
f 241 	249 	358
f 343 	339 	345
f 343 	348 	339
f 256 	281 	243
f 205 	345 	339
f 357 	339 	355
f 358 	360 	241
f 271 	240 	344
f 249 	350 	356
f 255 	483 	340
f 357 	131 	339
f 359 	339 	348
f 277 	272 	388
f 354 	137 	351
f 349 	243 	360
f 360 	243 	281
f 255 	279 	340
f 214 	351 	137
f 103 	143 	104
f 348 	369 	359
f 214 	253 	351
f 364 	360 	363
f 360 	281 	363
f 366 	367 	306
f 313 	366 	306
f 103 	106 	143
f 295 	315 	368
f 498 	497 	366
f 67 	137 	354
f 327 	368 	399
f 399 	365 	331
f 274 	241 	360
f 281 	274 	360
f 365 	399 	368
f 386 	306 	367
f 327 	295 	368
f 368 	365 	295
f 291 	295 	365
f 331 	291 	365
f 363 	231 	285
f 366 	313 	498
f 293 	206 	375
f 371 	270 	383
f 159 	254 	229
f 346 	229 	254
f 383 	270 	397
f 459 	293 	375
f 255 	340 	346
f 383 	352 	371
f 237 	236 	365
f 331 	365 	236
f 369 	370 	359
f 369 	348 	495
f 495 	498 	369
f 368 	257 	365
f 257 	161 	365
f 237 	365 	161
f 440 	458 	96
f 182 	415 	422
f 414 	359 	370
f 292 	362 	361
f 422 	375 	206
f 257 	294 	245
f 81 	258 	245
f 351 	371 	352
f 113 	373 	114
f 257 	368 	294
f 295 	294 	368
f 253 	371 	351
f 354 	73 	67
f 372 	141 	374
f 295 	327 	294
f 143 	106 	306
f 462 	379 	76
f 380 	76 	379
f 76 	380 	394
f 252 	287 	374
f 393 	395 	224
f 391 	87 	394
f 374 	375 	372
f 357 	352 	397
f 406 	70 	408
f 252 	374 	141
f 227 	380 	228
f 379 	228 	380
f 329 	327 	377
f 187 	70 	406
f 94 	408 	70
f 425 	318 	382
f 302 	403 	318
f 272 	372 	381
f 370 	190 	189
f 438 	361 	362
f 192 	193 	414
f 414 	187 	406
f 327 	399 	378
f 414 	370 	192
f 189 	192 	370
f 380 	379 	330
f 352 	383 	397
f 130 	376 	389
f 73 	354 	90
f 150 	385 	398
f 385 	219 	208
f 298 	390 	299
f 76 	394 	87
f 132 	73 	68
f 90 	68 	73
f 224 	142 	393
f 219 	150 	170
f 392 	87 	391
f 219 	385 	150
f 397 	270 	251
f 408 	224 	395
f 388 	272 	381
f 380 	227 	394
f 394 	227 	391
f 398 	385 	396
f 130 	389 	393
f 393 	389 	395
f 251 	357 	397
f 373 	390 	298
f 115 	114 	298
f 373 	113 	299
f 390 	373 	299
f 391 	335 	392
f 440 	97 	144
f 378 	399 	208
f 403 	400 	382
f 399 	401 	208
f 377 	402 	404
f 277 	388 	362
f 171 	400 	246
f 403 	246 	400
f 373 	298 	114
f 277 	362 	183
f 109 	299 	113
f 152 	150 	405
f 382 	318 	403
f 150 	398 	405
f 68 	359 	389
f 362 	292 	183
f 406 	408 	389
f 395 	389 	408
f 326 	246 	261
f 329 	404 	384
f 301 	282 	407
f 410 	384 	404
f 302 	458 	403
f 387 	384 	410
f 132 	407 	282
f 402 	410 	404
f 132 	68 	407
f 329 	377 	404
f 412 	386 	411
f 359 	414 	389
f 406 	389 	414
f 417 	402 	416
f 410 	402 	417
f 482 	416 	402
f 376 	130 	297
f 428 	387 	410
f 409 	415 	476
f 297 	71 	376
f 412 	411 	269
f 499 	269 	411
f 71 	68 	376
f 410 	417 	418
f 444 	428 	418
f 410 	418 	428
f 413 	375 	374
f 192 	304 	193
f 310 	419 	347
f 297 	420 	71
f 287 	413 	374
f 349 	360 	412
f 386 	412 	306
f 193 	303 	202
f 415 	409 	381
f 310 	311 	417
f 418 	417 	311
f 412 	269 	349
f 309 	202 	303
f 71 	301 	407
f 416 	419 	417
f 419 	310 	417
f 324 	349 	269
f 304 	190 	313
f 301 	71 	420
f 401 	396 	385
f 401 	385 	208
f 433 	321 	328
f 416 	482 	166
f 485 	155 	424
f 186 	423 	238
f 230 	202 	314
f 309 	314 	202
f 185 	149 	186
f 421 	289 	361
f 230 	314 	425
f 424 	147 	426
f 422 	415 	381
f 321 	433 	420
f 372 	422 	381
f 318 	425 	314
f 427 	424 	429
f 287 	289 	421
f 454 	143 	412
f 360 	454 	412
f 375 	422 	372
f 428 	429 	424
f 430 	424 	427
f 382 	118 	425
f 325 	425 	118
f 426 	387 	428
f 323 	301 	420
f 421 	413 	287
f 426 	133 	387
f 322 	433 	328
f 434 	435 	396
f 317 	198 	316
f 424 	426 	428
f 246 	403 	261
f 452 	342 	403
f 338 	323 	433
f 322 	338 	433
f 111 	458 	440
f 442 	494 	205
f 205 	195 	442
f 443 	429 	428
f 68 	389 	376
f 443 	428 	444
f 433 	323 	420
f 343 	496 	495
f 445 	196 	207
f 205 	493 	496
f 486 	430 	445
f 121 	96 	458
f 250 	335 	394
f 394 	380 	250
f 330 	250 	380
f 104 	143 	144
f 429 	443 	196
f 427 	429 	445
f 444 	144 	443
f 144 	196 	443
f 359 	90 	339
f 285 	75 	484
f 396 	435 	398
f 443 	220 	429
f 354 	355 	90
f 104 	144 	126
f 448 	449 	87
f 480 	447 	431
f 220 	430 	427
f 427 	429 	220
f 220 	443 	444
f 355 	339 	90
f 87 	392 	448
f 437 	361 	438
f 438 	432 	437
f 431 	437 	432
f 75 	87 	484
f 446 	362 	388
f 441 	431 	447
f 449 	448 	191
f 392 	191 	448
f 71 	407 	68
f 342 	312 	403
f 312 	261 	403
f 452 	403 	458
f 418 	440 	144
f 444 	418 	144
f 449 	448 	335
f 392 	335 	448
f 220 	444 	418
f 362 	446 	438
f 492 	238 	423
f 99 	452 	458
f 441 	421 	361
f 427 	490 	429
f 437 	431 	441
f 441 	413 	421
f 430 	490 	427
f 143 	454 	455
f 143 	455 	456
f 143 	456 	135
f 432 	446 	409
f 331 	492 	291
f 290 	492 	472
f 259 	337 	417
f 437 	441 	361
f 432 	438 	446
f 446 	388 	381
f 306 	412 	143
f 464 	344 	429
f 280 	457 	167
f 149 	167 	457
f 409 	446 	381
f 76 	77 	467
f 444 	443 	418
f 417 	418 	443
f 259 	417 	443
f 100 	99 	110
f 111 	110 	99
f 459 	413 	447
f 76 	467 	460
f 462 	76 	461
f 460 	461 	76
f 201 	211 	167
f 332 	347 	419
f 302 	121 	458
f 441 	447 	413
f 458 	111 	99
f 207 	204 	463
f 207 	463 	445
f 461 	108 	462
f 460 	108 	461
f 379 	462 	108
f 259 	262 	108
f 379 	108 	228
f 434 	451 	450
f 453 	435 	450
f 434 	450 	435
f 461 	330 	462
f 324 	326 	349
f 350 	349 	326
f 261 	264 	326
f 350 	326 	264
f 457 	280 	435
f 83 	182 	422
f 459 	375 	413
f 379 	462 	330
f 330 	461 	460
f 457 	435 	453
f 312 	342 	319
f 465 	431 	432
f 480 	431 	465
f 300 	467 	77
f 464 	469 	170
f 457 	215 	450
f 453 	457 	450
f 280 	215 	457
f 264 	312 	350
f 342 	350 	312
f 471 	423 	451
f 356 	107 	358
f 471 	475 	423
f 472 	423 	475
f 473 	320 	353
f 474 	467 	473
f 320 	473 	467
f 300 	308 	467
f 468 	191 	464
f 466 	191 	468
f 319 	452 	353
f 465 	432 	470
f 291 	492 	290
f 474 	460 	467
f 469 	464 	191
f 392 	244 	191
f 476 	470 	432
f 475 	471 	434
f 473 	353 	452
f 342 	452 	319
f 101 	477 	98
f 468 	469 	464
f 471 	451 	434
f 473 	477 	474
f 101 	474 	477
f 452 	99 	98
f 452 	98 	477
f 452 	477 	473
f 468 	466 	469
f 478 	469 	466
f 476 	432 	409
f 342 	263 	452
f 479 	377 	151
f 364 	456 	455
f 455 	454 	364
f 475 	434 	472
f 101 	100 	474
f 460 	474 	100
f 472 	434 	290
f 377 	479 	402
f 481 	402 	479
f 364 	454 	360
f 460 	100 	108
f 402 	481 	482
f 472 	475 	294
f 475 	471 	294
f 451 	294 	471
f 452 	330 	460
f 452 	460 	100
f 452 	100 	99
f 481 	419 	482
f 470 	273 	465
f 416 	482 	419
f 363 	484 	364
f 285 	484 	363
f 456 	364 	484
f 116 	120 	484
f 456 	484 	120
f 470 	276 	273
f 117 	116 	484
f 435 	405 	398
f 476 	276 	470
f 417 	416 	166
f 418 	417 	166
f 162 	164 	479
f 482 	481 	166
f 164 	166 	481
f 479 	164 	481
f 151 	162 	479
f 107 	135 	456
f 107 	456 	455
f 107 	455 	454
f 107 	454 	360
f 107 	360 	358
f 350 	452 	356
f 342 	452 	350
f 99 	356 	452
f 107 	356 	99
f 127 	484 	449
f 117 	484 	127
f 87 	449 	484
f 435 	483 	405
f 343 	495 	348
f 476 	175 	276
f 191 	127 	449
f 424 	486 	485
f 480 	465 	273
f 370 	369 	190
f 424 	430 	486
f 455 	456 	120
f 119 	454 	120
f 273 	283 	480
f 317 	316 	72
f 436 	72 	316
f 445 	485 	486
f 449 	454 	127
f 182 	175 	415
f 436 	316 	439
f 430 	427 	445
f 442 	439 	316
f 175 	476 	415
f 449 	335 	454
f 455 	120 	454
f 124 	454 	119
f 124 	127 	454
f 199 	203 	316
f 220 	155 	485
f 220 	485 	486
f 430 	220 	486
f 454 	335 	281
f 454 	281 	360
f 480 	459 	447
f 401 	399 	434
f 461 	462 	128
f 166 	165 	418
f 165 	222 	418
f 220 	418 	222
f 487 	316 	203
f 401 	434 	396
f 283 	459 	480
f 481 	334 	333
f 332 	419 	333
f 481 	333 	419
f 461 	128 	460
f 100 	460 	128
f 100 	128 	105
f 293 	459 	283
f 471 	233 	451
f 450 	451 	233
f 316 	487 	494
f 127 	134 	449
f 448 	449 	134
f 148 	487 	203
f 445 	463 	489
f 445 	489 	485
f 462 	380 	128
f 129 	128 	380
f 379 	380 	462
f 394 	129 	380
f 491 	487 	148
f 472 	234 	475
f 471 	475 	234
f 129 	394 	134
f 394 	391 	134
f 448 	134 	391
f 448 	391 	392
f 154 	153 	488
f 233 	232 	450
f 453 	450 	232
f 87 	199 	76
f 198 	76 	199
f 191 	490 	204
f 466 	490 	191
f 463 	204 	490
f 463 	490 	489
f 331 	291 	399
f 170 	157 	490
f 77 	76 	200
f 486 	485 	489
f 486 	489 	490
f 87 	203 	199
f 235 	472 	290
f 490 	466 	170
f 87 	75 	203
f 435 	279 	483
f 136 	300 	77
f 280 	457 	346
f 466 	468 	490
f 468 	464 	490
f 486 	490 	430
f 464 	429 	490
f 453 	232 	457
f 346 	457 	232
f 337 	336 	482
f 481 	482 	336
f 334 	481 	336
f 200 	136 	77
f 493 	205 	494
f 238 	492 	293
f 416 	417 	337
f 482 	416 	337
f 496 	497 	495
f 489 	488 	490
f 488 	478 	490
f 153 	478 	488
f 160 	478 	153
f 466 	490 	478
f 423 	472 	492
f 469 	344 	464
f 344 	228 	429
f 331 	365 	492
f 315 	492 	365
f 190 	369 	498
f 497 	498 	495
f 492 	315 	293
f 487 	493 	494
f 329 	384 	133
f 496 	487 	497
f 367 	497 	487
f 487 	496 	493
f 469 	478 	344
f 367 	366 	497
f 426 	147 	133
f 386 	367 	491
f 341 	123 	79
f 344 	478 	341
f 316 	494 	442
f 80 	307 	81
f 85 	86 	188
f 86 	173 	188
f 223 	188 	173
f 85 	188 	89
f 487 	491 	367
f 215 	211 	91
f 212 	91 	210
f 125 	123 	161
f 173 	86 	91
f 212 	223 	91
f 173 	91 	223
f 451 	173 	86
f 159 	341 	478
f 160 	159 	478
f 161 	123 	159
f 123 	341 	159
f 491 	181 	499
f 411 	491 	499
f 491 	411 	386
f 152 	405 	483
f 181 	171 	499
f 499 	171 	268
f 248 	244 	170
f 170 	469 	248
f 74 	72 	180
f 72 	436 	180
f 157 	152 	488
f 146 	154 	152
f 78 	74 	180
f 152 	483 	146
f 138 	139 	284
f 139 	82 	284
f 284 	82 	217
f 157 	488 	489
f 284 	305 	142
f 284 	142 	138
f 489 	490 	157
f 305 	393 	142
f 466 	468 	170
f 500 	233 	471
f 378 	208 	125
f 209 	123 	208
f 500 	471 	234
f 233 	500 	234
f 125 	208 	123
f 123 	209 	79
# 1036 faces

 #end of obj_1

o obj_2
v 0.659252 1.739214 5.221533
v 0.625196 1.734434 5.114146
v 1.646025 2.022551 4.905030
v 1.621808 2.049450 4.911610
v 1.639771 2.111678 4.903580
v 1.656569 2.117967 4.898025
v 1.325605 1.830744 4.883062
v 1.688736 2.107519 4.888214
v 1.700149 2.081886 4.885606
v 0.725858 1.970440 5.191408
v 1.294090 1.927429 4.886891
v 0.784608 1.555729 5.070990
v 0.691622 1.965941 5.083094
v 1.674269 2.112253 4.892592
v 1.316514 1.836236 4.894820
v 1.546328 2.137373 4.791352
v 2.517720 2.536345 4.609983
v 2.130720 2.588969 4.617068
v 2.130426 2.589793 4.618282
v 1.643088 2.122026 4.903364
v 1.615818 2.037808 4.904513
v 1.650248 1.979459 4.885541
v 1.676732 2.112102 4.889834
v 2.174823 2.579024 4.715899
v 1.868008 1.609787 4.826134
v 1.643088 2.122026 4.903364
v 1.844621 1.606374 4.752487
v 2.207161 2.540981 4.707484
v 1.299248 1.844945 4.915090
v 2.057191 2.374313 4.609247
v 2.174823 2.579024 4.715899
v 1.704016 2.112376 4.853221
v 1.640934 2.158623 4.794236
v 1.623809 2.062241 4.904179
v 1.854617 1.638855 4.855344
v 1.767188 2.030011 4.847562
v 2.213437 2.533622 4.705863
v 2.084600 2.469962 4.596427
v 2.155282 2.592989 4.696879
v 1.624945 2.165583 4.793573
v 1.816338 1.633470 4.734364
v 1.624237 2.165871 4.793734
v 2.160908 2.588814 4.702031
v 1.707233 2.110158 4.856131
v 2.066519 2.287251 4.734476
v 0.840159 1.594755 5.212347
v 1.619267 2.177471 4.764604
v 2.072100 2.288049 4.751921
v 1.618711 2.178854 4.761160
v 1.614549 2.179199 4.765548
v 0.782263 1.587635 5.028563
v 2.190171 2.224913 4.725830
v 1.338593 1.843636 4.993046
v 2.081931 2.310463 4.760352
v 1.330508 1.825032 4.987000
v 2.047355 2.331923 4.622859
v 2.045935 2.335314 4.614484
v 2.196859 2.263205 4.738935
v 1.321149 1.849909 4.986929
v 1.321149 1.849909 4.986929
v 1.321149 1.849909 4.986929
v 2.130192 2.267765 4.759714
v 1.661741 2.076544 4.764664
v 2.123922 2.230412 4.746965
v 1.627104 2.117401 4.773907
v 0.818805 1.560165 5.179240
v 1.602140 2.108885 4.782119
v 1.582060 2.039395 4.791200
v 1.589617 2.036920 4.788916
v 2.223798 2.521040 4.703273
v 1.740202 2.026180 4.761435
v 1.627104 2.117401 4.773907
v 1.410209 1.943597 4.863794
v 2.087274 2.463763 4.611950
v 2.109912 2.410952 4.743992
v 2.112520 2.405026 4.758987
v 0.800526 1.770142 5.217323
v 1.589277 2.057733 4.795142
v 1.583755 2.035514 4.800797
v 0.868537 1.693706 5.199070
v 0.964967 1.716287 5.167603
v 1.776072 2.029180 4.837964
v 2.068507 2.295532 4.761685
v 2.070643 2.300383 4.763427
v 1.753240 2.025994 4.764364
v 1.752395 2.025990 4.764128
v 2.147468 2.598768 4.689846
v 2.147530 2.598696 4.689876
v 2.152703 2.594925 4.694611
v 2.127946 2.596323 4.628437
v 2.146827 2.598685 4.688034
v 2.139660 2.597677 4.665208
v 2.013703 2.405090 4.790821
v 2.046449 2.426455 4.779473
v 2.119231 2.644928 4.731497
v 1.768424 2.027674 4.813019
v 1.758655 2.026303 4.781013
v 2.004720 2.404534 4.789612
v 1.753863 2.025744 4.765442
v 1.753595 2.025699 4.764584
v 1.979959 2.403035 4.786134
v 1.776236 2.028867 4.837558
v 1.978144 2.381931 4.803067
v 2.331148 2.670963 4.629212
v 1.767456 1.731812 4.879190
v 2.002462 2.455553 4.747618
v 1.605075 2.120868 4.779021
v 0.818098 1.774751 5.194288
v 2.041025 2.448412 4.611170
v 1.964927 2.399059 4.637432
v 2.077689 2.472222 4.598519
v 0.944170 1.733415 5.156212
v 1.946540 2.359073 4.815772
v 1.958399 2.398744 4.643473
v 1.940186 2.397902 4.660340
v 1.929889 2.376260 4.649461
v 1.967085 2.345024 4.806603
v 2.017272 2.477241 4.662171
v 2.022716 2.476768 4.656501
v 2.317033 2.521459 4.639453
v 2.056015 2.474011 4.621394
v 1.976930 2.368039 4.814136
v 2.151376 2.220672 4.602071
v 1.729451 1.727308 4.758403
v 2.011682 2.468944 4.694798
v 0.870109 1.716404 5.179515
v 2.016911 2.476663 4.664482
v 1.823522 2.103409 4.724939
v 2.099475 2.409086 4.763444
v 2.100675 2.403779 4.763280
v 2.035103 2.379874 4.785117
v 1.970809 2.356308 4.806443
v 1.592330 2.015431 4.850915
v 1.582066 2.013965 4.818393
v 1.578212 2.013430 4.806489
v 1.548245 1.893557 4.836992
v 1.560150 1.865584 4.906772
v 1.601607 1.993822 4.905135
v 2.107806 2.406349 4.760930
v 1.604657 2.017240 4.889767
v 1.929031 2.373583 4.649849
v 1.605387 2.017349 4.892109
v 1.965845 2.361480 4.638763
v 2.317796 2.550054 4.672551
v 2.008667 2.347519 4.625753
v 1.583093 2.037106 4.796759
v 2.001122 2.348720 4.631868
v 2.052466 2.649897 4.751482
v 1.738753 1.757968 4.860712
v 2.639605 2.656050 4.463438
v 1.463220 1.894214 4.945682
v 1.466020 1.894475 4.941245
v 0.703193 1.747864 5.249057
v 2.659402 2.659076 4.525639
v 1.449438 1.912574 4.907656
v 2.604479 2.667255 4.440135
v 1.582812 2.031874 4.801720
v 1.346350 1.854893 4.978795
v 1.321085 1.849981 4.986898
v 1.430406 1.933036 4.869928
v 1.715303 1.754628 4.787033
v 2.121870 2.607775 4.747844
v 2.532228 2.610256 4.465796
v 1.384262 1.604056 4.898022
v 1.407685 1.607432 4.971836
v 2.060501 2.322941 4.769614
v 1.319255 1.849724 4.981260
v 0.935405 1.808055 4.970478
v 2.055242 2.612399 4.768690
v 0.771028 1.861839 5.020229
v 1.939551 1.837064 4.794646
v 1.916163 1.833651 4.720999
v 1.394779 1.634676 4.867033
v 1.914298 1.832158 4.828699
v 1.875851 1.826753 4.707694
v 1.261084 1.702692 5.021193
v 2.275296 2.335452 4.558036
v 2.314468 2.340566 4.682083
v 1.032977 1.639851 5.149348
v 2.149993 2.397833 4.732019
v 0.975080 1.632732 4.965566
v 2.187325 2.419714 4.616202
v 2.186089 2.415146 4.632106
v 2.181532 2.399029 4.687282
v 0.742589 1.762960 5.033475
v 2.146374 2.444463 4.594027
v 2.162624 2.439158 4.589250
v 2.166977 2.435782 4.593649
v 0.810640 1.686587 5.015286
v 1.009750 1.608518 4.997843
v 0.907028 1.709104 4.983755
v 2.038961 2.434290 4.765196
v 0.770315 1.768508 5.042931
v 0.822304 1.710296 5.028192
v 2.009400 2.455504 4.738927
v 2.284068 2.343946 4.708214
v 0.896326 1.727244 5.004822
v 1.043807 1.613298 5.105231
v 0.791964 1.844367 5.032482
v 2.012856 2.476498 4.670065
v 0.917974 1.803103 4.994373
v 2.045808 2.477320 4.624511
v 2.238351 2.406986 4.550462
v 2.235526 2.337529 4.554748
v 2.518367 2.640288 4.503066
v 1.052323 1.663053 5.079620
v 1.030283 1.659969 5.010161
v 2.222645 2.476809 4.582073
v 2.212561 2.483930 4.572391
v 1.090110 1.838629 5.123084
v 1.086288 1.769482 5.091182
v 1.090429 1.784012 5.089284
v 2.316318 2.701269 4.666818
v 1.094276 1.788708 5.082324
v 1.300329 1.827392 5.015820
v 2.132125 2.585158 4.611200
v 2.252602 2.706141 4.686223
v 2.135621 2.574414 4.592756
v 0.645358 1.740673 5.065305
v 2.297238 2.518433 4.577252
v 0.925670 1.892485 5.172804
v 0.829283 1.869968 5.204336
v 1.110350 1.844595 5.075074
v 0.760390 1.946573 5.222823
v 1.764823 1.841449 4.849263
v 2.253925 2.480602 4.681453
v 2.251077 2.489129 4.695697
v 1.741751 1.838984 4.775875
v 1.029249 1.676514 4.988744
v 1.028243 1.677426 4.987716
v 2.277105 2.696091 4.542704
v 2.213428 2.701029 4.562176
v 1.638988 1.982748 4.890098
v 2.196008 2.676770 4.603480
v 1.669847 1.946162 4.874770
v 1.632773 1.987169 4.884768
v 0.993722 1.816113 5.154615
v 2.318264 2.409747 4.677462
v 2.478507 2.531168 4.485869
v 2.279541 2.405133 4.554632
v 0.954049 1.991437 5.159527
v 2.238613 2.465690 4.598098
v 2.238996 2.465727 4.599352
v 0.840124 1.851482 5.184130
v 2.238388 2.465941 4.597840
v 2.192090 2.663059 4.605205
v 0.966197 1.810148 5.146053
v 1.093059 1.804497 5.061145
v 1.093137 1.800676 5.065731
v 2.311287 2.667909 4.567080
v 2.190949 2.633589 4.571818
v 1.025160 1.680136 4.984702
v 1.094843 1.985754 5.091660
v 1.114393 1.972447 5.082997
v 1.092261 1.979566 5.089663
v 2.179881 2.424831 4.721394
v 1.032212 1.831509 4.939301
v 1.053156 1.778550 4.971270
v 0.914072 1.868804 5.159831
v 2.226883 2.473776 4.586211
v 2.250452 2.488908 4.696452
v 1.119586 1.804178 4.966620
v 1.060029 1.783909 4.974309
v 1.063102 1.682244 5.097777
v 1.063273 1.681229 5.096366
v 2.211354 2.483589 4.572100
v 2.657496 2.870993 4.449328
v 2.677179 2.874329 4.510534
v 1.076177 1.840024 4.966790
v 2.250342 2.467276 4.635705
v 1.062259 1.685213 5.101521
v 2.258130 2.468168 4.660241
v 2.620181 2.861336 4.426763
v 2.080059 2.639815 4.607450
v 1.098237 2.000710 5.086755
v 1.121396 1.975062 5.080684
v 1.104775 2.000046 5.089450
v 1.099417 2.002557 5.088653
v 2.013388 2.644274 4.628329
v 2.659395 2.866512 4.550877
v 1.048909 1.763926 4.973172
v 1.661442 1.943416 4.842642
v 2.254936 2.477723 4.676603
v 1.621912 1.994885 4.875450
v 0.896352 1.983900 4.976635
v 1.099933 2.001414 5.091432
v 0.867773 1.885366 4.989022
v 1.068465 1.797599 4.987362
v 1.070917 1.801723 4.990990
v 1.369835 1.712417 4.977326
v 1.668919 1.947803 4.875275
v 1.369886 1.713949 4.979164
v 1.369926 1.714012 4.979230
v 1.644334 1.945685 4.801877
v 1.074818 1.802219 5.003359
v 1.648550 1.941421 4.801575
v 2.167576 2.534395 4.583446
v 2.134888 2.572965 4.592177
v 1.326066 1.842977 4.994898
v 1.246976 1.993038 4.925463
v 1.278003 1.960819 4.983527
v 1.284917 1.953798 4.995992
v 1.633199 1.987004 4.884819
v 1.671336 1.944946 4.874111
v 1.271249 1.993871 4.891397
v 1.270548 1.993757 4.892556
v 1.433160 1.640054 4.988107
v 1.272441 1.990740 4.891110
v 1.271379 1.993830 4.891359
v 0.866223 1.862534 5.008541
v 1.271787 1.993765 4.890711
v 1.318514 1.936941 5.003752
v 1.496860 1.722803 4.964385
v 1.607684 2.017237 4.784021
v 1.765959 1.844535 4.741228
v 1.396473 1.738265 4.993665
v 1.378749 1.721598 4.983473
v 1.396371 1.738708 4.993604
v 1.361937 1.835342 5.000974
v 1.363515 1.835658 5.000451
v 1.803923 1.848974 4.861949
v 2.536942 2.879617 4.486485
v 2.063498 2.495776 4.618166
v 1.209706 2.016304 4.902749
v 2.286852 2.413337 4.703863
v 1.348537 1.840741 4.995643
v 1.099033 2.003460 5.086335
v 1.152223 1.986008 5.070434
v 1.074662 2.060488 4.943931
v 2.327225 2.894097 4.552247
v 2.347021 2.897123 4.614450
v 2.102736 2.500919 4.742146
v 0.968146 2.075742 4.977070
v 2.332256 2.927458 4.651986
v 2.033937 2.498443 4.662344
v 0.917706 2.018490 5.009743
v 0.951839 2.022997 5.117960
v 2.006741 2.606045 4.615289
v 2.073371 2.601520 4.594345
v 2.560551 2.985188 4.577106
v 1.507755 1.754298 4.933684
v 0.702492 1.939451 5.039041
v 2.278557 2.544912 4.548573
v 1.928785 2.374138 4.648392
v 1.337551 1.793520 4.973120
v 1.337809 1.793436 4.973044
v 1.889091 2.528621 4.672076
v 1.086504 2.094957 4.945795
v 2.081690 2.261411 4.606314
v 1.082305 2.087156 4.940416
v 1.928371 2.533827 4.796120
v 2.148384 2.256816 4.585399
v 1.347904 1.709425 4.907863
v 1.352737 1.710049 4.923500
v 2.594930 2.909251 4.570248
v 1.965209 2.462201 4.803695
v 1.968347 2.532603 4.799668
v 1.346837 1.710712 4.906206
v 2.084706 2.225133 4.622951
v 1.346453 1.711243 4.905621
v 2.556737 2.882643 4.548686
v 1.650965 1.943345 4.800493
v 1.674150 1.947175 4.873250
v 1.406011 2.025141 4.981021
v 1.405589 2.026611 4.981075
v 2.563420 3.010510 4.540905
v 1.458516 1.717390 4.843475
v 2.544043 3.008422 4.479059
v 2.266693 2.893489 4.674754
v 2.521338 2.980012 4.452994
v 1.367630 2.019765 4.859945
v 1.366504 2.023360 4.860198
v 1.359405 1.733555 4.876013
v 1.350986 1.718093 4.896442
v 2.077230 2.271540 4.723257
v 2.079646 2.271852 4.731075
v 1.359234 1.733968 4.876020
v 2.032718 2.234306 4.747583
v 2.090347 2.281581 4.720915
v 2.089551 2.279730 4.727643
v 2.555199 2.903544 4.444984
v 2.056797 2.268832 4.658545
v 1.924400 2.465027 4.799715
v 2.293016 2.922315 4.528006
v 2.099279 2.302935 4.643718
v 1.977261 2.402905 4.785798
v 2.029541 2.289969 4.637795
v 2.029585 2.290133 4.637761
v 1.954101 2.420654 4.767022
v 1.951597 2.422517 4.765086
v 2.227340 2.888657 4.549779
v 2.210665 2.902389 4.588625
v 2.230461 2.905414 4.650827
v 1.484746 1.751759 4.860327
v 2.215493 2.678951 4.665323
v 2.030345 2.295192 4.634349
v 2.054207 2.270901 4.656611
v 1.323513 1.808080 4.946899
v 2.211575 2.665239 4.667049
v 1.320846 1.849833 4.987041
v 1.299244 1.846883 4.917333
v 1.542810 2.168697 4.825215
v 1.319085 1.849702 4.981233
v 2.333421 3.023205 4.545088
v 1.311511 1.848560 4.956653
v 2.352905 3.025384 4.606931
v 2.372603 2.998294 4.636339
v 2.230167 2.638868 4.695832
v 2.333323 2.993090 4.512294
v 1.124635 2.099751 5.066678
v 1.125153 2.127149 5.038773
v 1.324828 1.830568 4.883256
v 1.124674 2.093258 5.073891
v 1.102322 2.124329 4.966343
v 2.063590 2.326051 4.619713
v 1.919914 2.526277 4.646199
v 1.916775 2.455877 4.650227
v 2.075464 2.280849 4.742633
v 1.885362 2.459468 4.676628
v 1.937849 2.397776 4.662526
v 1.938177 2.397818 4.662280
v 1.620706 2.183014 4.763204
v 1.565681 2.171581 4.897712
v 1.588682 2.142436 4.925691
v 1.829212 2.311010 4.684162
v 1.926770 2.374290 4.650568
v 2.019965 2.314065 4.633427
v 1.928485 2.419484 4.692731
v 1.312265 1.991495 5.011816
v 1.314198 1.976140 5.009521
v 1.317968 1.993470 5.010015
v 1.276786 1.992250 4.889690
v 2.643692 2.672432 4.564248
v 2.149077 2.384990 4.630070
v 2.571467 2.615400 4.589775
v 2.499035 2.504150 4.514079
v 2.518769 2.507248 4.576250
v 2.537786 2.642441 4.564977
# 438 vertices

g group_2_14528853

usemtl color_14528853
s 0

f 504 	505 	503
f 503 	505 	506
f 509 	503 	508
f 506 	508 	503
f 502 	513 	501
f 509 	508 	514
f 511 	515 	507
f 877 	511 	507
f 510 	501 	513
f 523 	536 	509
f 514 	523 	509
f 506 	514 	508
f 506 	505 	520
f 506 	523 	514
f 520 	526 	506
f 523 	506 	526
f 521 	522 	534
f 528 	644 	537
f 538 	530 	852
f 540 	542 	526
f 523 	533 	526
f 544 	532 	523
f 532 	533 	523
f 540 	526 	533
f 515 	806 	529
f 543 	908 	531
f 547 	549 	550
f 537 	595 	528
f 524 	528 	595
f 802 	812 	553
f 826 	553 	812
f 802 	553 	555
f 548 	545 	554
f 527 	525 	672
f 671 	672 	525
f 525 	535 	671
f 512 	681 	551
f 672 	541 	527
f 524 	595 	531
f 559 	560 	561
f 672 	675 	541
f 743 	543 	528
f 523 	534 	536
f 863 	536 	534
f 534 	523 	526
f 531 	595 	543
f 543 	743 	539
f 531 	528 	543
f 524 	528 	531
f 743 	528 	537
f 727 	726 	537
f 558 	564 	562
f 558 	552 	564
f 563 	565 	567
f 568 	569 	567
f 563 	567 	569
f 569 	814 	563
f 557 	530 	556
f 565 	563 	571
f 672 	571 	563
f 575 	556 	530
f 538 	574 	530
f 570 	825 	537
f 501 	512 	502
f 570 	727 	537
f 574 	575 	530
f 512 	501 	566
f 628 	565 	571
f 575 	554 	556
f 576 	554 	575
f 545 	556 	554
f 571 	862 	578
f 571 	578 	567
f 571 	567 	565
f 862 	794 	578
f 528 	756 	537
f 580 	581 	546
f 832 	543 	539
f 582 	544 	536
f 523 	536 	544
f 543 	832 	531
f 585 	586 	533
f 577 	580 	546
f 587 	899 	588
f 581 	580 	612
f 519 	746 	590
f 580 	577 	608
f 565 	572 	533
f 540 	533 	572
f 571 	565 	533
f 586 	571 	533
f 554 	584 	548
f 584 	583 	548
f 746 	592 	590
f 598 	856 	593
f 532 	596 	597
f 532 	597 	599
f 532 	599 	600
f 532 	600 	585
f 532 	585 	533
f 601 	856 	598
f 588 	595 	587
f 589 	595 	588
f 602 	596 	582
f 544 	582 	596
f 544 	596 	532
f 593 	603 	598
f 601 	598 	603
f 587 	595 	591
f 595 	774 	592
f 588 	743 	587
f 606 	593 	594
f 601 	598 	606
f 598 	593 	606
f 584 	583 	536
f 614 	610 	917
f 917 	615 	614
f 807 	605 	535
f 616 	610 	614
f 589 	743 	588
f 924 	613 	526
f 523 	526 	613
f 536 	523 	613
f 536 	613 	617
f 617 	666 	536
f 590 	592 	774
f 519 	590 	774
f 613 	622 	617
f 621 	609 	619
f 611 	609 	621
f 609 	610 	619
f 618 	619 	610
f 618 	610 	614
f 615 	921 	618
f 614 	615 	618
f 937 	620 	517
f 591 	595 	592
f 540 	572 	607
f 540 	607 	542
f 587 	743 	591
f 627 	928 	625
f 618 	928 	627
f 606 	625 	928
f 607 	572 	547
f 572 	565 	547
f 565 	628 	547
f 592 	743 	590
f 519 	590 	743
f 592 	591 	743
f 631 	632 	603
f 631 	603 	593
f 626 	612 	580
f 635 	636 	634
f 633 	634 	636
f 637 	638 	636
f 633 	636 	638
f 620 	644 	517
f 639 	629 	630
f 589 	539 	595
f 539 	543 	595
f 608 	626 	580
f 616 	641 	643
f 645 	610 	643
f 616 	643 	610
f 566 	653 	546
f 675 	624 	541
f 610 	645 	647
f 610 	647 	614
f 566 	546 	679
f 539 	743 	589
f 521 	534 	504
f 505 	504 	534
f 526 	520 	505
f 526 	505 	534
f 578 	579 	646
f 841 	651 	652
f 567 	578 	568
f 646 	568 	578
f 657 	646 	579
f 658 	659 	559
f 658 	559 	561
f 546 	653 	577
f 871 	894 	573
f 719 	512 	551
f 634 	633 	657
f 579 	657 	633
f 719 	502 	512
f 566 	501 	653
f 567 	640 	607
f 633 	640 	578
f 579 	633 	578
f 567 	578 	640
f 542 	607 	640
f 640 	642 	542
f 542 	642 	521
f 542 	521 	534
f 542 	534 	526
f 614 	927 	615
f 527 	664 	665
f 632 	666 	617
f 631 	666 	632
f 584 	536 	666
f 659 	658 	667
f 631 	562 	666
f 561 	560 	667
f 561 	667 	658
f 631 	593 	598
f 631 	598 	666
f 584 	666 	564
f 655 	894 	652
f 583 	584 	666
f 598 	601 	666
f 601 	886 	666
f 583 	666 	886
f 527 	541 	664
f 584 	554 	666
f 576 	639 	554
f 666 	554 	630
f 630 	554 	639
f 631 	666 	630
f 541 	673 	664
f 674 	671 	535
f 648 	595 	669
f 595 	662 	669
f 535 	605 	674
f 552 	623 	859
f 624 	673 	541
f 539 	589 	832
f 588 	587 	832
f 695 	832 	587
f 589 	588 	832
f 546 	581 	679
f 583 	886 	889
f 545 	548 	889
f 583 	889 	548
f 605 	821 	674
f 670 	719 	685
f 680 	574 	684
f 683 	684 	574
f 575 	574 	680
f 574 	686 	683
f 686 	688 	683
f 687 	688 	686
f 682 	683 	688
f 551 	681 	691
f 678 	677 	623
f 685 	551 	689
f 538 	611 	574
f 621 	574 	611
f 512 	690 	681
f 623 	552 	678
f 551 	691 	689
f 594 	629 	692
f 575 	692 	629
f 575 	629 	639
f 575 	639 	576
f 730 	681 	729
f 594 	692 	606
f 695 	606 	692
f 618 	627 	619
f 698 	566 	679
f 656 	663 	739
f 695 	625 	606
f 698 	679 	710
f 693 	699 	685
f 627 	625 	700
f 698 	690 	512
f 699 	670 	685
f 702 	621 	619
f 698 	512 	566
f 822 	705 	663
f 852 	704 	703
f 729 	690 	707
f 690 	698 	707
f 706 	707 	698
f 677 	704 	623
f 592 	835 	591
f 591 	835 	587
f 704 	677 	740
f 693 	685 	689
f 852 	623 	704
f 694 	693 	689
f 703 	704 	740
f 691 	701 	697
f 691 	668 	701
f 697 	694 	689
f 712 	714 	715
f 738 	678 	696
f 689 	691 	697
f 696 	552 	558
f 751 	716 	718
f 751 	663 	705
f 551 	685 	719
f 552 	696 	678
f 596 	672 	671
f 518 	774 	716
f 723 	714 	710
f 719 	513 	502
f 519 	743 	518
f 711 	710 	712
f 724 	741 	722
f 712 	710 	714
f 649 	821 	605
f 577 	653 	722
f 709 	718 	708
f 743 	742 	718
f 716 	743 	718
f 716 	518 	743
f 722 	653 	724
f 726 	727 	644
f 649 	661 	725
f 668 	691 	681
f 570 	644 	761
f 608 	577 	722
f 690 	729 	681
f 653 	501 	724
f 661 	728 	725
f 858 	730 	729
f 707 	853 	729
f 749 	748 	715
f 726 	783 	537
f 735 	782 	733
f 709 	708 	843
f 731 	732 	734
f 678 	738 	677
f 705 	746 	751
f 737 	721 	741
f 737 	741 	710
f 738 	740 	677
f 656 	739 	650
f 721 	722 	741
f 720 	742 	743
f 743 	770 	720
f 620 	720 	770
f 626 	608 	744
f 744 	759 	626
f 688 	760 	682
f 720 	745 	742
f 612 	626 	747
f 748 	749 	723
f 714 	723 	749
f 620 	770 	772
f 747 	626 	759
f 714 	749 	715
f 900 	715 	748
f 737 	581 	612
f 831 	830 	604
f 721 	747 	759
f 769 	795 	723
f 737 	612 	747
f 730 	752 	681
f 721 	737 	747
f 731 	734 	750
f 753 	754 	755
f 858 	860 	730
f 604 	750 	734
f 744 	608 	722
f 620 	783 	644
f 726 	644 	783
f 684 	756 	680
f 721 	744 	722
f 766 	709 	843
f 708 	760 	843
f 720 	843 	760
f 746 	716 	751
f 737 	679 	581
f 738 	825 	727
f 760 	745 	720
f 663 	751 	843
f 663 	843 	739
f 762 	763 	758
f 727 	761 	644
f 721 	759 	744
f 765 	698 	764
f 710 	771 	698
f 743 	742 	740
f 765 	706 	698
f 727 	761 	726
f 756 	726 	761
f 742 	745 	740
f 788 	763 	762
f 724 	501 	510
f 760 	740 	745
f 788 	762 	789
f 901 	789 	762
f 790 	706 	676
f 709 	766 	703
f 745 	718 	742
f 510 	837 	724
f 905 	795 	901
f 903 	795 	905
f 764 	676 	765
f 760 	708 	740
f 709 	740 	708
f 676 	706 	765
f 769 	681 	758
f 837 	741 	724
f 760 	718 	745
f 708 	718 	760
f 737 	710 	679
f 688 	687 	766
f 709 	708 	766
f 688 	766 	708
f 763 	769 	758
f 764 	698 	771
f 771 	710 	711
f 654 	780 	768
f 710 	741 	837
f 775 	776 	777
f 775 	777 	778
f 648 	779 	595
f 771 	816 	676
f 764 	771 	676
f 710 	837 	723
f 774 	595 	779
f 650 	654 	768
f 758 	681 	781
f 752 	781 	681
f 838 	774 	779
f 768 	767 	650
f 735 	725 	782
f 728 	782 	725
f 736 	733 	782
f 736 	782 	784
f 620 	772 	783
f 668 	757 	785
f 753 	786 	777
f 776 	754 	777
f 753 	777 	754
f 650 	773 	656
f 757 	681 	769
f 668 	681 	757
f 767 	773 	650
f 754 	776 	775
f 754 	775 	755
f 787 	668 	785
f 738 	772 	770
f 743 	740 	770
f 738 	770 	740
f 787 	785 	670
f 821 	649 	725
f 525 	527 	665
f 769 	763 	788
f 769 	788 	789
f 789 	795 	769
f 772 	738 	783
f 727 	726 	738
f 783 	738 	726
f 706 	790 	854
f 733 	791 	735
f 787 	670 	699
f 792 	790 	676
f 817 	676 	816
f 676 	793 	792
f 634 	794 	635
f 703 	839 	852
f 771 	711 	818
f 771 	818 	816
f 748 	723 	795
f 819 	818 	712
f 789 	901 	795
f 728 	796 	782
f 670 	785 	842
f 852 	839 	538
f 711 	712 	818
f 819 	712 	715
f 795 	903 	748
f 900 	748 	903
f 797 	751 	798
f 799 	553 	715
f 553 	826 	715
f 881 	663 	656
f 751 	718 	798
f 693 	694 	810
f 694 	697 	810
f 656 	773 	881
f 766 	797 	703
f 797 	798 	703
f 728 	794 	796
f 664 	854 	665
f 854 	790 	665
f 693 	810 	699
f 784 	782 	803
f 791 	803 	782
f 791 	782 	804
f 792 	793 	665
f 790 	792 	665
f 815 	624 	675
f 511 	805 	806
f 515 	511 	806
f 525 	665 	535
f 766 	797 	709
f 718 	709 	797
f 718 	797 	798
f 661 	815 	728
f 805 	511 	808
f 701 	668 	787
f 657 	635 	794
f 808 	809 	805
f 537 	644 	570
f 665 	807 	535
f 800 	529 	806
f 761 	825 	570
f 809 	808 	811
f 665 	817 	807
f 761 	727 	570
f 728 	814 	794
f 825 	662 	595
f 813 	605 	807
f 604 	713 	831
f 646 	657 	569
f 814 	569 	657
f 794 	814 	657
f 797 	766 	687
f 797 	687 	686
f 929 	820 	930
f 830 	731 	750
f 823 	797 	574
f 686 	574 	797
f 797 	823 	798
f 794 	634 	657
f 756 	528 	832
f 524 	832 	528
f 815 	661 	624
f 813 	649 	605
f 570 	537 	756
f 761 	570 	756
f 793 	676 	817
f 728 	815 	814
f 823 	835 	518
f 716 	823 	518
f 573 	660 	636
f 718 	798 	716
f 823 	716 	798
f 818 	819 	820
f 651 	637 	652
f 637 	636 	652
f 594 	856 	669
f 629 	594 	669
f 660 	655 	636
f 648 	847 	779
f 629 	669 	662
f 847 	648 	851
f 610 	609 	917
f 655 	652 	636
f 733 	522 	791
f 786 	778 	777
f 822 	663 	881
f 538 	839 	611
f 839 	838 	611
f 609 	611 	838
f 770 	537 	783
f 743 	537 	770
f 772 	770 	783
f 828 	801 	800
f 824 	828 	800
f 825 	696 	558
f 725 	735 	503
f 827 	828 	829
f 738 	696 	825
f 803 	791 	522
f 869 	834 	713
f 819 	715 	826
f 819 	826 	820
f 717 	869 	713
f 824 	829 	828
f 810 	697 	701
f 665 	793 	817
f 717 	893 	869
f 787 	699 	810
f 828 	812 	802
f 801 	828 	802
f 806 	805 	824
f 806 	824 	800
f 823 	574 	621
f 702 	823 	621
f 824 	805 	811
f 809 	811 	805
f 701 	787 	810
f 692 	575 	832
f 680 	756 	832
f 575 	680 	832
f 692 	832 	695
f 817 	816 	807
f 524 	531 	832
f 627 	700 	835
f 818 	820 	807
f 816 	818 	807
f 884 	830 	822
f 619 	835 	702
f 823 	702 	835
f 627 	835 	619
f 590 	519 	835
f 519 	518 	835
f 700 	625 	835
f 929 	807 	820
f 769 	836 	757
f 835 	592 	590
f 826 	930 	820
f 742 	743 	683
f 770 	683 	743
f 785 	836 	842
f 695 	587 	625
f 625 	587 	835
f 813 	841 	649
f 760 	745 	682
f 785 	757 	836
f 931 	813 	929
f 684 	683 	770
f 684 	770 	772
f 761 	727 	825
f 595 	537 	825
f 718 	716 	774
f 518 	519 	774
f 831 	822 	830
f 756 	684 	783
f 772 	783 	684
f 807 	929 	813
f 750 	604 	830
f 756 	783 	726
f 709 	703 	740
f 513 	836 	510
f 837 	510 	836
f 688 	708 	760
f 769 	723 	836
f 837 	836 	723
f 774 	838 	839
f 742 	682 	745
f 842 	719 	670
f 798 	774 	703
f 718 	774 	798
f 842 	513 	719
f 739 	843 	720
f 839 	703 	774
f 836 	513 	842
f 641 	616 	844
f 622 	603 	632
f 766 	843 	797
f 751 	797 	843
f 622 	632 	617
f 848 	833 	516
f 845 	846 	555
f 553 	799 	555
f 845 	555 	799
f 850 	516 	833
f 833 	848 	850
f 902 	516 	550
f 853 	707 	854
f 706 	854 	707
f 857 	669 	856
f 858 	729 	853
f 516 	607 	550
f 547 	550 	607
f 752 	730 	860
f 874 	752 	860
f 849 	859 	852
f 623 	852 	859
f 856 	883 	857
f 648 	669 	857
f 912 	758 	877
f 780 	855 	840
f 593 	856 	594
f 780 	933 	855
f 781 	752 	877
f 873 	877 	752
f 834 	831 	713
f 860 	858 	664
f 664 	853 	854
f 796 	862 	782
f 804 	782 	863
f 853 	664 	858
f 815 	563 	814
f 705 	822 	861
f 664 	673 	874
f 864 	813 	931
f 861 	822 	831
f 841 	813 	864
f 767 	768 	866
f 874 	860 	664
f 651 	841 	864
f 651 	864 	865
f 768 	780 	866
f 804 	863 	791
f 522 	791 	863
f 522 	863 	534
f 767 	866 	868
f 867 	673 	624
f 637 	651 	638
f 868 	870 	773
f 732 	731 	891
f 773 	767 	868
f 865 	638 	651
f 840 	866 	780
f 796 	794 	862
f 657 	579 	794
f 579 	578 	794
f 638 	733 	736
f 638 	736 	784
f 638 	784 	633
f 932 	871 	872
f 784 	803 	736
f 646 	569 	568
f 906 	904 	866
f 661 	867 	624
f 859 	564 	552
f 736 	642 	784
f 640 	784 	642
f 873 	752 	874
f 876 	564 	875
f 859 	875 	564
f 781 	877 	758
f 803 	521 	736
f 633 	784 	640
f 872 	871 	573
f 638 	521 	733
f 912 	762 	758
f 876 	875 	878
f 673 	873 	874
f 821 	725 	503
f 873 	673 	877
f 636 	635 	573
f 872 	573 	635
f 511 	877 	673
f 876 	875 	880
f 879 	880 	875
f 522 	733 	521
f 638 	865 	521
f 791 	503 	735
f 779 	847 	916
f 504 	503 	521
f 773 	870 	881
f 522 	521 	503
f 522 	503 	791
f 875 	859 	882
f 857 	851 	648
f 522 	521 	803
f 642 	736 	521
f 857 	883 	851
f 674 	821 	509
f 884 	881 	870
f 879 	875 	882
f 879 	882 	885
f 822 	881 	884
f 856 	601 	886
f 883 	856 	886
f 927 	859 	849
f 731 	830 	884
f 585 	586 	672
f 599 	600 	672
f 596 	597 	672
f 919 	851 	883
f 889 	890 	883
f 597 	599 	672
f 886 	889 	883
f 932 	511 	867
f 596 	671 	602
f 622 	613 	603
f 932 	867 	871
f 891 	731 	884
f 875 	597 	878
f 867 	661 	894
f 871 	867 	894
f 891 	884 	909
f 673 	867 	511
f 613 	924 	889
f 596 	878 	597
f 602 	878 	596
f 516 	902 	848
f 596 	782 	597
f 906 	893 	892
f 894 	649 	841
f 862 	597 	782
f 863 	782 	596
f 863 	596 	602
f 894 	661 	649
f 579 	578 	872
f 635 	657 	872
f 657 	579 	872
f 660 	573 	894
f 891 	909 	892
f 893 	717 	895
f 604 	895 	713
f 894 	655 	660
f 888 	887 	859
f 927 	896 	859
f 888 	859 	896
f 895 	717 	713
f 859 	887 	897
f 882 	859 	897
f 892 	732 	891
f 585 	672 	600
f 841 	652 	894
f 892 	734 	732
f 895 	604 	734
f 846 	845 	898
f 600 	599 	882
f 799 	715 	900
f 893 	734 	892
f 734 	893 	895
f 515 	529 	762
f 901 	762 	529
f 868 	866 	904
f 599 	597 	882
f 875 	882 	597
f 898 	845 	799
f 898 	799 	900
f 898 	900 	903
f 898 	903 	905
f 597 	862 	599
f 907 	906 	866
f 840 	907 	866
f 529 	800 	901
f 905 	901 	801
f 600 	599 	862
f 800 	801 	901
f 868 	904 	909
f 528 	524 	908
f 534 	865 	924
f 521 	865 	534
f 563 	815 	675
f 892 	904 	906
f 559 	659 	802
f 802 	555 	559
f 892 	909 	904
f 924 	526 	534
f 644 	528 	908
f 909 	870 	868
f 586 	571 	672
f 560 	559 	555
f 846 	898 	555
f 589 	899 	539
f 589 	588 	899
f 543 	539 	899
f 516 	578 	567
f 516 	567 	607
f 659 	667 	802
f 667 	905 	802
f 801 	802 	905
f 587 	591 	899
f 675 	672 	563
f 899 	908 	543
f 524 	531 	908
f 585 	600 	628
f 516 	872 	578
f 519 	518 	746
f 716 	746 	518
f 560 	555 	667
f 667 	555 	898
f 905 	667 	898
f 571 	586 	628
f 586 	585 	628
f 882 	628 	600
f 507 	912 	877
f 600 	862 	585
f 899 	591 	592
f 893 	906 	907
f 571 	586 	862
f 586 	585 	862
f 829 	824 	850
f 912 	515 	762
f 507 	515 	912
f 592 	746 	899
f 603 	613 	886
f 603 	886 	601
f 893 	907 	869
f 896 	628 	888
f 887 	888 	628
f 882 	897 	628
f 886 	613 	889
f 821 	503 	509
f 887 	628 	897
f 828 	827 	913
f 888 	885 	887
f 890 	889 	606
f 889 	886 	606
f 601 	606 	886
f 884 	870 	909
f 674 	509 	671
f 516 	850 	824
f 834 	869 	907
f 882 	897 	885
f 897 	887 	885
f 896 	885 	888
f 915 	885 	896
f 838 	916 	917
f 536 	671 	509
f 582 	671 	536
f 834 	907 	840
f 838 	917 	609
f 582 	602 	671
f 536 	878 	582
f 855 	834 	840
f 548 	878 	583
f 548 	918 	878
f 876 	878 	918
f 536 	583 	878
f 917 	919 	920
f 917 	920 	921
f 615 	917 	921
f 602 	582 	878
f 834 	855 	861
f 876 	880 	918
f 916 	847 	919
f 861 	831 	834
f 582 	863 	602
f 536 	863 	582
f 547 	922 	549
f 847 	851 	919
f 890 	889 	924
f 923 	890 	924
f 916 	919 	917
f 928 	902 	925
f 926 	920 	925
f 916 	838 	779
f 925 	643 	641
f 925 	641 	926
f 932 	872 	811
f 811 	872 	824
f 645 	849 	557
f 922 	547 	628
f 643 	628 	647
f 927 	647 	628
f 925 	628 	643
f 922 	628 	925
f 849 	645 	927
f 647 	927 	645
f 550 	922 	902
f 549 	922 	550
f 922 	925 	902
f 614 	647 	927
f 883 	890 	928
f 920 	919 	928
f 883 	928 	919
f 628 	896 	927
f 911 	914 	923
f 616 	926 	844
f 887 	920 	927
f 896 	888 	927
f 888 	887 	927
f 929 	930 	828
f 812 	828 	930
f 647 	556 	927
f 896 	927 	556
f 896 	556 	915
f 897 	889 	887
f 616 	920 	926
f 614 	615 	616
f 826 	812 	930
f 875 	545 	882
f 918 	545 	876
f 875 	876 	545
f 545 	889 	882
f 897 	882 	889
f 928 	925 	920
f 921 	920 	616
f 615 	921 	616
f 915 	545 	885
f 918 	880 	545
f 879 	545 	880
f 879 	885 	545
f 556 	545 	915
f 910 	911 	923
f 921 	920 	618
f 928 	618 	920
f 902 	923 	914
f 923 	924 	910
f 913 	910 	924
f 647 	645 	643
f 645 	557 	556
f 645 	556 	647
f 844 	926 	641
f 902 	928 	923
f 902 	914 	848
f 662 	825 	558
f 890 	923 	928
f 630 	629 	558
f 865 	864 	931
f 931 	828 	865
f 929 	828 	931
f 924 	865 	828
f 606 	928 	890
f 828 	913 	924
f 808 	511 	932
f 921 	927 	920
f 615 	927 	921
f 811 	808 	932
f 516 	824 	872
f 755 	775 	753
f 786 	753 	775
f 786 	775 	778
f 889 	890 	928
f 889 	928 	920
f 889 	920 	887
f 827 	829 	850
f 827 	850 	848
f 827 	848 	914
f 911 	910 	914
f 827 	914 	910
f 827 	910 	913
f 654 	933 	780
f 584 	564 	583
f 548 	564 	918
f 876 	918 	564
f 564 	548 	583
f 683 	934 	742
f 742 	934 	682
f 682 	934 	683
f 855 	933 	935
f 562 	631 	630
f 938 	861 	935
f 562 	630 	558
f 564 	666 	562
f 935 	861 	855
f 662 	558 	629
f 650 	936 	937
f 654 	650 	937
f 650 	739 	936
f 530 	849 	852
f 557 	849 	530
f 517 	935 	933
f 517 	644 	935
f 908 	935 	644
f 720 	936 	739
f 720 	620 	936
f 937 	936 	620
f 938 	705 	861
f 899 	746 	938
f 705 	938 	746
f 935 	908 	938
f 938 	908 	899
f 654 	937 	517
f 517 	933 	654
# 1032 faces

 #end of obj_2

o obj_3
v -0.809958 2.189536 5.672742
v -0.825337 2.225446 5.583038
v -0.799629 2.228642 5.664771
v -0.807984 2.194132 5.674222
v 0.921433 2.405186 5.151308
v 0.934555 1.618322 5.145134
v 0.708757 1.692284 5.213397
v 0.741435 1.726742 5.221577
v 0.928674 1.665418 5.164965
v 0.936529 1.622919 5.146614
v 0.393851 2.478818 5.343187
v 0.385088 2.462382 5.325066
v 0.909256 2.393984 5.177259
v -0.770241 2.221690 5.678791
v -0.583001 2.160366 5.622178
v -0.584094 2.115603 5.604411
v 0.913044 2.374139 5.142594
v 0.944945 1.657357 5.137194
v 0.919176 1.654234 5.055429
v 0.697735 1.721449 5.082949
v 0.697325 1.721412 5.083698
v 0.884974 1.660124 5.026338
v -0.626700 2.155074 5.483552
v -0.626012 2.154720 5.483926
v 0.878496 2.356444 5.127204
v 0.913044 2.374139 5.142594
v -0.813940 2.216398 5.540163
v -0.233654 2.519785 5.511920
v -0.601089 2.139114 5.498908
v -0.601191 2.139422 5.498213
v 0.879186 1.680451 5.027254
v 0.015891 2.958752 5.416777
v 0.698886 1.730087 5.082839
v 0.173845 2.634914 5.406269
v 0.215864 2.408251 5.381439
v 0.454632 2.562572 5.077279
v 0.700386 1.738833 5.081949
v 0.310824 2.558875 5.123308
v -0.096667 3.089436 5.250587
v -0.236527 2.541011 5.533983
v 0.699934 1.738733 5.082632
v 0.070634 2.668707 5.437487
v -0.012983 2.715648 5.218741
v 0.414036 2.525083 5.092091
v 0.324340 2.470336 5.122730
v -0.097879 2.691662 5.246549
v 0.915157 1.661305 5.038822
v 0.914804 1.661599 5.038603
v 0.887260 1.677804 5.024819
v -0.093280 3.070313 5.228147
v 0.682578 1.737483 5.109141
v 0.705101 1.694401 5.211470
v 0.295341 2.665434 5.366017
v -0.176126 3.024778 5.256870
v 0.291724 2.677462 5.340976
v 0.380267 2.567328 5.343835
v -0.302339 2.533007 5.324965
v -0.287194 2.512825 5.342689
v 0.171996 2.646275 5.380627
v 0.319732 2.572890 5.144918
v 0.889339 2.357390 5.169342
v 0.483479 2.533536 5.312618
v -0.053948 2.966153 5.221238
v 0.863127 2.343609 5.155199
v 0.058731 2.728263 5.413183
v 0.455778 2.573260 5.102060
v 0.070660 2.679493 5.411240
v 0.524035 2.570961 5.297741
v 1.010395 2.161192 5.094026
v -0.241360 2.797393 5.287294
v -0.094873 2.593467 5.272133
v 0.992513 2.153796 5.122566
v -0.208827 2.782765 5.284225
v -0.168590 2.769567 5.272078
v 0.158619 2.401213 5.199767
v 0.156966 2.415666 5.178632
v -0.169279 2.773804 5.265481
v 0.421136 2.539703 5.114234
v 0.046699 2.547053 5.229372
v -0.030107 2.644085 5.463231
v -0.030587 2.643219 5.462845
v 0.374802 2.579899 5.319262
v -0.021772 2.614868 5.468925
v -0.368190 2.827426 5.541366
v 0.762600 2.090707 5.046184
v -0.039815 2.623403 5.452733
v -0.383939 2.798839 5.534829
v -0.352979 2.807272 5.559021
v -0.037767 2.600850 5.452944
v 0.866988 2.369098 4.995713
v 0.510842 2.580169 5.276506
v -0.378251 2.767945 5.507292
v -0.040243 2.620561 5.450571
v -0.041048 2.615711 5.446780
v 0.806260 2.095935 5.184746
v 0.743774 2.083546 5.074925
v 0.868260 2.399402 4.981468
v 0.476138 2.546681 5.288650
v 0.843442 2.385881 4.968342
v -0.827161 2.231784 5.565781
v 0.774626 2.087343 5.172586
v 0.847711 2.352678 5.029475
v -0.826801 2.231890 5.565302
v -0.806552 2.232422 5.537084
v -0.798477 2.229774 5.534648
v -0.171916 2.805845 5.507820
v -0.619463 2.170974 5.481144
v -0.096913 2.816820 5.240832
v 0.722560 2.253485 5.204364
v 0.646631 2.604538 5.257495
v -0.142861 2.791122 5.493104
v -0.102770 2.777769 5.480895
v -0.053641 2.720877 5.467565
v -0.034035 2.697869 5.462201
v -0.581548 2.115749 5.600549
v -0.028369 2.700144 5.467007
v -0.618816 2.170557 5.481454
v -0.594475 2.155395 5.496059
v 0.779187 2.572650 5.209710
v 0.778657 2.572221 5.210762
v -0.486847 2.499819 5.424063
v 0.695179 2.238821 5.191194
v -0.099771 2.782285 5.485939
v 0.709175 2.241337 5.231223
v 0.832433 2.349590 4.989423
v -0.363791 2.767683 5.548361
v -0.360810 2.744346 5.525386
v -0.443188 2.505048 5.562626
v 0.056418 2.724037 5.439203
v -0.432841 2.482726 5.537753
v 0.675902 2.222401 5.224956
v 0.819427 2.338316 5.016571
v 0.691460 2.487941 5.011983
v 0.686637 2.493558 5.006608
v -0.463691 2.478929 5.440092
v 0.776255 2.563778 5.211918
v 0.660716 2.498014 5.021274
v -0.077096 2.819147 5.260168
v 0.615050 2.512925 5.035124
v 0.614428 2.517191 5.028459
v 0.375763 2.966442 5.305824
v -0.178774 2.802825 5.504022
v 0.214295 3.013656 5.354513
v -0.287651 2.560632 5.488443
v 0.487005 2.449572 5.078563
v 0.544532 2.495478 5.058332
v 0.377793 2.952863 5.327249
v 0.516167 2.488358 5.067607
v 0.216428 3.000068 5.376034
v 0.486811 2.446843 5.080728
v -0.275463 2.563752 5.529007
v -0.266691 2.531013 5.510057
v 0.734610 2.581446 5.016062
v 0.629943 2.612539 5.237315
v 0.512282 2.491899 5.061990
v 0.462236 2.425203 5.081007
v -0.291271 2.585457 5.510980
v -0.429995 2.793799 5.387949
v -0.027469 2.825271 5.461359
v -0.421425 2.821713 5.371496
v 0.485365 2.429022 5.095459
v 0.717824 2.566447 5.004275
v 0.979647 2.157389 4.996462
v 0.948814 2.148503 4.983938
v 0.730291 2.572819 5.010950
v 0.318516 2.959404 5.124152
v 0.613095 2.738206 5.045122
v 0.484449 2.427050 5.098254
v -0.418858 2.799240 5.350073
v 0.157291 3.006263 5.173798
v 0.483000 2.423912 5.102664
v -0.409035 2.764179 5.409563
v 0.493284 2.425145 5.135252
v 0.828641 2.723848 5.172510
v 0.771508 2.716501 4.991833
v 0.046680 2.561282 5.206677
v 0.778097 2.587157 5.153498
v 0.788106 2.588243 5.185328
v 0.308388 2.944475 5.106788
v 0.664436 2.235119 5.093530
v 0.146985 2.991617 5.155506
v 0.652621 2.234446 5.051728
v 0.629442 2.216521 5.077920
v 0.787897 2.825807 5.181063
v 0.678860 2.248193 5.065736
v 0.776274 2.816769 5.206702
v 0.787598 2.580420 5.192188
v 0.780950 2.574358 5.205884
v 0.104402 2.626462 5.185741
v 0.001191 2.660255 5.216959
v 0.821273 2.729330 5.196646
v -0.420696 2.759884 5.368442
v -0.404510 2.739053 5.386759
v 0.689420 2.754254 5.236875
v -0.022135 2.826062 5.434517
v 0.552976 2.457462 5.286673
v 0.552064 2.455225 5.285597
v -0.589830 2.685185 5.577972
v 0.116992 2.639297 5.206213
v -0.567535 2.664663 5.594334
v -0.039111 2.951774 5.242362
v 0.531746 2.433682 5.301465
v 0.648615 2.230933 5.245057
v 0.668098 2.745185 5.219536
v 0.673190 2.243134 5.258853
v 0.542941 2.436837 5.276322
v 0.015589 2.672484 5.236895
v 0.526728 2.415995 5.282237
v -0.244932 2.794582 5.295151
v -0.620575 2.681382 5.480408
v 0.540137 2.434276 5.274446
v 0.730831 2.818490 5.000317
v -0.611171 2.659297 5.455736
v 0.536500 2.430809 5.271830
v 0.225938 2.657045 5.145555
v 0.706831 2.808317 4.986174
v 0.236721 2.670482 5.166560
v 0.713123 2.563897 5.001734
v 0.713477 2.564039 5.001989
v 0.751804 2.720915 4.976254
v 0.607380 2.235132 5.049836
v 0.595137 2.223901 5.075856
v -0.221894 2.890239 5.305504
v -0.334972 2.580164 5.372351
v 0.712242 2.560922 5.002122
v -0.318395 2.556929 5.390779
v -0.226279 2.881583 5.300461
v -0.331950 2.556889 5.349442
v 0.757039 2.496428 5.220977
v -0.224898 2.871226 5.290133
v 0.620154 2.745420 5.017373
v 0.756079 2.502011 5.227135
v 0.469621 2.408613 5.101426
v 0.003663 2.721256 5.238839
v -0.313084 2.525163 5.362952
v -0.224372 2.866309 5.285427
v 0.327981 2.454999 5.144256
v 0.577190 2.596086 5.036967
v 0.726615 2.506345 5.230221
v 0.581937 2.496163 5.275924
v 0.610389 2.503511 5.266680
v 0.680874 2.521228 5.243842
v 0.581725 2.500350 5.282517
v -0.099547 2.689977 5.253808
v -0.119233 2.712858 5.259042
v -0.095297 2.636034 5.254791
v 0.683870 2.525642 5.248985
v 0.534068 2.908937 5.257814
v 0.476935 2.901590 5.077138
v -0.126805 3.036707 5.461461
v -0.183808 3.029317 5.280746
v -0.095500 2.634478 5.256128
v -0.039601 3.096755 5.431332
v -0.091216 2.606416 5.248398
v -0.179855 2.895729 5.438555
v -0.023837 3.078765 5.448674
v 0.466629 2.886942 5.058846
v 0.226369 2.424055 5.399094
v 0.913112 2.374168 5.142524
v -0.096896 2.615550 5.271753
v 0.103811 2.554535 5.410084
v 0.913044 2.374139 5.142594
v 0.536072 2.895394 5.279373
v -0.106724 3.033167 5.477331
v -0.168464 2.897008 5.474838
v -0.094523 2.608780 5.277480
v -0.096160 2.613353 5.273586
v 0.574980 2.605624 5.062966
v -0.168972 2.889184 5.481699
v 0.116124 2.569733 5.427204
v -0.158084 2.874509 5.494259
v -0.158433 2.874902 5.493940
v -0.161473 2.878847 5.490462
v -0.086911 2.609753 5.301591
v 0.015382 2.974915 5.440770
v -0.159361 2.870159 5.494857
v -0.622705 2.162862 5.482501
# 277 vertices

g group_3_9772161

usemtl color_9772161
s 0

f 941 	942 	940
f 939 	940 	942
f 946 	947 	945
f 947 	948 	945
f 944 	945 	948
f 953 	954 	952
f 942 	952 	954
f 942 	954 	939
f 948 	956 	957
f 948 	957 	944
f 958 	959 	960
f 968 	961 	962
f 1040 	963 	964
f 962 	961 	965
f 967 	968 	962
f 969 	958 	960
f 979 	971 	1023
f 958 	1023 	971
f 963 	999 	964
f 958 	971 	959
f 971 	969 	959
f 975 	969 	971
f 960 	959 	969
f 975 	971 	979
f 982 	976 	983
f 972 	1208 	980
f 957 	985 	986
f 957 	986 	987
f 957 	987 	969
f 957 	969 	975
f 957 	975 	979
f 957 	979 	989
f 957 	989 	990
f 957 	990 	945
f 957 	945 	944
f 1119 	1108 	988
f 977 	988 	1108
f 976 	1014 	983
f 956 	1007 	957
f 948 	947 	956
f 992 	988 	977
f 976 	982 	1016
f 958 	969 	1023
f 997 	993 	991
f 997 	991 	972
f 955 	999 	951
f 1005 	997 	972
f 998 	976 	1016
f 979 	1034 	989
f 949 	994 	1000
f 946 	945 	990
f 996 	1204 	995
f 972 	980 	1005
f 1034 	1039 	989
f 985 	957 	1007
f 1005 	980 	1067
f 988 	992 	1001
f 947 	1010 	956
f 1010 	1007 	956
f 1012 	995 	1183
f 1011 	995 	1012
f 955 	964 	999
f 1183 	1015 	1012
f 1049 	1050 	978
f 1036 	1006 	1000
f 963 	1002 	999
f 987 	1102 	969
f 1020 	998 	1036
f 1016 	1036 	998
f 1018 	1019 	978
f 1019 	1024 	978
f 1016 	982 	974
f 1031 	1032 	978
f 1004 	1016 	974
f 1143 	1167 	951
f 1012 	1015 	1011
f 991 	993 	1020
f 947 	1033 	1010
f 1008 	1011 	1015
f 947 	946 	1033
f 1019 	1018 	1021
f 991 	1020 	994
f 1031 	978 	1024
f 966 	978 	1032
f 1015 	984 	1046
f 994 	1020 	1036
f 1000 	994 	1036
f 1029 	1036 	1004
f 1017 	1013 	1014
f 1022 	1026 	1025
f 1027 	1024 	1021
f 1021 	1024 	1019
f 1013 	1199 	973
f 1026 	1064 	1025
f 1027 	1031 	1024
f 1031 	1027 	1032
f 1127 	1114 	1014
f 979 	1023 	1034
f 1036 	1029 	1006
f 1022 	1211 	1026
f 1028 	1035 	1037
f 1038 	1136 	940
f 1028 	1063 	1040
f 942 	941 	952
f 1016 	1004 	1036
f 1039 	1033 	946
f 946 	990 	1039
f 1060 	1039 	1034
f 990 	989 	1039
f 1033 	1047 	1002
f 1051 	978 	1050
f 1052 	978 	1051
f 1018 	978 	1052
f 954 	953 	1053
f 1052 	1054 	1018
f 1021 	1018 	1054
f 1010 	1033 	1002
f 1057 	1058 	1129
f 1054 	1052 	1051
f 1046 	984 	981
f 1053 	1068 	1056
f 1101 	963 	1040
f 1039 	1047 	1033
f 1055 	1073 	1045
f 1047 	1039 	1060
f 1061 	1054 	1051
f 1061 	1051 	1050
f 1059 	1045 	1073
f 1046 	981 	1076
f 1037 	1063 	1028
f 1061 	1097 	1054
f 1101 	1040 	1102
f 952 	1066 	953
f 1062 	1047 	1060
f 1102 	1040 	1070
f 1060 	1069 	1062
f 1066 	1068 	953
f 1068 	1053 	953
f 1095 	1065 	1064
f 1076 	1172 	1133
f 1044 	1061 	1049
f 1049 	1080 	1044
f 1063 	1070 	1040
f 1065 	1030 	1064
f 1073 	1056 	1068
f 1047 	1062 	999
f 1172 	1076 	981
f 1050 	1049 	1061
f 1075 	1159 	1071
f 1064 	1030 	1025
f 1072 	1078 	1075
f 1072 	1075 	1071
f 999 	1062 	951
f 1075 	1078 	1077
f 1028 	1040 	1197
f 1097 	1067 	1054
f 1065 	1095 	1066
f 943 	1035 	1028
f 1002 	1047 	999
f 1066 	1095 	1068
f 1095 	1082 	1068
f 1005 	1067 	1003
f 1060 	1121 	1069
f 1049 	978 	1080
f 1084 	1159 	1077
f 1084 	1086 	1159
f 1083 	1159 	1086
f 1083 	1088 	1159
f 1088 	1099 	1159
f 1106 	1159 	1099
f 1116 	1115 	943
f 1085 	1087 	1081
f 1085 	1081 	1079
f 951 	1062 	1143
f 1148 	1110 	1030
f 1115 	1113 	1091
f 1003 	1133 	1172
f 1090 	1082 	1089
f 1088 	1083 	1094
f 1093 	1094 	1083
f 1093 	1083 	1086
f 1115 	1091 	1035
f 1214 	1209 	1044
f 1035 	1100 	1037
f 1100 	1157 	1037
f 1007 	1101 	985
f 1082 	1095 	1089
f 985 	1101 	986
f 1102 	986 	1101
f 1102 	987 	986
f 1099 	1094 	1171
f 1088 	1094 	1099
f 1035 	1091 	1103
f 1035 	1103 	1100
f 1082 	1090 	1173
f 1107 	1098 	1096
f 1133 	1067 	1097
f 1156 	1163 	1037
f 1110 	1025 	1030
f 1108 	1104 	1079
f 1163 	1071 	1037
f 1110 	1130 	1096
f 1171 	1109 	1106
f 1171 	1106 	1099
f 1110 	1096 	1025
f 1111 	1109 	1171
f 1023 	969 	1102
f 1081 	1108 	1079
f 1114 	1192 	1017
f 1103 	1091 	1113
f 1115 	1112 	1113
f 1115 	1116 	1112
f 1125 	1112 	1116
f 1095 	1064 	1089
f 1102 	1070 	1023
f 1104 	1108 	1117
f 1123 	1034 	1023
f 1118 	1034 	1123
f 1105 	1142 	1206
f 1034 	1118 	1060
f 1108 	1119 	1117
f 1121 	1118 	1120
f 1014 	1114 	1017
f 1057 	1129 	1112
f 1001 	1119 	988
f 1125 	1126 	1112
f 1035 	943 	1115
f 1121 	1060 	1118
f 1199 	1013 	1017
f 1001 	1117 	1119
f 1070 	1123 	1023
f 1150 	1113 	1122
f 1073 	1068 	1082
f 1093 	1086 	1084
f 1057 	1112 	1126
f 1110 	1148 	1151
f 1118 	1123 	1120
f 1126 	951 	1057
f 1058 	1057 	951
f 943 	951 	1126
f 1129 	1122 	1112
f 1120 	1159 	1121
f 1128 	981 	984
f 1107 	1096 	1130
f 1159 	1160 	1121
f 1129 	1124 	1122
f 943 	1125 	1116
f 1151 	1131 	1110
f 1105 	1169 	1139
f 1128 	1145 	981
f 1126 	1125 	943
f 1120 	1123 	1070
f 1026 	1089 	1064
f 1074 	1058 	951
f 1127 	1128 	1114
f 966 	996 	1090
f 1077 	1078 	1084
f 1093 	1084 	1078
f 1145 	1128 	1127
f 1143 	1177 	1167
f 1133 	1003 	1067
f 1134 	1178 	1143
f 1132 	1124 	1129
f 1153 	1127 	1014
f 1063 	1120 	1070
f 1026 	1080 	978
f 1143 	1135 	1134
f 1132 	970 	1213
f 941 	940 	1136
f 1136 	1038 	1148
f 1120 	1063 	1037
f 1136 	1148 	1030
f 1129 	1048 	1132
f 1037 	1159 	1120
f 1138 	941 	1136
f 1134 	1140 	1181
f 1153 	1137 	1127
f 1138 	952 	941
f 974 	982 	1093
f 1135 	1140 	1134
f 1030 	1138 	1136
f 1130 	1110 	1131
f 1030 	1065 	1138
f 1001 	1046 	1139
f 1127 	1137 	1145
f 1069 	1141 	1143
f 1144 	1143 	1149
f 1135 	1143 	1144
f 1143 	1062 	1069
f 1149 	1143 	1152
f 1046 	1076 	1139
f 1092 	1142 	1048
f 1160 	1069 	1121
f 1059 	1151 	1043
f 982 	1094 	1093
f 1142 	970 	1132
f 1160 	1141 	1069
f 1146 	1140 	1144
f 1066 	1138 	1065
f 1142 	1132 	1048
f 1147 	1107 	995
f 1135 	1144 	1140
f 1133 	970 	1076
f 970 	1139 	1076
f 1066 	952 	1138
f 1092 	1206 	1142
f 981 	1145 	1172
f 1141 	1152 	1143
f 1137 	1005 	1145
f 1141 	1111 	1152
f 1186 	1187 	1122
f 1145 	1005 	1172
f 1187 	1150 	1122
f 1151 	1041 	1042
f 1153 	1014 	976
f 1147 	1011 	1008
f 1112 	1122 	1113
f 1038 	1041 	1148
f 1151 	1148 	1041
f 1098 	1022 	1096
f 1203 	1022 	1193
f 1015 	992 	1008
f 1155 	1153 	998
f 1149 	1152 	1146
f 1144 	1149 	1146
f 1156 	1157 	1158
f 1113 	1158 	1157
f 1025 	1096 	1022
f 1187 	1154 	1150
f 1152 	1111 	1146
f 1013 	973 	950
f 993 	1155 	998
f 992 	1015 	1046
f 1042 	1043 	1151
f 1100 	1103 	1113
f 1100 	1113 	1157
f 1171 	1146 	1111
f 1154 	1158 	1150
f 1193 	1161 	1189
f 1059 	1131 	1151
f 1146 	950 	1140
f 949 	1140 	950
f 998 	1153 	976
f 1153 	1155 	1137
f 1171 	1175 	1146
f 1158 	1113 	1150
f 1162 	1131 	1059
f 1156 	1037 	1157
f 1161 	1193 	1098
f 1059 	1073 	1162
f 1075 	1077 	1159
f 1159 	1037 	1071
f 1164 	1162 	1073
f 1098 	1193 	1022
f 1000 	1140 	949
f 998 	1020 	993
f 1164 	1073 	1082
f 1158 	1072 	1156
f 1163 	1156 	1072
f 1165 	1189 	1161
f 1209 	1210 	1202
f 1106 	1109 	1159
f 1160 	1159 	1109
f 1165 	1168 	1189
f 1137 	993 	997
f 1155 	993 	1137
f 1109 	1111 	1160
f 1141 	1160 	1111
f 951 	1167 	1074
f 1169 	1176 	1158
f 1074 	1170 	1058
f 1129 	1058 	1170
f 1163 	1072 	1071
f 1098 	1168 	1165
f 1098 	1165 	1161
f 1078 	1158 	1176
f 1166 	1162 	1164
f 1078 	1072 	1158
f 1170 	1074 	1167
f 1189 	1168 	1174
f 1005 	1137 	997
f 1171 	1094 	1175
f 1173 	1166 	1164
f 1098 	1107 	1168
f 1174 	1168 	1107
f 1164 	1082 	1173
f 1178 	1179 	1143
f 1179 	1180 	1143
f 1177 	1143 	1180
f 1169 	1158 	1154
f 1013 	1175 	1014
f 1046 	1001 	992
f 1169 	1154 	1195
f 1176 	974 	1093
f 1090 	996 	1173
f 1181 	1178 	1134
f 1107 	1147 	1174
f 1097 	1202 	1213
f 1130 	1131 	1166
f 1005 	1003 	1172
f 1166 	1107 	1130
f 1174 	1147 	1008
f 1174 	1008 	1189
f 1044 	1202 	1061
f 1166 	1131 	1162
f 1182 	1183 	995
f 1182 	995 	1184
f 1061 	1202 	1097
f 1181 	1185 	1179
f 1205 	995 	1204
f 1180 	1179 	1185
f 1173 	995 	1166
f 977 	1108 	1081
f 950 	1175 	1013
f 1176 	1093 	1078
f 995 	1173 	996
f 1179 	1178 	1181
f 1122 	1124 	1186
f 1205 	1198 	995
f 995 	1190 	1184
f 977 	1191 	1189
f 1188 	1189 	1191
f 1079 	1104 	1187
f 995 	1107 	1166
f 1191 	977 	1081
f 1182 	1184 	984
f 1193 	1189 	1188
f 1207 	1203 	1188
f 1187 	1186 	1079
f 1189 	992 	977
f 1105 	1176 	1169
f 1192 	984 	1184
f 974 	1176 	1206
f 1187 	1104 	1117
f 1011 	1147 	995
f 1000 	1181 	1140
f 1192 	1184 	1190
f 1008 	992 	1189
f 950 	973 	1196
f 1206 	1176 	1105
f 1187 	1195 	1154
f 1006 	1048 	1181
f 943 	1028 	1197
f 1032 	1212 	966
f 1206 	1004 	974
f 1196 	949 	950
f 1087 	1194 	1081
f 1197 	951 	943
f 1187 	1117 	1195
f 1190 	995 	1198
f 1000 	1006 	1181
f 955 	1197 	1200
f 1081 	1194 	1191
f 996 	966 	1212
f 1027 	1021 	1199
f 1197 	955 	951
f 1201 	1085 	1186
f 1079 	1186 	1085
f 1197 	964 	1200
f 1193 	1188 	1203
f 1017 	1009 	1199
f 964 	1197 	1040
f 1009 	1192 	1198
f 1198 	1192 	1190
f 1194 	1202 	1191
f 1167 	1177 	1170
f 963 	1101 	1007
f 1201 	1186 	1124
f 1196 	973 	1199
f 1169 	1195 	1117
f 1199 	1021 	1208
f 1180 	1185 	1177
f 1170 	1177 	1185
f 1010 	963 	1007
f 1188 	1202 	1210
f 1021 	980 	1208
f 963 	1010 	1002
f 1199 	1208 	1196
f 1001 	1169 	1117
f 1029 	1004 	1092
f 1202 	1188 	1191
f 1188 	1210 	1211
f 1188 	1211 	1207
f 1204 	996 	1212
f 955 	1200 	964
f 1132 	1213 	1085
f 1201 	1132 	1085
f 1048 	1129 	1185
f 1204 	1009 	1205
f 1198 	1205 	1009
f 1132 	1201 	1124
f 1209 	1026 	1210
f 1210 	1026 	1211
f 1196 	1208 	972
f 1206 	1092 	1004
f 1080 	1026 	1214
f 1048 	1185 	1181
f 1204 	1212 	1009
f 991 	994 	1196
f 994 	949 	1196
f 1001 	1139 	1169
f 991 	1196 	972
f 1203 	1207 	1022
f 1185 	1129 	1170
f 1022 	1207 	1211
f 1175 	1094 	983
f 1209 	1214 	1026
f 1059 	1043 	961
f 965 	961 	1043
f 1067 	980 	1054
f 961 	968 	1215
f 950 	1146 	1175
f 1202 	1044 	1209
f 1032 	1027 	1212
f 1059 	961 	1045
f 1215 	1045 	961
f 1080 	1214 	1044
f 982 	983 	1094
f 1043 	1045 	1215
f 1043 	1215 	962
f 1043 	962 	965
f 1092 	1048 	1006
f 1017 	1192 	1009
f 980 	1021 	1054
f 1215 	968 	1055
f 1073 	1055 	968
f 968 	967 	1056
f 968 	1056 	1073
f 1014 	1175 	983
f 1029 	1092 	1006
f 1055 	1056 	1215
f 962 	1215 	1056
f 962 	1056 	967
f 1027 	1199 	1009
f 1202 	1194 	1213
f 1128 	984 	1192
f 1056 	1055 	1053
f 1055 	1043 	1053
f 1045 	1043 	1055
f 954 	1053 	1043
f 1042 	1041 	1043
f 954 	1043 	1041
f 954 	1041 	1038
f 954 	1038 	940
f 954 	940 	939
f 1213 	1194 	1087
f 1192 	1114 	1128
f 978 	966 	1090
f 1213 	1087 	1085
f 984 	1015 	1183
f 1090 	1089 	978
f 1089 	1026 	978
f 1183 	1182 	984
f 1139 	970 	1105
f 1142 	1105 	970
f 1097 	970 	1133
f 1097 	1213 	970
f 1009 	1212 	1027
# 558 faces

 #end of obj_3


# double-sided
f 3 2 1
f 4 3 1
f 9 11 10
f 9 12 11
f 9 13 12
f 13 9 5
f 16 26 13
f 12 15 14
f 11 12 14
f 9 21 5
f 19 22 20
f 16 22 19
f 17 22 16
f 7 25 23
f 26 16 19
f 16 13 5
f 16 5 6
f 41 66 64
f 45 34 32
f 28 20 22
f 29 28 22
f 24 27 30
f 16 6 18
f 30 31 24
f 33 22 17
f 22 33 29
f 29 8 13
f 29 26 28
f 26 29 13
f 8 29 33
f 35 30 27
f 44 40 7
f 36 53 32
f 41 38 40
f 42 37 21
f 14 43 10
f 11 14 10
f 40 44 41
f 38 45 40
f 5 21 37
f 4 47 46
f 3 4 46
f 49 51 50
f 51 49 48
f 45 53 40
f 17 16 51
f 42 54 37
f 16 18 51
f 40 53 7
f 48 17 51
f 18 37 51
f 5 37 6
f 50 37 39
f 37 50 51
f 32 34 55
f 45 62 59
f 55 36 32
f 18 6 37
f 54 48 49
f 36 55 34
f 47 23 46
f 23 47 56
f 33 14 15
f 25 65 57
f 63 25 7
f 1 57 56
f 4 1 56
f 47 4 56
f 25 1 2
f 1 25 57
f 20 26 19
f 26 20 28
f 33 17 48
f 52 48 42
f 54 39 37
f 39 54 58
f 56 44 23
f 58 50 39
f 21 52 42
f 56 57 44
f 31 30 35
f 50 58 49
f 59 24 31
f 60 59 31
f 54 49 58
f 48 54 42
f 44 57 65
f 61 60 31
f 3 23 2
f 52 33 48
f 62 45 38
f 65 25 63
f 23 3 46
f 2 23 25
f 59 62 24
f 62 41 64
f 62 38 41
f 36 61 53
f 34 59 36
f 61 36 60
f 33 12 8
f 12 33 15
f 31 63 61
f 63 31 35
f 10 43 52
f 10 21 9
f 21 10 52
f 66 41 65
f 14 52 43
f 14 33 52
f 27 62 64
f 62 27 24
f 63 53 61
f 60 36 59
f 45 32 53
f 44 7 23
f 53 63 7
f 12 13 8
f 35 65 63
f 66 27 64
f 34 45 59
f 27 65 35
f 65 27 66
f 65 41 44
f 84 85 86
f 68 359 90
f 91 85 86
f 94 408 224
f 95 93 92
f 93 95 96
f 97 92 93
f 327 245 81
f 100 99 98
f 101 100 98
f 95 97 96
f 97 95 92
f 72 317 74
f 105 100 99
f 107 105 99
f 85 84 86
f 91 89 85
f 317 78 74
f 106 104 103
f 82 78 317
f 91 88 89
f 108 140 110
f 100 108 110
f 139 82 317
f 85 451 89
f 110 112 111
f 114 113 109
f 115 114 109
f 84 86 451
f 117 120 119
f 120 117 116
f 88 327 80
f 127 117 124
f 124 117 119
f 122 106 109
f 122 104 106
f 104 122 121
f 104 97 126
f 104 96 97
f 96 104 121
f 89 451 88
f 149 167 102
f 67 132 73
f 451 85 84
f 80 451 81
f 451 80 88
f 132 67 69
f 128 127 129
f 128 124 127
f 129 127 134
f 128 119 124
f 128 120 119
f 128 135 120
f 135 128 105
f 135 105 107
f 82 217 78
f 140 111 112
f 111 140 440
f 133 387 384
f 131 339 145
f 325 138 139
f 138 325 142
f 143 196 135
f 140 112 110
f 142 425 226
f 154 158 155
f 149 186 423
f 171 118 156
f 159 153 160
f 158 154 159
f 153 159 154
f 156 118 136
f 161 151 162
f 125 151 161
f 157 152 170
f 147 91 146
f 450 423 451
f 423 450 149
f 170 152 150
f 166 165 164
f 450 453 149
f 147 133 91
f 171 400 118
f 80 81 258
f 149 453 457
f 167 201 182
f 85 254 84
f 84 254 86
f 86 254 173
f 164 174 162
f 85 222 221
f 223 254 212
f 178 145 179
f 145 178 169
f 85 258 222
f 88 80 258
f 148 491 181
f 137 177 67
f 266 171 268
f 94 184 70
f 178 179 180
f 131 145 177
f 468 170 464
f 193 414 187
f 181 171 156
f 195 194 145
f 145 205 195
f 163 130 172
f 187 70 184
f 193 187 184
f 175 102 182
f 169 130 163
f 194 179 145
f 144 196 143
f 196 429 445
f 102 167 182
f 197 304 189
f 189 304 190
f 304 193 303
f 163 67 177
f 439 194 195
f 194 436 179
f 192 304 197
f 185 149 102
f 177 145 163
f 201 188 83
f 94 202 184
f 69 67 163
f 135 196 120
f 191 196 204
f 196 191 127
f 201 223 188
f 188 89 88
f 196 119 120
f 196 124 119
f 124 196 127
f 205 145 339
f 169 163 145
f 198 76 200
f 204 196 207
f 83 182 201
f 195 442 439
f 211 210 201
f 210 212 201
f 193 184 202
f 214 176 137
f 211 167 215
f 215 167 255
f 213 176 214
f 130 216 217
f 216 130 169
f 216 169 178
f 307 245 294
f 176 218 131
f 218 176 213
f 158 220 155
f 220 158 221
f 75 203 148
f 88 80 307
f 208 209 219
f 206 422 83
f 220 221 222
f 190 313 498
f 226 224 142
f 212 223 201
f 168 165 222
f 227 219 228
f 228 219 262
f 219 227 170
f 94 230 202
f 230 94 224
f 226 230 224
f 131 177 176
f 307 188 88
f 226 425 230
f 425 142 325
f 233 161 237
f 233 235 234
f 233 237 235
f 235 237 236
f 161 233 232
f 161 232 229
f 161 229 159
f 211 91 210
f 231 181 156
f 228 239 227
f 239 228 240
f 225 231 156
f 210 211 212
f 118 400 382
f 378 151 125
f 151 378 377
f 244 170 227
f 243 250 241
f 231 250 242
f 213 214 253
f 451 223 211
f 244 391 392
f 391 244 227
f 250 231 225
f 215 450 451
f 211 215 451
f 211 223 212
f 223 451 173
f 147 146 154
f 137 176 177
f 227 247 244
f 245 307 81
f 247 227 239
f 218 357 131
f 327 294 245
f 147 154 155
f 155 424 147
f 241 250 249
f 250 243 242
f 245 451 294
f 451 245 81
f 244 191 248
f 248 191 469
f 254 158 159
f 244 247 248
f 255 167 340
f 257 162 174
f 242 243 256
f 483 215 255
f 215 483 91
f 257 161 162
f 209 79 334
f 255 279 215
f 285 181 231
f 209 337 219
f 146 91 483
f 219 260 259
f 258 257 174
f 258 165 168
f 258 164 165
f 164 258 174
f 211 254 346
f 254 211 210
f 258 89 88
f 259 262 219
f 212 254 210
f 264 263 261
f 265 246 171
f 315 293 206
f 108 259 260
f 218 251 357
f 215 346 255
f 346 215 211
f 267 225 263
f 225 267 250
f 262 108 228
f 258 245 257
f 254 221 158
f 254 85 221
f 173 254 223
f 213 251 218
f 262 240 228
f 269 268 499
f 270 253 371
f 258 85 89
f 222 258 168
f 270 213 253
f 274 250 256
f 256 250 275
f 250 274 249
f 278 197 189
f 213 270 251
f 280 279 167
f 180 217 216
f 180 216 178
f 148 181 285
f 272 141 183
f 242 363 231
f 296 282 172
f 183 277 272
f 284 130 217
f 294 315 307
f 282 69 163
f 192 197 278
f 435 279 280
f 281 363 256
f 256 363 242
f 132 69 282
f 278 189 192
f 282 163 172
f 206 83 307
f 281 274 256
f 280 215 279
f 285 75 148
f 266 265 171
f 172 288 286
f 365 315 368
f 130 297 288
f 288 172 130
f 315 294 295
f 292 287 289
f 115 299 298
f 299 115 109
f 290 291 434
f 172 286 296
f 287 292 252
f 296 301 282
f 225 156 300
f 156 136 300
f 302 314 318
f 303 306 304
f 306 309 302
f 141 252 292
f 273 185 276
f 185 273 186
f 183 141 292
f 306 302 122
f 299 306 122
f 276 102 175
f 305 130 284
f 130 305 393
f 300 308 225
f 294 291 295
f 291 294 290
f 294 472 290
f 109 299 122
f 276 185 102
f 260 271 240
f 259 240 262
f 240 259 260
f 309 306 303
f 273 283 238
f 311 440 140
f 311 418 440
f 307 83 188
f 263 312 261
f 306 313 304
f 225 308 263
f 307 315 206
f 198 316 199
f 186 273 238
f 314 302 309
f 180 179 436
f 217 180 78
f 312 320 319
f 312 308 320
f 308 312 263
f 238 283 293
f 312 263 264
f 198 200 317
f 328 286 288
f 317 200 325
f 322 286 328
f 265 326 246
f 326 268 324
f 297 321 288
f 327 88 91
f 327 81 80
f 327 91 329
f 288 321 328
f 266 326 265
f 317 325 139
f 235 472 234
f 133 329 91
f 136 325 200
f 324 268 269
f 325 136 118
f 291 399 434
f 332 311 333
f 311 332 310
f 327 377 378
f 330 250 267
f 250 335 275
f 335 394 391
f 311 140 108
f 333 311 108
f 336 333 108
f 337 336 108
f 260 337 108
f 436 194 439
f 290 331 291
f 331 290 235
f 236 331 235
f 321 297 420
f 337 334 336
f 337 209 334
f 301 296 323
f 268 326 266
f 219 337 260
f 308 467 320
f 372 141 272
f 337 260 259
f 286 322 338
f 279 483 340
f 296 286 338
f 260 341 271
f 341 260 337
f 341 337 336
f 338 323 296
f 263 330 267
f 263 452 330
f 342 263 312
f 279 340 167
f 262 429 443
f 344 228 227
f 344 244 248
f 344 227 244
f 429 262 228
f 343 496 345
f 280 340 346
f 340 280 279
f 443 259 262
f 289 361 292
f 205 345 496
f 335 256 275
f 281 256 335
f 332 347 310
f 336 334 333
f 241 349 243
f 349 241 249
f 350 349 249
f 229 232 346
f 341 334 79
f 334 341 336
f 241 249 274
f 302 121 122
f 351 354 355
f 319 320 353
f 106 299 109
f 106 306 299
f 154 152 488
f 96 440 93
f 247 344 248
f 344 271 341
f 240 344 239
f 239 344 247
f 97 144 126
f 440 97 93
f 355 352 351
f 352 355 357
f 249 358 356
f 358 249 241
f 345 339 343
f 339 348 343
f 243 281 256
f 339 345 205
f 355 339 357
f 241 360 358
f 344 240 271
f 356 350 249
f 340 483 255
f 339 131 357
f 348 339 359
f 388 272 277
f 351 137 354
f 360 243 349
f 281 243 360
f 340 279 255
f 137 351 214
f 104 143 103
f 359 369 348
f 351 253 214
f 363 360 364
f 363 281 360
f 306 367 366
f 306 366 313
f 143 106 103
f 368 315 295
f 366 497 498
f 354 137 67
f 399 368 327
f 331 365 399
f 360 241 274
f 360 274 281
f 368 399 365
f 367 306 386
f 368 295 327
f 295 365 368
f 365 295 291
f 365 291 331
f 285 231 363
f 498 313 366
f 375 206 293
f 383 270 371
f 229 254 159
f 254 229 346
f 397 270 383
f 375 293 459
f 346 340 255
f 371 352 383
f 365 236 237
f 236 365 331
f 359 370 369
f 495 348 369
f 369 498 495
f 365 257 368
f 365 161 257
f 161 365 237
f 96 458 440
f 422 415 182
f 370 359 414
f 361 362 292
f 206 375 422
f 245 294 257
f 245 258 81
f 352 371 351
f 114 373 113
f 294 368 257
f 368 294 295
f 351 371 253
f 67 73 354
f 374 141 372
f 294 327 295
f 306 106 143
f 76 379 462
f 379 76 380
f 394 380 76
f 374 287 252
f 224 395 393
f 394 87 391
f 372 375 374
f 397 352 357
f 408 70 406
f 141 374 252
f 228 380 227
f 380 228 379
f 377 327 329
f 406 70 187
f 70 408 94
f 382 318 425
f 318 403 302
f 381 372 272
f 189 190 370
f 362 361 438
f 414 193 192
f 406 187 414
f 378 399 327
f 192 370 414
f 370 192 189
f 330 379 380
f 397 383 352
f 389 376 130
f 90 354 73
f 398 385 150
f 208 219 385
f 299 390 298
f 87 394 76
f 68 73 132
f 73 68 90
f 393 142 224
f 170 150 219
f 391 87 392
f 150 385 219
f 251 270 397
f 395 224 408
f 381 272 388
f 394 227 380
f 391 227 394
f 396 385 398
f 393 389 130
f 395 389 393
f 397 357 251
f 298 390 373
f 298 114 115
f 299 113 373
f 299 373 390
f 392 335 391
f 144 97 440
f 208 399 378
f 382 400 403
f 208 401 399
f 404 402 377
f 362 388 277
f 246 400 171
f 400 246 403
f 114 298 373
f 183 362 277
f 113 299 109
f 405 150 152
f 403 318 382
f 405 398 150
f 389 359 68
f 183 292 362
f 389 408 406
f 408 389 395
f 261 246 326
f 384 404 329
f 407 282 301
f 404 384 410
f 403 458 302
f 410 384 387
f 282 407 132
f 404 410 402
f 407 68 132
f 404 377 329
f 411 386 412
f 389 414 359
f 414 389 406
f 416 402 417
f 417 402 410
f 402 416 482
f 297 130 376
f 410 387 428
f 476 415 409
f 376 71 297
f 269 411 412
f 411 269 499
f 376 68 71
f 418 417 410
f 418 428 444
f 428 418 410
f 374 375 413
f 193 304 192
f 347 419 310
f 71 420 297
f 374 413 287
f 412 360 349
f 306 412 386
f 202 303 193
f 381 409 415
f 417 311 310
f 311 417 418
f 349 269 412
f 303 202 309
f 407 301 71
f 417 419 416
f 417 310 419
f 269 349 324
f 313 190 304
f 420 71 301
f 385 396 401
f 208 385 401
f 328 321 433
f 166 482 416
f 424 155 485
f 238 423 186
f 314 202 230
f 202 314 309
f 186 149 185
f 361 289 421
f 425 314 230
f 426 147 424
f 381 415 422
f 420 433 321
f 381 422 372
f 314 425 318
f 429 424 427
f 421 289 287
f 412 143 454
f 412 454 360
f 372 422 375
f 424 429 428
f 427 424 430
f 425 118 382
f 118 425 325
f 428 387 426
f 420 301 323
f 287 413 421
f 387 133 426
f 328 433 322
f 396 435 434
f 316 198 317
f 428 426 424
f 261 403 246
f 403 342 452
f 433 323 338
f 433 338 322
f 440 458 111
f 205 494 442
f 442 195 205
f 428 429 443
f 376 389 68
f 444 428 443
f 420 323 433
f 495 496 343
f 207 196 445
f 496 493 205
f 445 430 486
f 458 96 121
f 394 335 250
f 250 380 394
f 380 250 330
f 144 143 104
f 196 443 429
f 445 429 427
f 443 144 444
f 443 196 144
f 339 90 359
f 484 75 285
f 398 435 396
f 429 220 443
f 90 355 354
f 126 144 104
f 87 449 448
f 431 447 480
f 427 430 220
f 220 429 427
f 444 443 220
f 90 339 355
f 448 392 87
f 438 361 437
f 437 432 438
f 432 437 431
f 484 87 75
f 388 362 446
f 447 431 441
f 191 448 449
f 448 191 392
f 68 407 71
f 403 312 342
f 403 261 312
f 458 403 452
f 144 440 418
f 144 418 444
f 335 448 449
f 448 335 392
f 418 444 220
f 438 446 362
f 423 238 492
f 458 452 99
f 361 421 441
f 429 490 427
f 441 431 437
f 421 413 441
f 427 490 430
f 455 454 143
f 456 455 143
f 135 456 143
f 409 446 432
f 291 492 331
f 472 492 290
f 417 337 259
f 361 441 437
f 446 438 432
f 381 388 446
f 143 412 306
f 429 344 464
f 167 457 280
f 457 167 149
f 381 446 409
f 467 77 76
f 418 443 444
f 443 418 417
f 443 417 259
f 110 99 100
f 99 110 111
f 447 413 459
f 460 467 76
f 461 76 462
f 76 461 460
f 167 211 201
f 419 347 332
f 458 121 302
f 413 447 441
f 99 111 458
f 463 204 207
f 445 463 207
f 462 108 461
f 461 108 460
f 108 462 379
f 108 262 259
f 228 108 379
f 450 451 434
f 450 435 453
f 435 450 434
f 462 330 461
f 349 326 324
f 326 349 350
f 326 264 261
f 264 326 350
f 435 280 457
f 422 182 83
f 413 375 459
f 330 462 379
f 460 461 330
f 453 435 457
f 319 342 312
f 432 431 465
f 465 431 480
f 77 467 300
f 170 469 464
f 450 215 457
f 450 457 453
f 457 215 280
f 350 312 264
f 312 350 342
f 451 423 471
f 358 107 356
f 423 475 471
f 475 423 472
f 353 320 473
f 473 467 474
f 467 473 320
f 467 308 300
f 464 191 468
f 468 191 466
f 353 452 319
f 470 432 465
f 290 492 291
f 467 460 474
f 191 464 469
f 191 244 392
f 432 470 476
f 434 471 475
f 452 353 473
f 319 452 342
f 98 477 101
f 464 469 468
f 434 451 471
f 474 477 473
f 477 474 101
f 98 99 452
f 477 98 452
f 473 477 452
f 469 466 468
f 466 469 478
f 409 432 476
f 452 263 342
f 151 377 479
f 455 456 364
f 364 454 455
f 472 434 475
f 474 100 101
f 100 474 460
f 290 434 472
f 402 479 377
f 479 402 481
f 360 454 364
f 108 100 460
f 482 481 402
f 294 475 472
f 294 471 475
f 471 294 451
f 460 330 452
f 100 460 452
f 99 100 452
f 482 419 481
f 465 273 470
f 419 482 416
f 364 484 363
f 363 484 285
f 484 364 456
f 484 120 116
f 120 484 456
f 273 276 470
f 484 116 117
f 398 405 435
f 470 276 476
f 166 416 417
f 166 417 418
f 479 164 162
f 166 481 482
f 481 166 164
f 481 164 479
f 479 162 151
f 456 135 107
f 455 456 107
f 454 455 107
f 360 454 107
f 358 360 107
f 356 452 350
f 350 452 342
f 452 356 99
f 99 356 107
f 449 484 127
f 127 484 117
f 484 449 87
f 405 483 435
f 348 495 343
f 276 175 476
f 449 127 191
f 485 486 424
f 273 465 480
f 190 369 370
f 486 430 424
f 120 456 455
f 120 454 119
f 480 283 273
f 72 316 317
f 316 72 436
f 486 485 445
f 127 454 449
f 415 175 182
f 439 316 436
f 445 427 430
f 316 439 442
f 415 476 175
f 454 335 449
f 454 120 455
f 119 454 124
f 454 127 124
f 316 203 199
f 485 155 220
f 486 485 220
f 486 220 430
f 281 335 454
f 360 281 454
f 447 459 480
f 434 399 401
f 128 462 461
f 418 165 166
f 418 222 165
f 222 418 220
f 203 316 487
f 396 434 401
f 480 459 283
f 333 334 481
f 333 419 332
f 419 333 481
f 460 128 461
f 128 460 100
f 105 128 100
f 283 459 293
f 451 233 471
f 233 451 450
f 494 487 316
f 449 134 127
f 134 449 448
f 203 487 148
f 489 463 445
f 485 489 445
f 128 380 462
f 380 128 129
f 462 380 379
f 380 129 394
f 148 487 491
f 475 234 472
f 234 475 471
f 134 394 129
f 134 391 394
f 391 134 448
f 392 391 448
f 488 153 154
f 450 232 233
f 232 450 453
f 76 199 87
f 199 76 198
f 204 490 191
f 191 490 466
f 490 204 463
f 489 490 463
f 399 291 331
f 490 157 170
f 200 76 77
f 489 485 486
f 490 489 486
f 199 203 87
f 290 472 235
f 170 466 490
f 203 75 87
f 483 279 435
f 77 300 136
f 346 457 280
f 490 468 466
f 490 464 468
f 430 490 486
f 490 429 464
f 457 232 453
f 232 457 346
f 482 336 337
f 336 482 481
f 336 481 334
f 77 136 200
f 494 205 493
f 293 492 238
f 337 417 416
f 337 416 482
f 495 497 496
f 490 488 489
f 490 478 488
f 488 478 153
f 153 478 160
f 478 490 466
f 492 472 423
f 464 344 469
f 429 228 344
f 492 365 331
f 365 492 315
f 498 369 190
f 495 498 497
f 293 315 492
f 494 493 487
f 133 384 329
f 497 487 496
f 487 497 367
f 493 496 487
f 344 478 469
f 497 366 367
f 133 147 426
f 491 367 386
f 79 123 341
f 341 478 344
f 442 494 316
f 81 307 80
f 188 86 85
f 188 173 86
f 173 188 223
f 89 188 85
f 367 491 487
f 91 211 215
f 210 91 212
f 161 123 125
f 91 86 173
f 91 223 212
f 223 91 173
f 86 173 451
f 478 341 159
f 478 159 160
f 159 123 161
f 159 341 123
f 499 181 491
f 499 491 411
f 386 411 491
f 483 405 152
f 499 171 181
f 268 171 499
f 170 244 248
f 248 469 170
f 180 72 74
f 180 436 72
f 488 152 157
f 152 154 146
f 180 74 78
f 146 483 152
f 284 139 138
f 284 82 139
f 217 82 284
f 489 488 157
f 142 305 284
f 138 142 284
f 157 490 489
f 142 393 305
f 170 468 466
f 471 233 500
f 125 208 378
f 208 123 209
f 234 471 500
f 234 500 233
f 123 208 125
f 79 209 123
f 503 505 504
f 506 505 503
f 508 503 509
f 503 508 506
f 501 513 502
f 514 508 509
f 507 515 511
f 507 511 877
f 513 501 510
f 509 536 523
f 509 523 514
f 508 514 506
f 520 505 506
f 514 523 506
f 506 526 520
f 526 506 523
f 534 522 521
f 537 644 528
f 852 530 538
f 526 542 540
f 526 533 523
f 523 532 544
f 523 533 532
f 533 526 540
f 529 806 515
f 531 908 543
f 550 549 547
f 528 595 537
f 595 528 524
f 553 812 802
f 812 553 826
f 555 553 802
f 554 545 548
f 672 525 527
f 525 672 671
f 671 535 525
f 551 681 512
f 527 541 672
f 531 595 524
f 561 560 559
f 541 675 672
f 528 543 743
f 536 534 523
f 534 536 863
f 526 523 534
f 543 595 531
f 539 743 543
f 543 528 531
f 531 528 524
f 537 528 743
f 537 726 727
f 562 564 558
f 564 552 558
f 567 565 563
f 567 569 568
f 569 567 563
f 563 814 569
f 556 530 557
f 571 563 565
f 563 571 672
f 530 556 575
f 530 574 538
f 537 825 570
f 502 512 501
f 537 727 570
f 530 575 574
f 566 501 512
f 571 565 628
f 556 554 575
f 575 554 576
f 554 556 545
f 578 862 571
f 567 578 571
f 565 567 571
f 578 794 862
f 537 756 528
f 546 581 580
f 539 543 832
f 536 544 582
f 544 536 523
f 531 832 543
f 533 586 585
f 546 580 577
f 588 899 587
f 612 580 581
f 590 746 519
f 608 577 580
f 533 572 565
f 572 533 540
f 533 565 571
f 533 571 586
f 548 584 554
f 548 583 584
f 590 592 746
f 593 856 598
f 597 596 532
f 599 597 532
f 600 599 532
f 585 600 532
f 533 585 532
f 598 856 601
f 587 595 588
f 588 595 589
f 582 596 602
f 596 582 544
f 532 596 544
f 598 603 593
f 603 598 601
f 591 595 587
f 592 774 595
f 587 743 588
f 594 593 606
f 606 598 601
f 606 593 598
f 536 583 584
f 917 610 614
f 614 615 917
f 535 605 807
f 614 610 616
f 588 743 589
f 526 613 924
f 613 526 523
f 613 523 536
f 617 613 536
f 536 666 617
f 774 592 590
f 774 590 519
f 617 622 613
f 619 609 621
f 621 609 611
f 619 610 609
f 610 619 618
f 614 610 618
f 618 921 615
f 618 615 614
f 517 620 937
f 592 595 591
f 607 572 540
f 542 607 540
f 591 743 587
f 625 928 627
f 627 928 618
f 928 625 606
f 547 572 607
f 547 565 572
f 547 628 565
f 590 743 592
f 743 590 519
f 743 591 592
f 603 632 631
f 593 603 631
f 580 612 626
f 634 636 635
f 636 634 633
f 636 638 637
f 638 636 633
f 517 644 620
f 630 629 639
f 595 539 589
f 595 543 539
f 580 626 608
f 643 641 616
f 643 610 645
f 610 643 616
f 546 653 566
f 541 624 675
f 647 645 610
f 614 647 610
f 679 546 566
f 589 743 539
f 504 534 521
f 534 504 505
f 505 520 526
f 534 505 526
f 646 579 578
f 652 651 841
f 568 578 567
f 578 568 646
f 579 646 657
f 559 659 658
f 561 559 658
f 577 653 546
f 573 894 871
f 551 512 719
f 657 633 634
f 633 657 579
f 512 502 719
f 653 501 566
f 607 640 567
f 578 640 633
f 578 633 579
f 640 578 567
f 640 607 542
f 542 642 640
f 521 642 542
f 534 521 542
f 526 534 542
f 615 927 614
f 665 664 527
f 617 666 632
f 632 666 631
f 666 536 584
f 667 658 659
f 666 562 631
f 667 560 561
f 658 667 561
f 598 593 631
f 666 598 631
f 564 666 584
f 652 894 655
f 666 584 583
f 666 601 598
f 666 886 601
f 886 666 583
f 664 541 527
f 666 554 584
f 554 639 576
f 630 554 666
f 639 554 630
f 630 666 631
f 664 673 541
f 535 671 674
f 669 595 648
f 669 662 595
f 674 605 535
f 859 623 552
f 541 673 624
f 832 589 539
f 832 587 588
f 587 832 695
f 832 588 589
f 679 581 546
f 889 886 583
f 889 548 545
f 548 889 583
f 674 821 605
f 685 719 670
f 684 574 680
f 574 684 683
f 680 574 575
f 683 686 574
f 683 688 686
f 686 688 687
f 688 683 682
f 691 681 551
f 623 677 678
f 689 551 685
f 574 611 538
f 611 574 621
f 681 690 512
f 678 552 623
f 689 691 551
f 692 629 594
f 629 692 575
f 639 629 575
f 576 639 575
f 729 681 730
f 606 692 594
f 692 606 695
f 619 627 618
f 679 566 698
f 739 663 656
f 606 625 695
f 710 679 698
f 685 699 693
f 700 625 627
f 512 690 698
f 685 670 699
f 619 621 702
f 566 512 698
f 663 705 822
f 703 704 852
f 707 690 729
f 707 698 690
f 698 707 706
f 623 704 677
f 591 835 592
f 587 835 591
f 740 677 704
f 689 685 693
f 704 623 852
f 689 693 694
f 740 704 703
f 697 701 691
f 701 668 691
f 689 694 697
f 715 714 712
f 696 678 738
f 697 691 689
f 558 552 696
f 718 716 751
f 705 663 751
f 719 685 551
f 678 696 552
f 671 672 596
f 716 774 518
f 710 714 723
f 502 513 719
f 518 743 519
f 712 710 711
f 722 741 724
f 714 710 712
f 605 821 649
f 722 653 577
f 708 718 709
f 718 742 743
f 718 743 716
f 743 518 716
f 724 653 722
f 644 727 726
f 725 661 649
f 681 691 668
f 761 644 570
f 722 577 608
f 681 729 690
f 724 501 653
f 725 728 661
f 729 730 858
f 729 853 707
f 715 748 749
f 537 783 726
f 733 782 735
f 843 708 709
f 734 732 731
f 677 738 678
f 751 746 705
f 741 721 737
f 710 741 737
f 677 740 738
f 650 739 656
f 741 722 721
f 743 742 720
f 720 770 743
f 770 720 620
f 744 608 626
f 626 759 744
f 682 760 688
f 742 745 720
f 747 626 612
f 723 749 748
f 749 723 714
f 772 770 620
f 759 626 747
f 715 749 714
f 748 715 900
f 612 581 737
f 604 830 831
f 759 747 721
f 723 795 769
f 747 612 737
f 681 752 730
f 747 737 721
f 750 734 731
f 755 754 753
f 730 860 858
f 734 750 604
f 722 608 744
f 644 783 620
f 783 644 726
f 680 756 684
f 722 744 721
f 843 709 766
f 843 760 708
f 760 843 720
f 751 716 746
f 581 679 737
f 727 825 738
f 720 745 760
f 843 751 663
f 739 843 663
f 758 763 762
f 644 761 727
f 744 759 721
f 764 698 765
f 698 771 710
f 740 742 743
f 698 706 765
f 726 761 727
f 761 726 756
f 740 745 742
f 762 763 788
f 510 501 724
f 745 740 760
f 789 762 788
f 762 789 901
f 676 706 790
f 703 766 709
f 742 718 745
f 724 837 510
f 901 795 905
f 905 795 903
f 765 676 764
f 740 708 760
f 708 740 709
f 765 706 676
f 758 681 769
f 724 741 837
f 745 718 760
f 760 718 708
f 679 710 737
f 766 687 688
f 766 708 709
f 708 766 688
f 758 769 763
f 771 698 764
f 711 710 771
f 768 780 654
f 837 741 710
f 777 776 775
f 778 777 775
f 595 779 648
f 676 816 771
f 676 771 764
f 723 837 710
f 779 595 774
f 768 654 650
f 781 681 758
f 681 781 752
f 779 774 838
f 650 767 768
f 782 725 735
f 725 782 728
f 782 733 736
f 784 782 736
f 783 772 620
f 785 757 668
f 777 786 753
f 777 754 776
f 754 777 753
f 656 773 650
f 769 681 757
f 757 681 668
f 650 773 767
f 775 776 754
f 755 775 754
f 785 668 787
f 770 772 738
f 770 740 743
f 740 770 738
f 670 785 787
f 725 649 821
f 665 527 525
f 788 763 769
f 789 788 769
f 769 795 789
f 783 738 772
f 738 726 727
f 726 738 783
f 854 790 706
f 735 791 733
f 699 670 787
f 676 790 792
f 816 676 817
f 792 793 676
f 635 794 634
f 852 839 703
f 818 711 771
f 816 818 771
f 795 723 748
f 712 818 819
f 795 901 789
f 782 796 728
f 842 785 670
f 538 839 852
f 818 712 711
f 715 712 819
f 748 903 795
f 903 748 900
f 798 751 797
f 715 553 799
f 715 826 553
f 656 663 881
f 798 718 751
f 810 694 693
f 810 697 694
f 881 773 656
f 703 797 766
f 703 798 797
f 796 794 728
f 665 854 664
f 665 790 854
f 699 810 693
f 803 782 784
f 782 803 791
f 804 782 791
f 665 793 792
f 665 792 790
f 675 624 815
f 806 805 511
f 806 511 515
f 535 665 525
f 709 797 766
f 797 709 718
f 798 797 718
f 728 815 661
f 808 511 805
f 787 668 701
f 794 635 657
f 805 809 808
f 570 644 537
f 535 807 665
f 806 529 800
f 570 825 761
f 811 808 809
f 807 817 665
f 570 727 761
f 794 814 728
f 595 662 825
f 807 605 813
f 831 713 604
f 569 657 646
f 657 569 814
f 657 814 794
f 687 766 797
f 686 687 797
f 930 820 929
f 750 731 830
f 574 797 823
f 797 574 686
f 798 823 797
f 657 634 794
f 832 528 756
f 528 832 524
f 624 661 815
f 605 649 813
f 756 537 570
f 756 570 761
f 817 676 793
f 814 815 728
f 518 835 823
f 518 823 716
f 636 660 573
f 716 798 718
f 798 716 823
f 820 819 818
f 652 637 651
f 652 636 637
f 669 856 594
f 669 594 629
f 636 655 660
f 779 847 648
f 662 669 629
f 851 648 847
f 917 609 610
f 636 652 655
f 791 522 733
f 777 778 786
f 881 663 822
f 611 839 538
f 611 838 839
f 838 611 609
f 783 537 770
f 770 537 743
f 783 770 772
f 800 801 828
f 800 828 824
f 558 696 825
f 503 735 725
f 829 828 827
f 825 696 738
f 522 791 803
f 713 834 869
f 826 715 819
f 820 826 819
f 713 869 717
f 828 829 824
f 701 697 810
f 817 793 665
f 869 893 717
f 810 699 787
f 802 812 828
f 802 828 801
f 824 805 806
f 800 824 806
f 621 574 823
f 621 823 702
f 811 805 824
f 805 811 809
f 810 787 701
f 832 575 692
f 832 756 680
f 832 680 575
f 695 832 692
f 807 816 817
f 832 531 524
f 835 700 627
f 807 820 818
f 807 818 816
f 822 830 884
f 702 835 619
f 835 702 823
f 619 835 627
f 835 519 590
f 835 518 519
f 835 625 700
f 820 807 929
f 757 836 769
f 590 592 835
f 820 930 826
f 683 743 742
f 743 683 770
f 842 836 785
f 625 587 695
f 835 587 625
f 649 841 813
f 682 745 760
f 836 757 785
f 929 813 931
f 770 683 684
f 772 770 684
f 825 727 761
f 825 537 595
f 774 716 718
f 774 519 518
f 830 822 831
f 783 684 756
f 684 783 772
f 813 929 807
f 830 604 750
f 726 783 756
f 740 703 709
f 510 836 513
f 836 510 837
f 760 708 688
f 836 723 769
f 723 836 837
f 839 838 774
f 745 682 742
f 670 719 842
f 703 774 798
f 798 774 718
f 719 513 842
f 720 843 739
f 774 703 839
f 842 513 836
f 844 616 641
f 632 603 622
f 797 843 766
f 843 797 751
f 617 632 622
f 516 833 848
f 555 846 845
f 555 799 553
f 799 555 845
f 833 516 850
f 850 848 833
f 550 516 902
f 854 707 853
f 707 854 706
f 856 669 857
f 853 729 858
f 550 607 516
f 607 550 547
f 860 730 752
f 860 752 874
f 852 859 849
f 859 852 623
f 857 883 856
f 857 669 648
f 877 758 912
f 840 855 780
f 594 856 593
f 855 933 780
f 877 752 781
f 752 877 873
f 713 831 834
f 664 858 860
f 854 853 664
f 782 862 796
f 863 782 804
f 858 664 853
f 814 563 815
f 861 822 705
f 874 673 664
f 931 813 864
f 831 822 861
f 864 813 841
f 866 768 767
f 664 860 874
f 864 841 651
f 865 864 651
f 866 780 768
f 791 863 804
f 863 791 522
f 534 863 522
f 868 866 767
f 624 673 867
f 638 651 637
f 773 870 868
f 891 731 732
f 868 767 773
f 651 638 865
f 780 866 840
f 862 794 796
f 794 579 657
f 794 578 579
f 736 733 638
f 784 736 638
f 633 784 638
f 872 871 932
f 736 803 784
f 568 569 646
f 866 904 906
f 624 867 661
f 552 564 859
f 784 642 736
f 642 784 640
f 874 752 873
f 875 564 876
f 564 875 859
f 758 877 781
f 736 521 803
f 640 784 633
f 573 871 872
f 733 521 638
f 758 762 912
f 878 875 876
f 874 873 673
f 503 725 821
f 877 673 873
f 573 635 636
f 635 573 872
f 673 877 511
f 880 875 876
f 875 880 879
f 521 733 522
f 521 865 638
f 735 503 791
f 916 847 779
f 521 503 504
f 881 870 773
f 503 521 522
f 791 503 522
f 882 859 875
f 648 851 857
f 803 521 522
f 521 736 642
f 851 883 857
f 509 821 674
f 870 881 884
f 882 875 879
f 885 882 879
f 884 881 822
f 886 601 856
f 886 856 883
f 849 859 927
f 884 830 731
f 672 586 585
f 672 600 599
f 672 597 596
f 883 851 919
f 883 890 889
f 672 599 597
f 883 889 886
f 867 511 932
f 602 671 596
f 603 613 622
f 871 867 932
f 884 731 891
f 878 597 875
f 894 661 867
f 894 867 871
f 909 884 891
f 511 867 673
f 889 924 613
f 597 878 596
f 596 878 602
f 848 902 516
f 597 782 596
f 892 893 906
f 841 649 894
f 782 597 862
f 596 782 863
f 602 596 863
f 649 661 894
f 872 578 579
f 872 657 635
f 872 579 657
f 894 573 660
f 892 909 891
f 895 717 893
f 713 895 604
f 660 655 894
f 859 887 888
f 859 896 927
f 896 859 888
f 713 717 895
f 897 887 859
f 897 859 882
f 891 732 892
f 600 672 585
f 894 652 841
f 732 734 892
f 734 604 895
f 898 845 846
f 882 599 600
f 900 715 799
f 892 734 893
f 895 893 734
f 762 529 515
f 529 762 901
f 904 866 868
f 882 597 599
f 597 882 875
f 799 845 898
f 900 799 898
f 903 900 898
f 905 903 898
f 599 862 597
f 866 906 907
f 866 907 840
f 901 800 529
f 801 901 905
f 862 599 600
f 901 801 800
f 909 904 868
f 908 524 528
f 924 865 534
f 534 865 521
f 675 815 563
f 906 904 892
f 802 659 559
f 559 555 802
f 904 909 892
f 534 526 924
f 908 528 644
f 868 870 909
f 672 571 586
f 555 559 560
f 555 898 846
f 539 899 589
f 899 588 589
f 899 539 543
f 567 578 516
f 607 567 516
f 802 667 659
f 802 905 667
f 905 802 801
f 899 591 587
f 563 672 675
f 543 908 899
f 908 531 524
f 628 600 585
f 578 872 516
f 746 518 519
f 518 746 716
f 667 555 560
f 898 555 667
f 898 667 905
f 628 586 571
f 628 585 586
f 600 628 882
f 877 912 507
f 585 862 600
f 592 591 899
f 907 906 893
f 862 586 571
f 862 585 586
f 850 824 829
f 762 515 912
f 912 515 507
f 899 746 592
f 886 613 603
f 601 886 603
f 869 907 893
f 888 628 896
f 628 888 887
f 628 897 882
f 889 613 886
f 509 503 821
f 897 628 887
f 913 827 828
f 887 885 888
f 606 889 890
f 606 886 889
f 886 606 601
f 909 870 884
f 671 509 674
f 824 850 516
f 907 869 834
f 885 897 882
f 885 887 897
f 888 885 896
f 896 885 915
f 917 916 838
f 509 671 536
f 536 671 582
f 840 907 834
f 609 917 838
f 671 602 582
f 582 878 536
f 840 834 855
f 583 878 548
f 878 918 548
f 918 878 876
f 878 583 536
f 920 919 917
f 921 920 917
f 921 917 615
f 878 582 602
f 861 855 834
f 918 880 876
f 919 847 916
f 834 831 861
f 602 863 582
f 582 863 536
f 549 922 547
f 919 851 847
f 924 889 890
f 924 890 923
f 917 919 916
f 925 902 928
f 925 920 926
f 779 838 916
f 641 643 925
f 926 641 925
f 811 872 932
f 824 872 811
f 557 849 645
f 628 547 922
f 647 628 643
f 628 647 927
f 643 628 925
f 925 628 922
f 927 645 849
f 645 927 647
f 902 922 550
f 550 922 549
f 902 925 922
f 927 647 614
f 928 890 883
f 928 919 920
f 919 928 883
f 927 896 628
f 923 914 911
f 844 926 616
f 927 920 887
f 927 888 896
f 927 887 888
f 828 930 929
f 930 828 812
f 927 556 647
f 556 927 896
f 915 556 896
f 887 889 897
f 926 920 616
f 616 615 614
f 930 812 826
f 882 545 875
f 876 545 918
f 545 876 875
f 882 889 545
f 889 882 897
f 920 925 928
f 616 920 921
f 616 921 615
f 885 545 915
f 545 880 918
f 880 545 879
f 545 885 879
f 915 545 556
f 923 911 910
f 618 920 921
f 920 618 928
f 914 923 902
f 910 924 923
f 924 910 913
f 643 645 647
f 556 557 645
f 647 556 645
f 641 926 844
f 923 928 902
f 848 914 902
f 558 825 662
f 928 923 890
f 558 629 630
f 931 864 865
f 865 828 931
f 931 828 929
f 828 865 924
f 890 928 606
f 924 913 828
f 932 511 808
f 920 927 921
f 921 927 615
f 932 808 811
f 872 824 516
f 753 775 755
f 775 753 786
f 778 775 786
f 928 890 889
f 920 928 889
f 887 920 889
f 850 829 827
f 848 850 827
f 914 848 827
f 914 910 911
f 910 914 827
f 913 910 827
f 780 933 654
f 583 564 584
f 918 564 548
f 564 918 876
f 583 548 564
f 742 934 683
f 682 934 742
f 683 934 682
f 935 933 855
f 630 631 562
f 935 861 938
f 558 630 562
f 562 666 564
f 855 861 935
f 629 558 662
f 937 936 650
f 937 650 654
f 936 739 650
f 852 849 530
f 530 849 557
f 933 935 517
f 935 644 517
f 644 935 908
f 739 936 720
f 936 620 720
f 620 936 937
f 861 705 938
f 938 746 899
f 746 938 705
f 938 908 935
f 899 908 938
f 517 937 654
f 654 933 517
f 940 942 941
f 942 940 939
f 945 947 946
f 945 948 947
f 948 945 944
f 952 954 953
f 954 952 942
f 939 954 942
f 957 956 948
f 944 957 948
f 960 959 958
f 962 961 968
f 964 963 1040
f 965 961 962
f 962 968 967
f 960 958 969
f 1023 971 979
f 971 1023 958
f 964 999 963
f 959 971 958
f 959 969 971
f 971 969 975
f 969 959 960
f 979 971 975
f 983 976 982
f 980 1208 972
f 986 985 957
f 987 986 957
f 969 987 957
f 975 969 957
f 979 975 957
f 989 979 957
f 990 989 957
f 945 990 957
f 944 945 957
f 988 1108 1119
f 1108 988 977
f 983 1014 976
f 957 1007 956
f 956 947 948
f 977 988 992
f 1016 982 976
f 1023 969 958
f 991 993 997
f 972 991 997
f 951 999 955
f 972 997 1005
f 1016 976 998
f 989 1034 979
f 1000 994 949
f 990 945 946
f 995 1204 996
f 1005 980 972
f 989 1039 1034
f 1007 957 985
f 1067 980 1005
f 1001 992 988
f 956 1010 947
f 956 1007 1010
f 1183 995 1012
f 1012 995 1011
f 999 964 955
f 1012 1015 1183
f 978 1050 1049
f 1000 1006 1036
f 999 1002 963
f 969 1102 987
f 1036 998 1020
f 998 1036 1016
f 978 1019 1018
f 978 1024 1019
f 974 982 1016
f 978 1032 1031
f 974 1016 1004
f 951 1167 1143
f 1011 1015 1012
f 1020 993 991
f 1010 1033 947
f 1015 1011 1008
f 1033 946 947
f 1021 1018 1019
f 994 1020 991
f 1024 978 1031
f 1032 978 966
f 1046 984 1015
f 1036 1020 994
f 1036 994 1000
f 1004 1036 1029
f 1014 1013 1017
f 1025 1026 1022
f 1021 1024 1027
f 1019 1024 1021
f 973 1199 1013
f 1025 1064 1026
f 1024 1031 1027
f 1032 1027 1031
f 1014 1114 1127
f 1034 1023 979
f 1006 1029 1036
f 1026 1211 1022
f 1037 1035 1028
f 940 1136 1038
f 1040 1063 1028
f 952 941 942
f 1036 1004 1016
f 946 1033 1039
f 1039 990 946
f 1034 1039 1060
f 1039 989 990
f 1002 1047 1033
f 1050 978 1051
f 1051 978 1052
f 1052 978 1018
f 1053 953 954
f 1018 1054 1052
f 1054 1018 1021
f 1002 1033 1010
f 1129 1058 1057
f 1051 1052 1054
f 981 984 1046
f 1056 1068 1053
f 1040 963 1101
f 1033 1047 1039
f 1045 1073 1055
f 1060 1039 1047
f 1051 1054 1061
f 1050 1051 1061
f 1073 1045 1059
f 1076 981 1046
f 1028 1063 1037
f 1054 1097 1061
f 1102 1040 1101
f 953 1066 952
f 1060 1047 1062
f 1070 1040 1102
f 1062 1069 1060
f 953 1068 1066
f 953 1053 1068
f 1064 1065 1095
f 1133 1172 1076
f 1049 1061 1044
f 1044 1080 1049
f 1040 1070 1063
f 1064 1030 1065
f 1068 1056 1073
f 999 1062 1047
f 981 1076 1172
f 1061 1049 1050
f 1071 1159 1075
f 1025 1030 1064
f 1075 1078 1072
f 1071 1075 1072
f 951 1062 999
f 1077 1078 1075
f 1197 1040 1028
f 1054 1067 1097
f 1066 1095 1065
f 1028 1035 943
f 999 1047 1002
f 1068 1095 1066
f 1068 1082 1095
f 1003 1067 1005
f 1069 1121 1060
f 1080 978 1049
f 1077 1159 1084
f 1159 1086 1084
f 1086 1159 1083
f 1159 1088 1083
f 1159 1099 1088
f 1099 1159 1106
f 943 1115 1116
f 1081 1087 1085
f 1079 1081 1085
f 1143 1062 951
f 1030 1110 1148
f 1091 1113 1115
f 1172 1133 1003
f 1089 1082 1090
f 1094 1083 1088
f 1083 1094 1093
f 1086 1083 1093
f 1035 1091 1115
f 1044 1209 1214
f 1037 1100 1035
f 1037 1157 1100
f 985 1101 1007
f 1089 1095 1082
f 986 1101 985
f 1101 986 1102
f 986 987 1102
f 1171 1094 1099
f 1099 1094 1088
f 1103 1091 1035
f 1100 1103 1035
f 1173 1090 1082
f 1096 1098 1107
f 1097 1067 1133
f 1037 1163 1156
f 1030 1025 1110
f 1079 1104 1108
f 1037 1071 1163
f 1096 1130 1110
f 1106 1109 1171
f 1099 1106 1171
f 1025 1096 1110
f 1171 1109 1111
f 1102 969 1023
f 1079 1108 1081
f 1017 1192 1114
f 1113 1091 1103
f 1113 1112 1115
f 1112 1116 1115
f 1116 1112 1125
f 1089 1064 1095
f 1023 1070 1102
f 1117 1108 1104
f 1023 1034 1123
f 1123 1034 1118
f 1206 1142 1105
f 1060 1118 1034
f 1117 1119 1108
f 1120 1118 1121
f 1017 1114 1014
f 1112 1129 1057
f 988 1119 1001
f 1112 1126 1125
f 1115 943 1035
f 1118 1060 1121
f 1017 1013 1199
f 1119 1117 1001
f 1023 1123 1070
f 1122 1113 1150
f 1082 1068 1073
f 1084 1086 1093
f 1126 1112 1057
f 1151 1148 1110
f 1120 1123 1118
f 1057 951 1126
f 951 1057 1058
f 1126 951 943
f 1112 1122 1129
f 1121 1159 1120
f 984 981 1128
f 1130 1096 1107
f 1121 1160 1159
f 1122 1124 1129
f 1116 1125 943
f 1110 1131 1151
f 1139 1169 1105
f 981 1145 1128
f 943 1125 1126
f 1070 1123 1120
f 1064 1089 1026
f 951 1058 1074
f 1114 1128 1127
f 1090 996 966
f 1084 1078 1077
f 1078 1084 1093
f 1127 1128 1145
f 1167 1177 1143
f 1067 1003 1133
f 1143 1178 1134
f 1129 1124 1132
f 1014 1127 1153
f 1070 1120 1063
f 978 1080 1026
f 1134 1135 1143
f 1213 970 1132
f 1136 940 941
f 1148 1038 1136
f 1037 1063 1120
f 1030 1148 1136
f 1132 1048 1129
f 1120 1159 1037
f 1136 941 1138
f 1181 1140 1134
f 1127 1137 1153
f 941 952 1138
f 1093 982 974
f 1134 1140 1135
f 1136 1138 1030
f 1131 1110 1130
f 1138 1065 1030
f 1139 1046 1001
f 1145 1137 1127
f 1143 1141 1069
f 1149 1143 1144
f 1144 1143 1135
f 1069 1062 1143
f 1152 1143 1149
f 1139 1076 1046
f 1048 1142 1092
f 1121 1069 1160
f 1043 1151 1059
f 1093 1094 982
f 1132 970 1142
f 1069 1141 1160
f 1144 1140 1146
f 1065 1138 1066
f 1048 1132 1142
f 995 1107 1147
f 1140 1144 1135
f 1076 970 1133
f 1076 1139 970
f 1138 952 1066
f 1142 1206 1092
f 1172 1145 981
f 1143 1152 1141
f 1145 1005 1137
f 1152 1111 1141
f 1122 1187 1186
f 1172 1005 1145
f 1122 1150 1187
f 1042 1041 1151
f 976 1014 1153
f 1008 1011 1147
f 1113 1122 1112
f 1148 1041 1038
f 1041 1148 1151
f 1096 1022 1098
f 1193 1022 1203
f 1008 992 1015
f 998 1153 1155
f 1146 1152 1149
f 1146 1149 1144
f 1158 1157 1156
f 1157 1158 1113
f 1022 1096 1025
f 1150 1154 1187
f 1146 1111 1152
f 950 973 1013
f 998 1155 993
f 1046 1015 992
f 1151 1043 1042
f 1113 1103 1100
f 1157 1113 1100
f 1111 1146 1171
f 1150 1158 1154
f 1189 1161 1193
f 1151 1131 1059
f 1140 950 1146
f 950 1140 949
f 976 1153 998
f 1137 1155 1153
f 1146 1175 1171
f 1150 1113 1158
f 1059 1131 1162
f 1157 1037 1156
f 1098 1193 1161
f 1162 1073 1059
f 1159 1077 1075
f 1071 1037 1159
f 1073 1162 1164
f 1022 1193 1098
f 949 1140 1000
f 993 1020 998
f 1082 1073 1164
f 1156 1072 1158
f 1072 1156 1163
f 1161 1189 1165
f 1202 1210 1209
f 1159 1109 1106
f 1109 1159 1160
f 1189 1168 1165
f 997 993 1137
f 1137 993 1155
f 1160 1111 1109
f 1111 1160 1141
f 1074 1167 951
f 1158 1176 1169
f 1058 1170 1074
f 1170 1058 1129
f 1071 1072 1163
f 1165 1168 1098
f 1161 1165 1098
f 1176 1158 1078
f 1164 1162 1166
f 1158 1072 1078
f 1167 1074 1170
f 1174 1168 1189
f 997 1137 1005
f 1175 1094 1171
f 1164 1166 1173
f 1168 1107 1098
f 1107 1168 1174
f 1173 1082 1164
f 1143 1179 1178
f 1143 1180 1179
f 1180 1143 1177
f 1154 1158 1169
f 1014 1175 1013
f 992 1001 1046
f 1195 1154 1169
f 1093 974 1176
f 1173 996 1090
f 1134 1178 1181
f 1174 1147 1107
f 1213 1202 1097
f 1166 1131 1130
f 1172 1003 1005
f 1130 1107 1166
f 1008 1147 1174
f 1189 1008 1174
f 1061 1202 1044
f 1162 1131 1166
f 995 1183 1182
f 1184 995 1182
f 1097 1202 1061
f 1179 1185 1181
f 1204 995 1205
f 1185 1179 1180
f 1166 995 1173
f 1081 1108 977
f 1013 1175 950
f 1078 1093 1176
f 996 1173 995
f 1181 1178 1179
f 1186 1124 1122
f 995 1198 1205
f 1184 1190 995
f 1189 1191 977
f 1191 1189 1188
f 1187 1104 1079
f 1166 1107 995
f 1081 977 1191
f 984 1184 1182
f 1188 1189 1193
f 1188 1203 1207
f 1079 1186 1187
f 977 992 1189
f 1169 1176 1105
f 1184 984 1192
f 1206 1176 974
f 1117 1104 1187
f 995 1147 1011
f 1140 1181 1000
f 1190 1184 1192
f 1189 992 1008
f 1196 973 950
f 1105 1176 1206
f 1154 1195 1187
f 1181 1048 1006
f 1197 1028 943
f 966 1212 1032
f 974 1004 1206
f 950 949 1196
f 1081 1194 1087
f 943 951 1197
f 1195 1117 1187
f 1198 995 1190
f 1181 1006 1000
f 1200 1197 955
f 1191 1194 1081
f 1212 966 996
f 1199 1021 1027
f 951 955 1197
f 1186 1085 1201
f 1085 1186 1079
f 1200 964 1197
f 1203 1188 1193
f 1199 1009 1017
f 1040 1197 964
f 1198 1192 1009
f 1190 1192 1198
f 1191 1202 1194
f 1170 1177 1167
f 1007 1101 963
f 1124 1186 1201
f 1199 973 1196
f 1117 1195 1169
f 1208 1021 1199
f 1177 1185 1180
f 1185 1177 1170
f 1007 963 1010
f 1210 1202 1188
f 1208 980 1021
f 1002 1010 963
f 1196 1208 1199
f 1117 1169 1001
f 1092 1004 1029
f 1191 1188 1202
f 1211 1210 1188
f 1207 1211 1188
f 1212 996 1204
f 964 1200 955
f 1085 1213 1132
f 1085 1132 1201
f 1185 1129 1048
f 1205 1009 1204
f 1009 1205 1198
f 1124 1201 1132
f 1210 1026 1209
f 1211 1026 1210
f 972 1208 1196
f 1004 1092 1206
f 1214 1026 1080
f 1181 1185 1048
f 1009 1212 1204
f 1196 994 991
f 1196 949 994
f 1169 1139 1001
f 972 1196 991
f 1022 1207 1203
f 1170 1129 1185
f 1211 1207 1022
f 983 1094 1175
f 1026 1214 1209
f 961 1043 1059
f 1043 961 965
f 1054 980 1067
f 1215 968 961
f 1175 1146 950
f 1209 1044 1202
f 1212 1027 1032
f 1045 961 1059
f 961 1045 1215
f 1044 1214 1080
f 1094 983 982
f 1215 1045 1043
f 962 1215 1043
f 965 962 1043
f 1006 1048 1092
f 1009 1192 1017
f 1054 1021 980
f 1055 968 1215
f 968 1055 1073
f 1056 967 968
f 1073 1056 968
f 983 1175 1014
f 1006 1092 1029
f 1215 1056 1055
f 1056 1215 962
f 967 1056 962
f 1009 1199 1027
f 1213 1194 1202
f 1192 984 1128
f 1053 1055 1056
f 1053 1043 1055
f 1055 1043 1045
f 1043 1053 954
f 1043 1041 1042
f 1041 1043 954
f 1038 1041 954
f 940 1038 954
f 939 940 954
f 1087 1194 1213
f 1128 1114 1192
f 1090 966 978
f 1085 1087 1213
f 1183 1015 984
f 978 1089 1090
f 978 1026 1089
f 984 1182 1183
f 1105 970 1139
f 970 1105 1142
f 1133 970 1097
f 970 1213 1097
f 1027 1212 1009
