# Object Export From Tinkercad Server 2015

mtllib obj.mtl

o obj_0
v -0.912900 0.798700 0.241000
v -0.890500 0.789900 0.249900
v -0.894300 0.794700 0.253600
v -0.916700 0.803600 0.244900
v -1.184400 1.050000 0.087900
v -1.206700 1.077900 0.083800
v -0.999100 1.017600 0.201600
v -1.116300 1.008600 0.029700
v -1.100900 0.997600 0.076000
v -1.076400 0.992900 0.066900
v -1.079300 1.005100 0.061900
v -1.083400 1.008000 0.062300
v -1.102900 1.021800 0.064300
v -1.077400 1.006000 0.065300
v -1.078800 1.007900 0.066900
v -1.154500 1.108800 0.043100
v -1.072900 1.057300 0.029500
v -1.187300 1.115800 0.055000
v -1.061500 1.051300 0.029300
v -1.061800 1.051300 0.029100
v -1.104000 0.997700 0.074100
v -1.074300 1.059000 0.031000
v -0.895100 0.877500 0.071700
v 0.895400 -1.164000 -1.689800
v -0.859800 0.832400 0.037400
v -1.071300 1.031900 0.044100
v 0.792200 -1.257600 -1.783300
v -1.071800 1.031600 0.044000
v -1.073600 1.031100 0.045100
v 0.960800 -1.443400 -1.827200
v 0.886300 -1.315500 -1.619300
v -0.824800 0.905200 0.087100
v -1.072800 1.031100 0.043700
v -0.822400 0.903900 0.084400
v 0.722000 -1.330200 -1.649800
v -0.822800 0.899800 0.085500
v -0.903800 0.686500 -0.228100
v -0.954400 1.103900 0.136600
v -0.878000 0.654600 -0.254900
v -1.003000 1.094200 0.195400
v -1.004900 1.077700 0.120400
v -0.875100 0.702000 -0.161600
v -1.075300 0.993100 0.068800
v -1.026900 1.034500 0.153300
v -0.927000 1.086200 0.185400
v -0.930100 0.863700 0.236300
v -0.935600 0.845700 0.235400
v -0.844000 0.761500 -0.206200
v -0.811000 0.696600 -0.242600
v -0.862400 0.685100 -0.278100
v -0.884400 0.724500 -0.257000
v -1.070700 0.991400 0.061700
v -0.949000 1.043000 0.218300
v -0.838800 0.667600 -0.204700
v -0.824400 0.909200 0.079400
v -0.894100 0.873600 0.059900
v -0.864800 0.835700 0.029700
v -0.831300 0.657700 -0.213500
v 0.876500 -1.244400 -1.672100
v 0.867300 -1.303800 -1.652400
v 0.867100 -1.303900 -1.652300
v 0.848900 -1.226400 -1.720700
v 0.804500 -1.313100 -1.656000
v 0.811200 -1.269200 -1.750200
v 0.776600 -1.296000 -1.704300
v 0.811200 -1.269300 -1.750100
# 66 vertices

g group_0_15506754

usemtl color_15506754
s 0

f 1 	2 	3
f 1 	3 	4
f 10 	11 	9
f 11 	12 	9
f 12 	13 	9
f 5 	9 	13
f 13 	26 	16
f 14 	15 	12
f 14 	12 	11
f 5 	21 	9
f 20 	22 	19
f 19 	22 	16
f 16 	22 	17
f 23 	25 	7
f 19 	16 	26
f 5 	13 	16
f 6 	5 	16
f 64 	66 	41
f 32 	34 	45
f 22 	20 	28
f 22 	28 	29
f 30 	27 	24
f 18 	6 	16
f 24 	31 	30
f 17 	22 	33
f 29 	33 	22
f 13 	8 	29
f 28 	26 	29
f 13 	29 	26
f 33 	29 	8
f 27 	30 	35
f 7 	40 	44
f 32 	53 	36
f 40 	38 	41
f 21 	37 	42
f 10 	43 	14
f 10 	14 	11
f 41 	44 	40
f 40 	45 	38
f 37 	21 	5
f 46 	47 	4
f 46 	4 	3
f 50 	51 	49
f 48 	49 	51
f 40 	53 	45
f 51 	16 	17
f 37 	54 	42
f 51 	18 	16
f 7 	53 	40
f 51 	17 	48
f 51 	37 	18
f 6 	37 	5
f 39 	37 	50
f 51 	50 	37
f 55 	34 	32
f 59 	62 	45
f 32 	36 	55
f 37 	6 	18
f 49 	48 	54
f 34 	55 	36
f 46 	23 	47
f 56 	47 	23
f 15 	14 	33
f 57 	65 	25
f 7 	25 	63
f 56 	57 	1
f 56 	1 	4
f 56 	4 	47
f 2 	1 	25
f 57 	25 	1
f 19 	26 	20
f 28 	20 	26
f 48 	17 	33
f 42 	48 	52
f 37 	39 	54
f 58 	54 	39
f 23 	44 	56
f 39 	50 	58
f 42 	52 	21
f 44 	57 	56
f 35 	30 	31
f 49 	58 	50
f 31 	24 	59
f 31 	59 	60
f 58 	49 	54
f 42 	54 	48
f 65 	57 	44
f 31 	60 	61
f 2 	23 	3
f 48 	33 	52
f 38 	45 	62
f 63 	25 	65
f 46 	3 	23
f 25 	23 	2
f 24 	62 	59
f 64 	41 	62
f 41 	38 	62
f 53 	61 	36
f 36 	59 	34
f 60 	36 	61
f 8 	12 	33
f 15 	33 	12
f 61 	63 	31
f 35 	31 	63
f 52 	43 	10
f 9 	21 	10
f 52 	10 	21
f 65 	41 	66
f 43 	52 	14
f 52 	33 	14
f 64 	62 	27
f 24 	27 	62
f 61 	53 	63
f 59 	36 	60
f 53 	32 	45
f 23 	7 	44
f 7 	63 	53
f 8 	13 	12
f 63 	65 	35
f 64 	27 	66
f 59 	45 	34
f 35 	65 	27
f 66 	27 	65
f 44 	41 	65
# 124 faces

 #end of obj_0

o obj_1
v 0.134400 -0.808300 -1.899900
v -0.265800 -0.667000 -1.802400
v 0.084000 -0.896100 -1.850400
v -0.535200 -0.700400 -2.145100
v -0.264200 -0.719400 -1.804000
v -0.518300 -0.741800 -2.274100
v 0.000200 -0.655200 -1.768000
v -0.525700 -0.754500 -2.266900
v -0.989500 -0.499100 -2.515700
v -1.065600 -0.568600 -2.484400
v -1.046300 -0.598100 -2.459900
v -0.526600 -0.755100 -2.264800
v -1.375500 -0.269700 -2.177000
v -1.498200 -0.062500 -2.046600
v -1.504900 -0.072300 -2.049900
v -0.526900 -0.755400 -2.264100
v -1.825200 0.091300 -2.255300
v -1.469300 -0.012300 -2.075200
v -1.469300 -0.012400 -2.075100
v -1.468300 -0.009500 -2.082600
v -1.031000 -0.508300 -2.518300
v -1.480900 -0.032500 -2.063700
v -1.470200 -0.013900 -2.074300
v -0.214700 -0.578700 -1.852600
v -1.435900 0.032800 -2.036300
v -0.264500 -0.602600 -1.738900
v -0.270500 -0.604600 -1.739300
v -0.535600 -0.700400 -2.145300
v -0.372900 -0.619100 -1.801000
v -0.443800 -0.592400 -1.836300
v -0.447600 -0.551700 -1.832600
v -0.907600 -0.475400 -2.098400
v -0.907600 -0.475400 -2.098400
v -0.924600 -0.472000 -2.113400
v -0.924600 -0.472000 -2.113400
v -1.749000 0.045900 -2.331500
v -0.275800 -0.523200 -1.845900
v -0.386800 -0.493900 -1.892400
v -0.924100 -0.429500 -2.083300
v -0.379400 -0.493700 -1.899600
v -0.923600 -0.429500 -2.082800
v -1.064400 -0.444100 -2.236200
v -0.327400 -0.552100 -1.950700
v -0.943900 -0.443500 -2.062700
v -0.940700 -0.443700 -2.058700
v -0.946400 -0.445100 -2.060400
v -0.313500 -0.567800 -1.964500
v -0.315600 -0.561500 -1.962300
v -0.323900 -0.549700 -1.954300
v -0.883000 -0.377700 -2.193000
v -0.872000 -0.377700 -2.181700
v -0.645400 -0.747000 -2.312700
v -0.859500 -0.377800 -2.168900
v -0.857700 -0.377700 -2.167300
v -0.442900 -0.602000 -1.837200
v -0.427000 -0.620200 -1.852900
v -1.398200 -0.244000 -2.154700
v -0.875100 -0.378600 -2.182300
v -1.453900 -0.180900 -2.100000
v -0.414600 -0.494900 -1.865000
v -0.875500 -0.378700 -2.182600
v -0.932000 -0.427000 -2.098700
v -0.918700 -0.391500 -2.189000
v -0.217900 -0.916300 -2.101800
v -0.131100 -0.766800 -2.187200
v -0.050800 -0.743500 -1.717900
v -1.379700 0.022000 -1.996200
v -0.918100 -0.389800 -2.193500
v -0.846900 -0.377100 -2.158100
v -0.885100 -0.686800 -2.452800
v 0.122000 -0.766800 -1.929700
v -0.562600 -0.755600 -2.247600
v -0.538300 -0.755300 -2.259400
v -0.947500 -0.440300 -2.059300
v -1.653600 0.067700 -2.122500
v -0.562700 -0.755400 -2.247300
v -0.801900 -0.371600 -2.115400
v -0.814900 -0.381000 -2.071800
v -0.160700 -0.808300 -2.200100
v -1.415200 0.021300 -2.069300
v -1.358300 0.010800 -2.029800
v -0.828000 -0.588800 -2.509000
v -1.592300 -0.025500 -2.223400
v -1.360000 -0.207100 -2.380100
v -1.448600 -0.180900 -2.094600
v -1.366900 -0.171600 -2.360700
v -1.336200 -0.102900 -2.208200
v -1.329800 -0.102900 -2.201800
v -1.289200 -0.102900 -2.160400
v -0.864200 -0.656400 -2.432700
v -1.310000 -0.182000 -2.321300
v -1.296500 -0.110400 -2.145900
v -1.350700 -0.110300 -2.201400
v -1.340200 -0.103200 -2.211700
v -1.443000 -0.173500 -2.110700
v -1.419000 -0.173500 -2.086200
v 0.003200 -0.972600 -2.066800
v -1.373800 -0.162100 -2.073400
v -1.364300 -0.159200 -2.072100
v -1.366400 -0.160300 -2.071300
v -1.578500 0.014700 -2.213100
v -1.357800 -0.157300 -2.071300
v -0.211000 -0.896100 -2.150600
v -1.303500 -0.216600 -2.340300
v -0.661300 -0.703500 -2.309700
v -0.034200 -0.981500 -2.030000
v -1.467800 -0.008200 -2.086300
v -1.411200 -0.173500 -2.078300
v -1.904300 0.152800 -2.300900
v 0.052700 -0.832000 -2.115400
v 0.054300 -0.884300 -2.116900
v -0.231600 -0.847200 -2.130500
v -0.199000 -0.790400 -2.162500
v -0.300100 -0.825600 -2.162300
v -0.829700 -0.596100 -2.466600
v -1.822000 0.104300 -2.303300
v -1.555100 0.049600 -2.053800
v -0.512400 -0.676300 -2.192300
v -1.764200 0.005700 -2.343200
v -1.793300 -0.045300 -2.314700
v -0.528400 -0.681300 -2.140400
v -1.547200 0.040600 -2.061600
v -0.495800 -0.624400 -2.172600
v -0.494900 -0.623800 -2.174800
v -0.991500 -0.384900 -2.282500
v -0.498500 -0.629100 -2.169900
v -0.510000 -0.649200 -2.158500
v -0.200100 -0.763300 -2.161400
v -0.199200 -0.761900 -2.160900
v -1.178100 -0.162100 -2.155700
v -0.495800 -0.624400 -2.172500
v -0.928500 -0.720300 -2.610700
v -0.893900 -0.659900 -2.644700
v -0.930500 -0.726700 -2.568000
v -1.531600 0.050500 -2.100800
v -0.529600 -0.684000 -2.141200
v -0.873700 -0.627700 -2.623900
v -1.193800 -0.168600 -2.176100
v -0.196900 -0.757800 -2.159400
v -1.854600 0.041200 -2.226400
v -1.201900 -0.145200 -2.168100
v -1.439200 -0.296700 -2.289700
v -1.382400 -0.307100 -2.250200
v -1.463400 0.003600 -2.114300
v -1.478900 -0.012900 -2.159500
v -1.463400 0.003500 -2.114200
v -0.004900 -0.766800 -2.058800
v 0.029400 -0.734200 -1.966300
v -1.482000 -0.016100 -2.168300
v -0.250700 -0.851200 -2.111700
v -0.251000 -0.851800 -2.110100
v -0.096800 -0.734200 -2.094700
v -1.362000 -0.317800 -2.282900
v -1.291100 -0.123500 -2.102300
v -1.301600 -0.126400 -2.104300
v -1.337600 -0.146200 -2.083100
v -1.466800 -0.005100 -2.094300
v -0.564100 -0.703600 -2.158400
v -0.914700 -0.599800 -2.385900
v -0.564800 -0.703300 -2.158800
v -1.301600 -0.225300 -2.274300
v -1.332100 -0.278000 -2.244300
v -1.381300 -0.110300 -2.232700
v -0.552400 -0.695800 -2.152500
v -0.879800 -0.540400 -2.420200
v -1.433400 -0.126300 -2.238900
v -1.479300 -0.150700 -2.214100
v -1.492600 -0.157800 -2.207000
v -1.499600 -0.170800 -2.176000
v -1.500800 -0.173400 -2.169500
v -1.488400 -0.173500 -2.156800
v -1.807500 -0.055200 -2.274100
v -1.314900 -0.215200 -2.274700
v -1.380600 -0.249100 -2.242500
v -0.812400 -0.478700 -2.242500
v -0.831400 -0.496100 -2.292500
v -0.811500 -0.475400 -2.251100
v -1.297900 -0.218900 -2.277900
v -1.505700 -0.073500 -2.050300
v -0.667700 -0.610500 -2.126200
v -1.309100 -0.212300 -2.277500
v -1.289900 -0.207400 -2.272200
v -0.814100 -0.484400 -2.227300
v -0.847300 -0.522500 -2.279700
v -0.096100 -0.739300 -2.065900
v -1.682700 0.016700 -2.093900
v 0.000600 -0.739300 -1.967500
v -1.374300 -0.057700 -2.131900
v -1.486800 -0.021500 -2.183100
v -0.830900 -0.495000 -2.290800
v -1.432800 -0.158900 -2.074500
v -1.383500 -0.139900 -2.066800
v -1.335000 -0.289500 -2.205800
v -1.339400 -0.288200 -2.201600
v -0.838700 -0.536100 -2.166200
v -1.332400 -0.279100 -2.240600
v -0.864900 -0.554900 -2.255300
v -0.833000 -0.526200 -2.171700
v -0.673400 -0.604900 -2.148400
v -0.653700 -0.585100 -2.186100
v -0.866600 -0.556100 -2.260900
v -0.635900 -0.567600 -2.219400
v -0.631000 -0.566000 -2.219100
v -0.026200 -0.764700 -2.037800
v -1.380700 -0.264900 -2.196400
v -1.627000 0.105700 -2.102300
v -1.966300 0.074200 -2.280600
v -0.812600 -0.478600 -2.242900
v -0.832500 -0.496700 -2.294100
v -1.937300 0.125200 -2.309200
v -1.573200 0.095800 -2.064000
v -0.519500 -0.616400 -2.182600
v -1.500400 -0.035600 -2.221100
v -1.509500 -0.049200 -2.224800
v -0.821100 -0.475900 -2.259400
v 0.035100 -0.916300 -1.844300
v -1.962700 0.051600 -2.243500
v -0.251900 -0.853300 -2.105400
v -0.899100 -0.511400 -2.443300
v -0.091800 -0.916300 -1.973400
v -1.685500 0.004500 -2.044900
v -0.183600 -0.883700 -2.009300
v -1.631700 -0.005400 -2.006600
v -1.556500 -0.130000 -2.178600
v -1.558800 -0.136000 -2.164300
v -1.584500 -0.000500 -2.025000
v -1.880500 0.003200 -2.245800
v -1.509600 -0.079100 -2.052200
v -1.521300 -0.096700 -2.056600
v -0.057500 -0.883700 -1.880900
v -0.241200 -0.818500 -1.952700
v -0.332700 -0.550100 -1.961900
v -0.328900 -0.552100 -1.952200
v -0.956200 -0.609400 -2.387200
v -0.115100 -0.818500 -1.824300
v -0.530900 -0.620300 -1.958200
v -0.503200 -0.574200 -2.064900
v -0.497000 -0.567600 -2.077900
v -0.300600 -0.798400 -2.057100
v -0.368100 -0.552000 -1.992300
v -1.576500 -0.009600 -2.032700
v -0.874700 -0.536500 -2.175700
v -0.532600 -0.604900 -2.005200
v -1.284000 -0.269700 -2.084000
v -1.177600 -0.327000 -2.077100
v -0.850500 -0.525700 -2.154600
v -0.508700 -0.559500 -2.113600
v -0.571100 -0.616600 -2.010000
v -1.590000 -0.050700 -2.043300
v -0.490200 -0.752300 -2.396500
v -0.524700 -0.812600 -2.362500
v -0.573100 -0.617300 -2.010100
v -0.855700 -0.525500 -2.149500
v -0.865300 -0.528200 -2.151500
v -0.211800 -0.812900 -1.952200
v -0.097600 -0.888000 -1.967700
v -0.115100 -0.812900 -1.853800
v -0.713000 -0.570300 -2.289700
v -0.562300 -0.809500 -2.338300
v -0.761800 -0.603700 -2.241800
v -1.494400 -0.068300 -1.978900
v -0.167500 -0.862700 -1.995800
v -1.437500 -0.078800 -1.939400
v -0.869400 -0.554600 -2.260700
v -1.558000 -0.136900 -2.163700
v -1.285700 -0.269700 -2.085800
v -1.314000 -0.269700 -2.114500
v -1.346900 -0.269700 -2.147900
v -0.835500 -0.494700 -2.294100
v -1.338000 -0.267900 -2.144000
v -1.338900 -0.281100 -2.181200
v -0.070800 -0.862700 -1.897300
v -0.246600 -0.635500 -2.073700
v -1.499300 -0.035500 -2.221000
v -1.369600 -0.265700 -2.182800
v -0.852900 -0.523600 -2.152200
v -0.253700 -0.692200 -2.103100
v -1.291600 -0.212300 -2.259500
v -0.245300 -0.701800 -2.111400
v -1.416500 -0.088100 -2.229300
v -1.286800 -0.270400 -2.084800
v -0.262400 -0.692200 -2.100100
v -0.779900 -0.473700 -2.223900
v -0.817800 -0.499600 -2.186700
v -0.028500 -0.668100 -1.909400
v -0.120400 -0.635500 -1.945300
v -0.859600 -0.528200 -2.145600
v 0.006500 -0.635500 -1.816200
v -0.178000 -0.570300 -1.888700
v -0.799600 -0.467800 -2.204600
v -0.154700 -0.668100 -2.037800
v -0.798500 -0.465900 -2.205700
v -0.294800 -0.655200 -2.068300
v -0.802900 -0.440500 -2.201300
v -1.672200 0.138100 -1.868600
v -1.643100 0.189100 -1.897200
v -0.817800 -0.437600 -2.231500
v -0.805500 -0.426100 -2.198800
v -1.536700 -0.115100 -2.102900
v -0.513600 -0.532700 -2.084500
v -0.515300 -0.522300 -2.073000
v -1.520800 -0.098300 -2.057000
v -0.276800 -0.696100 -2.086000
v -0.281000 -0.696700 -2.081900
v -0.044000 -0.688600 -1.923600
v -1.742400 0.207200 -1.966500
v -0.330500 -0.567600 -1.981700
v -1.771400 0.156200 -1.938000
v -1.950200 0.188800 -2.062300
v -0.333400 -0.785000 -1.988300
v -1.430700 -0.114300 -1.958800
v -1.487500 -0.103900 -1.998200
v -0.986400 -0.484600 -2.256600
v -0.978700 -0.471400 -2.264200
v -1.715800 0.245200 -1.946400
v -0.576800 -0.616900 -2.014200
v -0.114500 -0.663700 -1.951000
v -1.290800 -0.173400 -1.956000
v -1.418800 -0.307400 -2.322300
v -0.521000 -0.519900 -2.074600
v -1.232400 -0.072200 -2.013400
v -1.646800 0.212100 -1.935700
v -0.345900 -0.743500 -2.018100
v -0.341100 -0.563200 -1.984700
v -0.952000 -0.425500 -2.289800
v -0.951900 -0.425300 -2.290000
v -0.309100 -0.788700 -2.048800
v -0.963400 -0.445300 -2.278800
v -0.313200 -0.780500 -2.050300
v -1.565200 -0.213700 -2.306100
v -0.140700 -0.688600 -2.022000
v -1.506700 -0.112500 -2.363500
v -1.567700 -0.188500 -2.229300
v -0.665200 -0.582200 -2.043600
v -1.542000 -0.230600 -2.278400
v -1.302200 -0.222500 -2.019200
v -0.665500 -0.580300 -2.040400
v -1.328200 -0.179500 -1.969700
v -1.469600 -0.105500 -2.349500
v -0.314200 -0.753900 -2.049300
v -0.080400 -0.785000 -1.730800
v -0.313800 -0.759900 -2.049600
v -1.934900 0.324800 -2.028200
v -1.264400 -0.215500 -2.004400
v -0.608400 -0.483300 -2.099500
v -0.608500 -0.482500 -2.098200
v -1.774200 0.144000 -1.888900
v -0.308300 -0.743700 -2.055000
v -1.939400 0.286400 -2.102400
v -1.293100 -0.242800 -2.078500
v -1.290100 -0.242400 -2.077700
v -1.269600 -0.212600 -2.065100
v -1.287300 -0.267900 -2.084200
v -0.207300 -0.785000 -1.859900
v -1.705900 0.110500 -1.877600
v -1.921200 0.239800 -2.090900
v -1.621400 -0.076500 -2.194800
v -1.229800 -0.097400 -2.090200
v -0.572300 -0.618700 -2.012900
v -1.255900 -0.054400 -2.040800
v -1.232300 -0.141700 -2.135200
v -1.206600 -0.114800 -2.061200
v -1.232200 -0.141700 -2.135100
v -1.233800 -0.140300 -2.136800
v -1.998800 0.268000 -1.972500
v -1.969400 0.318100 -2.001400
v -0.185900 -0.787100 -1.880900
v -1.591300 -0.170200 -2.258000
v -1.533200 -0.070400 -2.315100
v -0.493100 -0.697700 -2.299000
v -1.819300 0.235400 -1.847400
v -1.789900 0.285500 -1.876300
v -0.492300 -0.695500 -2.298500
v -0.849100 -0.440000 -2.038100
v -1.832900 0.194700 -1.859400
v -0.492300 -0.695500 -2.298400
v -1.235300 -0.152300 -2.102200
v -1.235600 -0.153500 -2.098700
v -1.214600 -0.143200 -2.155700
v -1.774400 0.295900 -1.916800
v -1.993400 0.223700 -1.970800
v -0.951600 -0.424900 -2.289800
v -0.939400 -0.421600 -2.286400
v -1.534800 -0.089300 -2.218700
v -1.552000 -0.118900 -2.202000
v -0.867100 -0.511000 -2.138200
v -1.523200 -0.069300 -2.230100
v -0.815700 -0.422100 -2.188800
v -0.840100 -0.387000 -2.164800
v -0.841800 -0.384600 -2.163200
v -1.512700 -0.053800 -2.226000
v -0.865500 -0.480700 -2.052900
v -1.998200 0.183900 -2.044600
v -0.980000 -0.491900 -2.246800
v -0.986100 -0.485200 -2.255500
v -0.986500 -0.484800 -2.256000
v -1.199700 -0.160100 -2.170300
v -1.276600 -0.188400 -2.262800
v -2.052600 0.207800 -2.134200
v -1.278200 -0.183200 -2.261200
v -0.941400 -0.489900 -2.162000
v -1.276700 -0.188000 -2.262700
v -1.283400 -0.198000 -2.267600
v -2.024100 0.258400 -2.162100
v -1.552600 -0.119900 -2.201400
v -1.555600 -0.127500 -2.184600
v -0.899900 -0.482200 -2.106000
v -0.924600 -0.472000 -2.113400
v -1.552700 -0.120100 -2.201000
v -1.982300 0.272800 -2.168200
v -0.900400 -0.481800 -2.105600
v -1.290800 -0.174300 -2.260300
v -1.408600 -0.202500 -2.092000
v -2.040700 0.171600 -2.110800
v -1.325600 -0.247200 -2.086700
v -1.317000 -0.246100 -2.084500
v -1.495400 -0.063400 -2.300400
v -0.884600 -0.390900 -2.217800
v -1.253400 -0.122300 -2.158100
v -1.248200 -0.127000 -2.152500
v -0.505400 -0.710600 -2.394100
v -1.329100 -0.105900 -2.206300
v -1.263800 -0.133200 -2.188200
v -1.274100 -0.169000 -2.240500
v -0.588500 -0.648100 -2.368500
v -1.636900 -0.086500 -2.155700
v -0.507100 -0.659800 -2.302200
v -0.497400 -0.684300 -2.299900
v -0.508500 -0.607800 -2.213000
v -0.507100 -0.659600 -2.301800
v -0.510100 -0.607200 -2.213700
v -0.505000 -0.613300 -2.199100
v -0.626400 -0.644100 -2.343900
v -1.447400 -0.186100 -2.211500
# 434 vertices

g group_1_6970902

usemtl color_6970902
s 0

f 86 	85 	84
f 90 	359 	68
f 86 	85 	91
f 224 	408 	94
f 92 	93 	95
f 96 	95 	93
f 93 	92 	97
f 81 	245 	327
f 98 	99 	100
f 98 	100 	101
f 96 	97 	95
f 92 	95 	97
f 74 	317 	72
f 99 	100 	105
f 99 	105 	107
f 86 	84 	85
f 85 	89 	91
f 74 	78 	317
f 103 	104 	106
f 317 	78 	82
f 89 	88 	91
f 110 	140 	108
f 110 	108 	100
f 317 	82 	139
f 89 	451 	85
f 111 	112 	110
f 109 	113 	114
f 109 	114 	115
f 451 	86 	84
f 119 	120 	117
f 116 	117 	120
f 80 	327 	88
f 124 	117 	127
f 119 	117 	124
f 109 	106 	122
f 106 	104 	122
f 121 	122 	104
f 126 	97 	104
f 97 	96 	104
f 121 	104 	96
f 88 	451 	89
f 102 	167 	149
f 73 	132 	67
f 84 	85 	451
f 81 	451 	80
f 88 	80 	451
f 69 	67 	132
f 129 	127 	128
f 127 	124 	128
f 134 	127 	129
f 124 	119 	128
f 119 	120 	128
f 120 	135 	128
f 105 	128 	135
f 107 	105 	135
f 78 	217 	82
f 112 	111 	140
f 440 	140 	111
f 384 	387 	133
f 145 	339 	131
f 139 	138 	325
f 142 	325 	138
f 135 	196 	143
f 110 	112 	140
f 226 	425 	142
f 155 	158 	154
f 423 	186 	149
f 156 	118 	171
f 160 	153 	159
f 159 	154 	158
f 154 	159 	153
f 136 	118 	156
f 162 	151 	161
f 161 	151 	125
f 170 	152 	157
f 146 	91 	147
f 451 	423 	450
f 149 	450 	423
f 150 	152 	170
f 164 	165 	166
f 149 	453 	450
f 91 	133 	147
f 118 	400 	171
f 258 	81 	80
f 457 	453 	149
f 182 	201 	167
f 84 	254 	85
f 86 	254 	84
f 173 	254 	86
f 162 	174 	164
f 221 	222 	85
f 212 	254 	223
f 179 	145 	178
f 169 	178 	145
f 222 	258 	85
f 258 	80 	88
f 181 	491 	148
f 67 	177 	137
f 268 	171 	266
f 70 	184 	94
f 180 	179 	178
f 177 	145 	131
f 464 	170 	468
f 187 	414 	193
f 156 	171 	181
f 145 	194 	195
f 195 	205 	145
f 172 	130 	163
f 184 	70 	187
f 184 	187 	193
f 182 	102 	175
f 163 	130 	169
f 145 	179 	194
f 143 	196 	144
f 445 	429 	196
f 182 	167 	102
f 189 	304 	197
f 190 	304 	189
f 303 	193 	304
f 177 	67 	163
f 195 	194 	439
f 179 	436 	194
f 197 	304 	192
f 102 	149 	185
f 163 	145 	177
f 83 	188 	201
f 184 	202 	94
f 163 	67 	69
f 120 	196 	135
f 204 	196 	191
f 127 	191 	196
f 188 	223 	201
f 88 	89 	188
f 120 	119 	196
f 119 	124 	196
f 127 	196 	124
f 339 	145 	205
f 145 	163 	169
f 200 	76 	198
f 207 	196 	204
f 201 	182 	83
f 439 	442 	195
f 201 	210 	211
f 201 	212 	210
f 202 	184 	193
f 137 	176 	214
f 215 	167 	211
f 255 	167 	215
f 214 	176 	213
f 217 	216 	130
f 169 	130 	216
f 178 	169 	216
f 294 	245 	307
f 131 	218 	176
f 213 	176 	218
f 155 	220 	158
f 221 	158 	220
f 148 	203 	75
f 307 	80 	88
f 219 	209 	208
f 83 	422 	206
f 222 	221 	220
f 498 	313 	190
f 142 	224 	226
f 201 	223 	212
f 222 	165 	168
f 228 	219 	227
f 262 	219 	228
f 170 	227 	219
f 202 	230 	94
f 224 	94 	230
f 224 	230 	226
f 176 	177 	131
f 88 	188 	307
f 230 	425 	226
f 325 	142 	425
f 237 	161 	233
f 234 	235 	233
f 235 	237 	233
f 236 	237 	235
f 232 	233 	161
f 229 	232 	161
f 159 	229 	161
f 210 	91 	211
f 156 	181 	231
f 227 	239 	228
f 240 	228 	239
f 156 	231 	225
f 212 	211 	210
f 382 	400 	118
f 125 	151 	378
f 377 	378 	151
f 227 	170 	244
f 241 	250 	243
f 242 	250 	231
f 253 	214 	213
f 211 	223 	451
f 392 	391 	244
f 227 	244 	391
f 225 	231 	250
f 451 	450 	215
f 451 	215 	211
f 212 	223 	211
f 173 	451 	223
f 154 	146 	147
f 177 	176 	137
f 244 	247 	227
f 81 	307 	245
f 239 	227 	247
f 131 	357 	218
f 245 	294 	327
f 155 	154 	147
f 147 	424 	155
f 249 	250 	241
f 242 	243 	250
f 294 	451 	245
f 81 	245 	451
f 248 	191 	244
f 469 	191 	248
f 159 	158 	254
f 248 	247 	244
f 340 	167 	255
f 174 	162 	257
f 256 	243 	242
f 255 	215 	483
f 91 	483 	215
f 162 	161 	257
f 334 	79 	209
f 215 	279 	255
f 231 	181 	285
f 219 	337 	209
f 483 	91 	146
f 259 	260 	219
f 174 	257 	258
f 168 	165 	258
f 165 	164 	258
f 174 	258 	164
f 346 	254 	211
f 210 	211 	254
f 88 	89 	258
f 219 	262 	259
f 210 	254 	212
f 261 	263 	264
f 171 	246 	265
f 206 	293 	315
f 260 	259 	108
f 357 	251 	218
f 255 	346 	215
f 211 	215 	346
f 263 	225 	267
f 250 	267 	225
f 228 	108 	262
f 257 	245 	258
f 158 	221 	254
f 221 	85 	254
f 223 	254 	173
f 218 	251 	213
f 228 	240 	262
f 499 	268 	269
f 371 	253 	270
f 89 	85 	258
f 168 	258 	222
f 253 	213 	270
f 256 	250 	274
f 275 	250 	256
f 249 	274 	250
f 189 	197 	278
f 251 	270 	213
f 167 	279 	280
f 216 	217 	180
f 178 	216 	180
f 285 	181 	148
f 183 	141 	272
f 231 	363 	242
f 172 	282 	296
f 272 	277 	183
f 217 	130 	284
f 307 	315 	294
f 163 	69 	282
f 278 	197 	192
f 280 	279 	435
f 256 	363 	281
f 242 	363 	256
f 282 	69 	132
f 192 	189 	278
f 172 	163 	282
f 307 	83 	206
f 256 	274 	281
f 279 	215 	280
f 148 	75 	285
f 171 	265 	266
f 286 	288 	172
f 368 	315 	365
f 288 	297 	130
f 130 	172 	288
f 295 	294 	315
f 289 	287 	292
f 298 	299 	115
f 109 	115 	299
f 434 	291 	290
f 296 	286 	172
f 252 	292 	287
f 282 	301 	296
f 300 	156 	225
f 300 	136 	156
f 318 	314 	302
f 304 	306 	303
f 302 	309 	306
f 292 	252 	141
f 276 	185 	273
f 186 	273 	185
f 292 	141 	183
f 122 	302 	306
f 122 	306 	299
f 175 	102 	276
f 284 	130 	305
f 393 	305 	130
f 225 	308 	300
f 295 	291 	294
f 290 	294 	291
f 290 	472 	294
f 122 	299 	109
f 102 	185 	276
f 240 	271 	260
f 262 	240 	259
f 260 	259 	240
f 303 	306 	309
f 238 	283 	273
f 140 	440 	311
f 440 	418 	311
f 188 	83 	307
f 261 	312 	263
f 304 	313 	306
f 263 	308 	225
f 206 	315 	307
f 199 	316 	198
f 238 	273 	186
f 309 	302 	314
f 436 	179 	180
f 78 	180 	217
f 319 	320 	312
f 320 	308 	312
f 263 	312 	308
f 293 	283 	238
f 264 	263 	312
f 317 	200 	198
f 288 	286 	328
f 325 	200 	317
f 328 	286 	322
f 246 	326 	265
f 324 	268 	326
f 288 	321 	297
f 91 	88 	327
f 80 	81 	327
f 329 	91 	327
f 328 	321 	288
f 265 	326 	266
f 139 	325 	317
f 234 	472 	235
f 91 	329 	133
f 200 	325 	136
f 269 	268 	324
f 118 	136 	325
f 434 	399 	291
f 333 	311 	332
f 310 	332 	311
f 378 	377 	327
f 267 	250 	330
f 275 	335 	250
f 391 	394 	335
f 108 	140 	311
f 108 	311 	333
f 108 	333 	336
f 108 	336 	337
f 108 	337 	260
f 439 	194 	436
f 291 	331 	290
f 235 	290 	331
f 235 	331 	236
f 420 	297 	321
f 336 	334 	337
f 334 	209 	337
f 323 	296 	301
f 266 	326 	268
f 260 	337 	219
f 320 	467 	308
f 272 	141 	372
f 259 	260 	337
f 338 	322 	286
f 340 	483 	279
f 338 	286 	296
f 271 	341 	260
f 337 	260 	341
f 336 	337 	341
f 296 	323 	338
f 267 	330 	263
f 330 	452 	263
f 312 	263 	342
f 167 	340 	279
f 443 	429 	262
f 227 	228 	344
f 248 	244 	344
f 244 	227 	344
f 228 	262 	429
f 345 	496 	343
f 346 	340 	280
f 279 	280 	340
f 262 	259 	443
f 292 	361 	289
f 496 	345 	205
f 275 	256 	335
f 335 	256 	281
f 310 	347 	332
f 333 	334 	336
f 243 	349 	241
f 249 	241 	349
f 249 	349 	350
f 346 	232 	229
f 79 	334 	341
f 336 	341 	334
f 274 	249 	241
f 122 	121 	302
f 355 	354 	351
f 353 	320 	319
f 109 	299 	106
f 299 	306 	106
f 488 	152 	154
f 93 	440 	96
f 248 	344 	247
f 341 	271 	344
f 239 	344 	240
f 247 	344 	239
f 126 	144 	97
f 93 	97 	440
f 351 	352 	355
f 357 	355 	352
f 356 	358 	249
f 241 	249 	358
f 343 	339 	345
f 343 	348 	339
f 256 	281 	243
f 205 	345 	339
f 357 	339 	355
f 358 	360 	241
f 271 	240 	344
f 249 	350 	356
f 255 	483 	340
f 357 	131 	339
f 359 	339 	348
f 277 	272 	388
f 354 	137 	351
f 349 	243 	360
f 360 	243 	281
f 255 	279 	340
f 214 	351 	137
f 103 	143 	104
f 348 	369 	359
f 214 	253 	351
f 364 	360 	363
f 360 	281 	363
f 366 	367 	306
f 313 	366 	306
f 103 	106 	143
f 295 	315 	368
f 498 	497 	366
f 67 	137 	354
f 327 	368 	399
f 399 	365 	331
f 274 	241 	360
f 281 	274 	360
f 365 	399 	368
f 386 	306 	367
f 327 	295 	368
f 368 	365 	295
f 291 	295 	365
f 331 	291 	365
f 363 	231 	285
f 366 	313 	498
f 293 	206 	375
f 371 	270 	383
f 159 	254 	229
f 346 	229 	254
f 383 	270 	397
f 459 	293 	375
f 255 	340 	346
f 383 	352 	371
f 237 	236 	365
f 331 	365 	236
f 369 	370 	359
f 369 	348 	495
f 495 	498 	369
f 368 	257 	365
f 257 	161 	365
f 237 	365 	161
f 440 	458 	96
f 182 	415 	422
f 414 	359 	370
f 292 	362 	361
f 422 	375 	206
f 257 	294 	245
f 81 	258 	245
f 351 	371 	352
f 113 	373 	114
f 257 	368 	294
f 295 	294 	368
f 253 	371 	351
f 354 	73 	67
f 372 	141 	374
f 295 	327 	294
f 143 	106 	306
f 462 	379 	76
f 380 	76 	379
f 76 	380 	394
f 252 	287 	374
f 393 	395 	224
f 391 	87 	394
f 374 	375 	372
f 357 	352 	397
f 406 	70 	408
f 252 	374 	141
f 227 	380 	228
f 379 	228 	380
f 329 	327 	377
f 187 	70 	406
f 94 	408 	70
f 425 	318 	382
f 302 	403 	318
f 272 	372 	381
f 370 	190 	189
f 438 	361 	362
f 192 	193 	414
f 414 	187 	406
f 327 	399 	378
f 414 	370 	192
f 189 	192 	370
f 380 	379 	330
f 352 	383 	397
f 130 	376 	389
f 73 	354 	90
f 150 	385 	398
f 385 	219 	208
f 298 	390 	299
f 76 	394 	87
f 132 	73 	68
f 90 	68 	73
f 224 	142 	393
f 219 	150 	170
f 392 	87 	391
f 219 	385 	150
f 397 	270 	251
f 408 	224 	395
f 388 	272 	381
f 380 	227 	394
f 394 	227 	391
f 398 	385 	396
f 130 	389 	393
f 393 	389 	395
f 251 	357 	397
f 373 	390 	298
f 115 	114 	298
f 373 	113 	299
f 390 	373 	299
f 391 	335 	392
f 440 	97 	144
f 378 	399 	208
f 403 	400 	382
f 399 	401 	208
f 377 	402 	404
f 277 	388 	362
f 171 	400 	246
f 403 	246 	400
f 373 	298 	114
f 277 	362 	183
f 109 	299 	113
f 152 	150 	405
f 382 	318 	403
f 150 	398 	405
f 68 	359 	389
f 362 	292 	183
f 406 	408 	389
f 395 	389 	408
f 326 	246 	261
f 329 	404 	384
f 301 	282 	407
f 410 	384 	404
f 302 	458 	403
f 387 	384 	410
f 132 	407 	282
f 402 	410 	404
f 132 	68 	407
f 329 	377 	404
f 412 	386 	411
f 359 	414 	389
f 406 	389 	414
f 417 	402 	416
f 410 	402 	417
f 482 	416 	402
f 376 	130 	297
f 428 	387 	410
f 409 	415 	476
f 297 	71 	376
f 412 	411 	269
f 499 	269 	411
f 71 	68 	376
f 410 	417 	418
f 444 	428 	418
f 410 	418 	428
f 413 	375 	374
f 192 	304 	193
f 310 	419 	347
f 297 	420 	71
f 287 	413 	374
f 349 	360 	412
f 386 	412 	306
f 193 	303 	202
f 415 	409 	381
f 310 	311 	417
f 418 	417 	311
f 412 	269 	349
f 309 	202 	303
f 71 	301 	407
f 416 	419 	417
f 419 	310 	417
f 324 	349 	269
f 304 	190 	313
f 301 	71 	420
f 401 	396 	385
f 401 	385 	208
f 433 	321 	328
f 416 	482 	166
f 485 	155 	424
f 186 	423 	238
f 230 	202 	314
f 309 	314 	202
f 185 	149 	186
f 421 	289 	361
f 230 	314 	425
f 424 	147 	426
f 422 	415 	381
f 321 	433 	420
f 372 	422 	381
f 318 	425 	314
f 427 	424 	429
f 287 	289 	421
f 454 	143 	412
f 360 	454 	412
f 375 	422 	372
f 428 	429 	424
f 430 	424 	427
f 382 	118 	425
f 325 	425 	118
f 426 	387 	428
f 323 	301 	420
f 421 	413 	287
f 426 	133 	387
f 322 	433 	328
f 434 	435 	396
f 317 	198 	316
f 424 	426 	428
f 246 	403 	261
f 452 	342 	403
f 338 	323 	433
f 322 	338 	433
f 111 	458 	440
f 442 	494 	205
f 205 	195 	442
f 443 	429 	428
f 68 	389 	376
f 443 	428 	444
f 433 	323 	420
f 343 	496 	495
f 445 	196 	207
f 205 	493 	496
f 486 	430 	445
f 121 	96 	458
f 250 	335 	394
f 394 	380 	250
f 330 	250 	380
f 104 	143 	144
f 429 	443 	196
f 427 	429 	445
f 444 	144 	443
f 144 	196 	443
f 359 	90 	339
f 285 	75 	484
f 396 	435 	398
f 443 	220 	429
f 354 	355 	90
f 104 	144 	126
f 448 	449 	87
f 480 	447 	431
f 220 	430 	427
f 427 	429 	220
f 220 	443 	444
f 355 	339 	90
f 87 	392 	448
f 437 	361 	438
f 438 	432 	437
f 431 	437 	432
f 75 	87 	484
f 446 	362 	388
f 441 	431 	447
f 449 	448 	191
f 392 	191 	448
f 71 	407 	68
f 342 	312 	403
f 312 	261 	403
f 452 	403 	458
f 418 	440 	144
f 444 	418 	144
f 449 	448 	335
f 392 	335 	448
f 220 	444 	418
f 362 	446 	438
f 492 	238 	423
f 99 	452 	458
f 441 	421 	361
f 427 	490 	429
f 437 	431 	441
f 441 	413 	421
f 430 	490 	427
f 143 	454 	455
f 143 	455 	456
f 143 	456 	135
f 432 	446 	409
f 331 	492 	291
f 290 	492 	472
f 259 	337 	417
f 437 	441 	361
f 432 	438 	446
f 446 	388 	381
f 306 	412 	143
f 464 	344 	429
f 280 	457 	167
f 149 	167 	457
f 409 	446 	381
f 76 	77 	467
f 444 	443 	418
f 417 	418 	443
f 259 	417 	443
f 100 	99 	110
f 111 	110 	99
f 459 	413 	447
f 76 	467 	460
f 462 	76 	461
f 460 	461 	76
f 201 	211 	167
f 332 	347 	419
f 302 	121 	458
f 441 	447 	413
f 458 	111 	99
f 207 	204 	463
f 207 	463 	445
f 461 	108 	462
f 460 	108 	461
f 379 	462 	108
f 259 	262 	108
f 379 	108 	228
f 434 	451 	450
f 453 	435 	450
f 434 	450 	435
f 461 	330 	462
f 324 	326 	349
f 350 	349 	326
f 261 	264 	326
f 350 	326 	264
f 457 	280 	435
f 83 	182 	422
f 459 	375 	413
f 379 	462 	330
f 330 	461 	460
f 457 	435 	453
f 312 	342 	319
f 465 	431 	432
f 480 	431 	465
f 300 	467 	77
f 464 	469 	170
f 457 	215 	450
f 453 	457 	450
f 280 	215 	457
f 264 	312 	350
f 342 	350 	312
f 471 	423 	451
f 356 	107 	358
f 471 	475 	423
f 472 	423 	475
f 473 	320 	353
f 474 	467 	473
f 320 	473 	467
f 300 	308 	467
f 468 	191 	464
f 466 	191 	468
f 319 	452 	353
f 465 	432 	470
f 291 	492 	290
f 474 	460 	467
f 469 	464 	191
f 392 	244 	191
f 476 	470 	432
f 475 	471 	434
f 473 	353 	452
f 342 	452 	319
f 101 	477 	98
f 468 	469 	464
f 471 	451 	434
f 473 	477 	474
f 101 	474 	477
f 452 	99 	98
f 452 	98 	477
f 452 	477 	473
f 468 	466 	469
f 478 	469 	466
f 476 	432 	409
f 342 	263 	452
f 479 	377 	151
f 364 	456 	455
f 455 	454 	364
f 475 	434 	472
f 101 	100 	474
f 460 	474 	100
f 472 	434 	290
f 377 	479 	402
f 481 	402 	479
f 364 	454 	360
f 460 	100 	108
f 402 	481 	482
f 472 	475 	294
f 475 	471 	294
f 451 	294 	471
f 452 	330 	460
f 452 	460 	100
f 452 	100 	99
f 481 	419 	482
f 470 	273 	465
f 416 	482 	419
f 363 	484 	364
f 285 	484 	363
f 456 	364 	484
f 116 	120 	484
f 456 	484 	120
f 470 	276 	273
f 117 	116 	484
f 435 	405 	398
f 476 	276 	470
f 417 	416 	166
f 418 	417 	166
f 162 	164 	479
f 482 	481 	166
f 164 	166 	481
f 479 	164 	481
f 151 	162 	479
f 107 	135 	456
f 107 	456 	455
f 107 	455 	454
f 107 	454 	360
f 107 	360 	358
f 350 	452 	356
f 342 	452 	350
f 99 	356 	452
f 107 	356 	99
f 127 	484 	449
f 117 	484 	127
f 87 	449 	484
f 435 	483 	405
f 343 	495 	348
f 476 	175 	276
f 191 	127 	449
f 424 	486 	485
f 480 	465 	273
f 370 	369 	190
f 424 	430 	486
f 455 	456 	120
f 119 	454 	120
f 273 	283 	480
f 317 	316 	72
f 436 	72 	316
f 445 	485 	486
f 449 	454 	127
f 182 	175 	415
f 436 	316 	439
f 430 	427 	445
f 442 	439 	316
f 175 	476 	415
f 449 	335 	454
f 455 	120 	454
f 124 	454 	119
f 124 	127 	454
f 199 	203 	316
f 220 	155 	485
f 220 	485 	486
f 430 	220 	486
f 454 	335 	281
f 454 	281 	360
f 480 	459 	447
f 401 	399 	434
f 461 	462 	128
f 166 	165 	418
f 165 	222 	418
f 220 	418 	222
f 487 	316 	203
f 401 	434 	396
f 283 	459 	480
f 481 	334 	333
f 332 	419 	333
f 481 	333 	419
f 461 	128 	460
f 100 	460 	128
f 100 	128 	105
f 293 	459 	283
f 471 	233 	451
f 450 	451 	233
f 316 	487 	494
f 127 	134 	449
f 448 	449 	134
f 148 	487 	203
f 445 	463 	489
f 445 	489 	485
f 462 	380 	128
f 129 	128 	380
f 379 	380 	462
f 394 	129 	380
f 491 	487 	148
f 472 	234 	475
f 471 	475 	234
f 129 	394 	134
f 394 	391 	134
f 448 	134 	391
f 448 	391 	392
f 154 	153 	488
f 233 	232 	450
f 453 	450 	232
f 87 	199 	76
f 198 	76 	199
f 191 	490 	204
f 466 	490 	191
f 463 	204 	490
f 463 	490 	489
f 331 	291 	399
f 170 	157 	490
f 77 	76 	200
f 486 	485 	489
f 486 	489 	490
f 87 	203 	199
f 235 	472 	290
f 490 	466 	170
f 87 	75 	203
f 435 	279 	483
f 136 	300 	77
f 280 	457 	346
f 466 	468 	490
f 468 	464 	490
f 486 	490 	430
f 464 	429 	490
f 453 	232 	457
f 346 	457 	232
f 337 	336 	482
f 481 	482 	336
f 334 	481 	336
f 200 	136 	77
f 493 	205 	494
f 238 	492 	293
f 416 	417 	337
f 482 	416 	337
f 496 	497 	495
f 489 	488 	490
f 488 	478 	490
f 153 	478 	488
f 160 	478 	153
f 466 	490 	478
f 423 	472 	492
f 469 	344 	464
f 344 	228 	429
f 331 	365 	492
f 315 	492 	365
f 190 	369 	498
f 497 	498 	495
f 492 	315 	293
f 487 	493 	494
f 329 	384 	133
f 496 	487 	497
f 367 	497 	487
f 487 	496 	493
f 469 	478 	344
f 367 	366 	497
f 426 	147 	133
f 386 	367 	491
f 341 	123 	79
f 344 	478 	341
f 316 	494 	442
f 80 	307 	81
f 85 	86 	188
f 86 	173 	188
f 223 	188 	173
f 85 	188 	89
f 487 	491 	367
f 215 	211 	91
f 212 	91 	210
f 125 	123 	161
f 173 	86 	91
f 212 	223 	91
f 173 	91 	223
f 451 	173 	86
f 159 	341 	478
f 160 	159 	478
f 161 	123 	159
f 123 	341 	159
f 491 	181 	499
f 411 	491 	499
f 491 	411 	386
f 152 	405 	483
f 181 	171 	499
f 499 	171 	268
f 248 	244 	170
f 170 	469 	248
f 74 	72 	180
f 72 	436 	180
f 157 	152 	488
f 146 	154 	152
f 78 	74 	180
f 152 	483 	146
f 138 	139 	284
f 139 	82 	284
f 284 	82 	217
f 157 	488 	489
f 284 	305 	142
f 284 	142 	138
f 489 	490 	157
f 305 	393 	142
f 466 	468 	170
f 500 	233 	471
f 378 	208 	125
f 209 	123 	208
f 500 	471 	234
f 233 	500 	234
f 125 	208 	123
f 123 	209 	79
# 1036 faces

 #end of obj_1

o obj_2
v 1.091200 -0.844400 -0.985100
v 1.040200 -0.931600 -0.935000
v 1.408500 -0.469800 -0.029500
v 1.376100 -0.458200 -0.042500
v 1.340300 -0.416500 -0.007300
v 1.344600 -0.409300 0.009500
v 1.338500 -0.736700 -0.282100
v 1.369200 -0.409300 0.034700
v 1.393900 -0.422700 0.036800
v 0.958000 -0.689700 -0.854200
v 1.250700 -0.685400 -0.278200
v 1.254700 -1.008900 -0.850000
v 0.906400 -0.777400 -0.803500
v 1.358100 -0.409300 0.023400
v 1.332500 -0.729200 -0.294700
v 1.228800 -0.511600 0.015300
v 1.495300 0.018900 0.900300
v 1.217500 -0.100300 0.652900
v 1.217100 -0.099100 0.652100
v 1.334900 -0.408700 -0.002000
v 1.378500 -0.472700 -0.044900
v 1.436000 -0.508300 -0.025500
v 1.358900 -0.410200 0.026900
v 1.282700 -0.024000 0.611200
v 1.818800 -0.694200 0.055200
v 1.334900 -0.408700 -0.002000
v 1.783900 -0.754100 0.089500
v 1.327600 -0.040600 0.627700
v 1.321700 -0.717400 -0.317700
v 1.322800 -0.272100 0.548300
v 1.282700 -0.024000 0.611200
v 1.364500 -0.422900 0.070400
v 1.273700 -0.457700 0.082300
v 1.365900 -0.454100 -0.032400
v 1.798600 -0.662000 0.034400
v 1.461300 -0.453400 0.092900
v 1.336300 -0.043800 0.630900
v 1.267500 -0.208400 0.602600
v 1.254600 -0.035500 0.615300
v 1.258500 -0.460200 0.074100
v 1.741200 -0.760200 0.090900
v 1.257900 -0.460200 0.073600
v 1.262700 -0.032500 0.614300
v 1.369000 -0.421100 0.069900
v 1.429600 -0.241800 0.443300
v 1.305100 -0.868900 -0.899500
v 1.237500 -0.473900 0.093700
v 1.437900 -0.227600 0.435200
v 1.235100 -0.475500 0.096100
v 1.233600 -0.474100 0.090400
v 1.217300 -1.017300 -0.813200
v 1.549000 -0.236900 0.513800
v 1.371300 -0.651200 -0.345700
v 1.430600 -0.203800 0.442300
v 1.377700 -0.670300 -0.352200
v 1.351200 -0.294200 0.520300
v 1.345300 -0.298100 0.526100
v 1.529800 -0.201200 0.520100
v 1.354000 -0.658300 -0.351300
v 1.354000 -0.658300 -0.351300
v 1.354000 -0.658300 -0.351300
v 1.491200 -0.211800 0.462700
v 1.336400 -0.520900 0.093200
v 1.510100 -0.246500 0.456700
v 1.288300 -0.502900 0.075400
v 1.306300 -0.921300 -0.900700
v 1.281300 -0.513100 0.050700
v 1.321300 -0.559600 0.011300
v 1.327100 -0.559600 0.017200
v 1.351000 -0.049300 0.636000
v 1.420600 -0.523200 0.133300
v 1.288300 -0.502900 0.075400
v 1.304700 -0.643000 -0.180400
v 1.278400 -0.201100 0.591900
v 1.371100 -0.139100 0.500800
v 1.381600 -0.132000 0.490500
v 1.156200 -0.770000 -0.879400
v 1.313900 -0.542400 0.018600
v 1.328100 -0.555100 0.004700
v 1.247900 -0.803000 -0.843300
v 1.282400 -0.770000 -0.751000
v 1.464500 -0.456600 0.105200
v 1.433300 -0.217900 0.428200
v 1.431700 -0.212800 0.429800
v 1.429800 -0.516100 0.139900
v 1.429200 -0.516600 0.139500
v 1.243400 -0.039600 0.616600
v 1.243500 -0.039600 0.616600
v 1.250900 -0.036800 0.615700
v 1.214000 -0.089300 0.645300
v 1.242500 -0.041100 0.617400
v 1.231700 -0.059600 0.628100
v 1.329500 -0.151300 0.402800
v 1.331200 -0.131800 0.438500
v 1.205500 0.005600 0.582200
v 1.453100 -0.477000 0.116900
v 1.438100 -0.502800 0.132100
v 1.323900 -0.156100 0.397500
v 1.430700 -0.515300 0.139500
v 1.430300 -0.516000 0.139900
v 1.308400 -0.169400 0.383000
v 1.464700 -0.457000 0.105500
v 1.327600 -0.172500 0.364100
v 1.288000 0.041400 0.801200
v 1.684800 -0.622600 -0.013600
v 1.273000 -0.152000 0.439500
v 1.273600 -0.506300 0.058200
v 1.156800 -0.775000 -0.850500
v 1.260200 -0.230200 0.557300
v 1.256000 -0.275400 0.474500
v 1.262200 -0.208400 0.597200
v 1.253600 -0.775000 -0.752100
v 1.328100 -0.191600 0.327800
v 1.254000 -0.274300 0.465900
v 1.248400 -0.271200 0.441900
v 1.254100 -0.296300 0.436400
v 1.348200 -0.198200 0.343800
v 1.240400 -0.188100 0.514500
v 1.242400 -0.189900 0.521900
v 1.389400 -0.052900 0.742200
v 1.254400 -0.201100 0.567500
v 1.340200 -0.174600 0.351700
v 1.489600 -0.336400 0.572200
v 1.627000 -0.720000 0.043200
v 1.252900 -0.174300 0.485900
v 1.226600 -0.800700 -0.822300
v 1.241300 -0.187100 0.512500
v 1.406200 -0.464000 0.235900
v 1.371900 -0.131800 0.479900
v 1.376400 -0.134800 0.479300
v 1.359200 -0.162400 0.413800
v 1.342400 -0.189600 0.349600
v 1.363300 -0.531600 -0.029900
v 1.347900 -0.558000 -0.014700
v 1.342200 -0.567700 -0.009200
v 1.418700 -0.636300 -0.084300
v 1.467700 -0.603600 -0.132500
v 1.401300 -0.506100 -0.067300
v 1.378300 -0.131800 0.486400
v 1.381700 -0.500000 -0.048000
v 1.255600 -0.298100 0.434800
v 1.382800 -0.498100 -0.049100
v 1.283900 -0.298100 0.463500
v 1.379600 -0.012700 0.728000
v 1.316700 -0.298100 0.497000
v 1.325300 -0.557000 0.007500
v 1.313000 -0.296400 0.488100
v 1.166300 -0.005300 0.525400
v 1.642400 -0.629700 -0.012500
v 1.440700 0.048800 1.116600
v 1.398500 -0.599300 -0.215700
v 1.398700 -0.600900 -0.210700
v 1.121000 -0.803000 -0.972400
v 1.470100 0.099500 1.087700
v 1.365000 -0.618100 -0.193400
v 1.403500 0.026400 1.112500
v 1.330400 -0.557200 0.002400
v 1.363700 -0.650200 -0.327500
v 1.353900 -0.658300 -0.351300
v 1.326800 -0.637500 -0.174200
v 1.607400 -0.689600 0.021800
v 1.238800 -0.006300 0.562100
v 1.407000 -0.022500 1.030500
v 1.542200 -0.847500 -0.317900
v 1.577200 -0.787500 -0.352300
v 1.411100 -0.198500 0.425200
v 1.351200 -0.662900 -0.348700
v 1.137400 -0.852600 -0.608500
v 1.200200 -0.016800 0.504700
v 1.011300 -0.852600 -0.736900
v 1.691100 -0.540900 0.189200
v 1.656200 -0.600800 0.223500
v 1.517300 -0.844000 -0.280800
v 1.689300 -0.532000 0.147500
v 1.631800 -0.630300 0.203900
v 1.432400 -0.754100 -0.456800
v 1.471400 -0.241700 0.717700
v 1.530500 -0.141300 0.659600
v 1.374100 -0.803000 -0.714900
v 1.401900 -0.139000 0.532000
v 1.286300 -0.951400 -0.628600
v 1.373900 -0.185700 0.643000
v 1.381300 -0.178700 0.629900
v 1.407000 -0.154700 0.584200
v 1.068400 -0.918500 -0.793100
v 1.323700 -0.201100 0.638100
v 1.336200 -0.201000 0.650700
v 1.342700 -0.198500 0.649600
v 1.160100 -0.951400 -0.757000
v 1.335300 -0.931600 -0.634700
v 1.194600 -0.918500 -0.664700
v 1.316500 -0.139200 0.445600
v 1.084700 -0.897500 -0.779600
v 1.154400 -0.923100 -0.751400
v 1.274700 -0.154900 0.450100
v 1.517100 -0.134400 0.622300
v 1.181400 -0.897500 -0.681200
v 1.386300 -0.844400 -0.684800
v 1.040700 -0.847200 -0.736400
v 1.240600 -0.185200 0.505900
v 1.137400 -0.847200 -0.638000
v 1.246600 -0.201100 0.559500
v 1.394700 -0.216100 0.718700
v 1.444000 -0.258700 0.694100
v 1.388300 0.015400 1.004100
v 1.348100 -0.826000 -0.647300
v 1.315100 -0.882400 -0.614900
v 1.344600 -0.157300 0.706300
v 1.330200 -0.163200 0.708300
v 1.259400 -0.670300 -0.602200
v 1.296700 -0.736800 -0.602400
v 1.288300 -0.727100 -0.594200
v 1.268600 0.079300 0.774000
v 1.285200 -0.727100 -0.585500
v 1.366000 -0.662200 -0.391500
v 1.219300 -0.106000 0.656800
v 1.231200 0.069200 0.719600
v 1.223500 -0.123500 0.668800
v 1.033300 -0.951400 -0.886100
v 1.360000 -0.103600 0.771100
v 1.133200 -0.670300 -0.730600
v 1.098700 -0.703200 -0.822900
v 1.253000 -0.689700 -0.553900
v 1.006400 -0.670300 -0.859700
v 1.595400 -0.573400 0.036500
v 1.392100 -0.077100 0.659600
v 1.388600 -0.063500 0.650300
v 1.560100 -0.632400 0.071100
v 1.296000 -0.886300 -0.596100
v 1.294400 -0.886800 -0.595800
v 1.209500 -0.021200 0.832100
v 1.172100 -0.031200 0.777700
v 1.428000 -0.507800 -0.035200
v 1.191300 -0.026700 0.730700
v 1.468800 -0.528600 -0.014500
v 1.419300 -0.511000 -0.034400
v 1.224900 -0.703200 -0.694500
v 1.481900 -0.098700 0.685000
v 1.436200 -0.081600 0.958400
v 1.423100 -0.197800 0.742700
v 1.076000 -0.604400 -0.674400
v 1.367500 -0.147400 0.702700
v 1.368100 -0.146400 0.702100
v 1.112500 -0.723800 -0.807000
v 1.367100 -0.147500 0.702800
v 1.199200 -0.035900 0.723000
v 1.209300 -0.723800 -0.708600
v 1.266600 -0.731400 -0.567200
v 1.270800 -0.730800 -0.571400
v 1.258600 -0.009300 0.830000
v 1.209300 -0.077000 0.736900
v 1.289600 -0.888300 -0.595000
v 1.147300 -0.595200 -0.535500
v 1.166400 -0.601400 -0.520300
v 1.149500 -0.601500 -0.537600
v 1.398000 -0.116600 0.566900
v 1.171600 -0.818700 -0.515900
v 1.232500 -0.823000 -0.539100
v 1.138900 -0.698600 -0.736100
v 1.350700 -0.154800 0.705400
v 1.388600 -0.063400 0.649300
v 1.254300 -0.782700 -0.484400
v 1.233900 -0.814800 -0.535100
v 1.346700 -0.797500 -0.647200
v 1.347100 -0.799000 -0.646400
v 1.329600 -0.164100 0.707600
v 1.293600 0.183800 1.199400
v 1.322400 0.234000 1.171200
v 1.201500 -0.777400 -0.503200
v 1.385300 -0.117000 0.685000
v 1.345200 -0.793500 -0.649500
v 1.397100 -0.097200 0.673500
v 1.270200 0.147700 1.187400
v 1.146400 -0.094800 0.640300
v 1.137200 -0.587500 -0.525600
v 1.168200 -0.598400 -0.513300
v 1.142600 -0.583500 -0.523300
v 1.137200 -0.584600 -0.525600
v 1.107900 -0.105400 0.582800
v 1.329300 0.248200 1.129300
v 1.240900 -0.832800 -0.547400
v 1.455600 -0.554800 0.001300
v 1.393300 -0.081700 0.662800
v 1.404100 -0.516600 -0.033000
v 0.988900 -0.752400 -0.588700
v 1.139200 -0.583300 -0.527500
v 1.045400 -0.818700 -0.644300
v 1.233400 -0.794100 -0.534600
v 1.233100 -0.788100 -0.534300
v 1.480000 -0.732400 -0.351400
v 1.467200 -0.527600 -0.015000
v 1.479500 -0.730200 -0.352200
v 1.479500 -0.730100 -0.352200
v 1.430700 -0.587000 0.018700
v 1.239000 -0.778100 -0.540100
v 1.436300 -0.588200 0.020500
v 1.269300 -0.142100 0.685100
v 1.223900 -0.125100 0.668300
v 1.364500 -0.655500 -0.355500
v 1.186100 -0.637500 -0.317500
v 1.246500 -0.607400 -0.346100
v 1.259700 -0.600900 -0.352100
v 1.419700 -0.510900 -0.034200
v 1.470400 -0.529200 -0.013400
v 1.190200 -0.649400 -0.277600
v 1.190200 -0.649000 -0.278900
v 1.574800 -0.745700 -0.337300
v 1.193100 -0.651100 -0.277500
v 1.190300 -0.649400 -0.277500
v 1.066800 -0.821100 -0.665300
v 1.190400 -0.649700 -0.276800
v 1.295200 -0.592900 -0.339900
v 1.548100 -0.682600 -0.255000
v 1.351000 -0.568000 0.027000
v 1.560600 -0.641700 0.112700
v 1.483200 -0.694400 -0.337600
v 1.480900 -0.718900 -0.347100
v 1.482800 -0.694200 -0.337500
v 1.394300 -0.641800 -0.338000
v 1.394900 -0.641300 -0.336500
v 1.618400 -0.544400 0.055900
v 1.223400 0.164600 1.096000
v 1.242500 -0.186300 0.580900
v 1.139100 -0.652700 -0.320000
v 1.467800 -0.091900 0.646900
v 1.380400 -0.647300 -0.341700
v 1.135600 -0.585700 -0.524000
v 1.176500 -0.585600 -0.482600
v 1.035600 -0.652500 -0.425700
v 1.102000 0.131600 0.915200
v 1.131400 0.182300 0.886300
v 1.301600 -0.085900 0.522900
v 0.968200 -0.664400 -0.515100
v 1.112000 0.220200 0.859200
v 1.235700 -0.167700 0.531500
v 0.987700 -0.700000 -0.587500
v 1.039200 -0.612400 -0.638200
v 1.127100 -0.141000 0.576500
v 1.165600 -0.130500 0.634000
v 1.190500 0.300800 1.079200
v 1.522900 -0.678200 -0.217600
v 0.918600 -0.818700 -0.773400
v 1.320500 -0.113100 0.786000
v 1.254600 -0.298800 0.435800
v 1.400400 -0.696600 -0.346900
v 1.400600 -0.696600 -0.346700
v 1.126400 -0.201000 0.437000
v 1.018900 -0.624500 -0.409300
v 1.418100 -0.336000 0.534500
v 1.020200 -0.634700 -0.410600
v 1.185500 -0.100500 0.379000
v 1.456700 -0.325500 0.592000
v 1.447000 -0.788700 -0.318900
v 1.454400 -0.776100 -0.326300
v 1.264300 0.261900 1.085200
v 1.262200 -0.126200 0.377900
v 1.212500 -0.082700 0.402800
v 1.444900 -0.789400 -0.318100
v 1.451100 -0.347000 0.514700
v 1.444100 -0.789600 -0.317800
v 1.252800 0.215300 1.067100
v 1.436100 -0.586700 0.023400
v 1.470300 -0.527200 -0.010300
v 1.279800 -0.516000 -0.240900
v 1.278500 -0.515200 -0.240800
v 1.163000 0.294400 1.113300
v 1.490700 -0.780800 -0.198600
v 1.133300 0.244700 1.142500
v 1.102300 0.186800 0.790200
v 1.131400 0.200300 1.137300
v 1.222300 -0.614300 -0.184400
v 1.219100 -0.612300 -0.184300
v 1.427100 -0.789500 -0.282400
v 1.439200 -0.789400 -0.306500
v 1.444100 -0.254800 0.453700
v 1.447800 -0.248500 0.450000
v 1.426700 -0.789300 -0.282400
v 1.450400 -0.280700 0.396700
v 1.444400 -0.244600 0.466900
v 1.447300 -0.241700 0.461200
v 1.204900 0.160100 1.143600
v 1.413300 -0.307200 0.484000
v 1.233400 -0.143600 0.354300
v 1.052900 0.119800 0.917200
v 1.410900 -0.277900 0.532200
v 1.306700 -0.170800 0.381400
v 1.374700 -0.318400 0.486200
v 1.374600 -0.318300 0.486300
v 1.273700 -0.181200 0.384000
v 1.270200 -0.182300 0.384200
v 1.042600 0.085900 0.848900
v 1.034300 0.113300 0.814900
v 1.063700 0.164000 0.786000
v 1.487700 -0.737200 -0.183000
v 1.221000 0.023100 0.701600
v 1.370400 -0.317000 0.490600
v 1.409600 -0.308200 0.484200
v 1.373100 -0.710200 -0.334000
v 1.228900 0.013900 0.693900
v 1.353900 -0.658400 -0.351600
v 1.321000 -0.714700 -0.318700
v 1.214600 -0.470900 -0.001500
v 1.351100 -0.663000 -0.348800
v 1.011200 0.211700 0.961000
v 1.339600 -0.682900 -0.337200
v 1.040900 0.261500 0.931900
v 1.081700 0.271500 0.917000
v 1.268300 0.023500 0.678900
v 1.022600 0.171000 0.975000
v 1.076600 -0.526800 -0.466000
v 1.048700 -0.527400 -0.438600
v 1.338200 -0.737000 -0.282800
v 1.083500 -0.526200 -0.472800
v 1.014100 -0.585900 -0.404600
v 1.364600 -0.293400 0.531600
v 1.139400 -0.206900 0.474700
v 1.189100 -0.250400 0.449800
v 1.442300 -0.236900 0.441800
v 1.175000 -0.243600 0.411700
v 1.247700 -0.270800 0.438800
v 1.247800 -0.270800 0.439200
v 1.234000 -0.470700 0.097200
v 1.249200 -0.412300 -0.035500
v 1.293100 -0.403200 -0.047800
v 1.248500 -0.356100 0.326900
v 1.253900 -0.298100 0.433000
v 1.350100 -0.309800 0.489700
v 1.235600 -0.241000 0.417900
v 1.254700 -0.555400 -0.334100
v 1.266200 -0.565900 -0.335600
v 1.256300 -0.553000 -0.328500
v 1.194300 -0.649300 -0.273200
v 1.462600 0.126900 1.054400
v 1.379100 -0.214300 0.598100
v 1.466100 0.077900 0.972500
v 1.477100 -0.072000 0.944900
v 1.506400 -0.021300 0.916000
v 1.418000 0.065200 0.974900
# 438 vertices

g group_2_14528853

usemtl color_14528853
s 0

f 504 	505 	503
f 503 	505 	506
f 509 	503 	508
f 506 	508 	503
f 502 	513 	501
f 509 	508 	514
f 511 	515 	507
f 877 	511 	507
f 510 	501 	513
f 523 	536 	509
f 514 	523 	509
f 506 	514 	508
f 506 	505 	520
f 506 	523 	514
f 520 	526 	506
f 523 	506 	526
f 521 	522 	534
f 528 	644 	537
f 538 	530 	852
f 540 	542 	526
f 523 	533 	526
f 544 	532 	523
f 532 	533 	523
f 540 	526 	533
f 515 	806 	529
f 543 	908 	531
f 547 	549 	550
f 537 	595 	528
f 524 	528 	595
f 802 	812 	553
f 826 	553 	812
f 802 	553 	555
f 548 	545 	554
f 527 	525 	672
f 671 	672 	525
f 525 	535 	671
f 512 	681 	551
f 672 	541 	527
f 524 	595 	531
f 559 	560 	561
f 672 	675 	541
f 743 	543 	528
f 523 	534 	536
f 863 	536 	534
f 534 	523 	526
f 531 	595 	543
f 543 	743 	539
f 531 	528 	543
f 524 	528 	531
f 743 	528 	537
f 727 	726 	537
f 558 	564 	562
f 558 	552 	564
f 563 	565 	567
f 568 	569 	567
f 563 	567 	569
f 569 	814 	563
f 557 	530 	556
f 565 	563 	571
f 672 	571 	563
f 575 	556 	530
f 538 	574 	530
f 570 	825 	537
f 501 	512 	502
f 570 	727 	537
f 574 	575 	530
f 512 	501 	566
f 628 	565 	571
f 575 	554 	556
f 576 	554 	575
f 545 	556 	554
f 571 	862 	578
f 571 	578 	567
f 571 	567 	565
f 862 	794 	578
f 528 	756 	537
f 580 	581 	546
f 832 	543 	539
f 582 	544 	536
f 523 	536 	544
f 543 	832 	531
f 585 	586 	533
f 577 	580 	546
f 587 	899 	588
f 581 	580 	612
f 519 	746 	590
f 580 	577 	608
f 565 	572 	533
f 540 	533 	572
f 571 	565 	533
f 586 	571 	533
f 554 	584 	548
f 584 	583 	548
f 746 	592 	590
f 598 	856 	593
f 532 	596 	597
f 532 	597 	599
f 532 	599 	600
f 532 	600 	585
f 532 	585 	533
f 601 	856 	598
f 588 	595 	587
f 589 	595 	588
f 602 	596 	582
f 544 	582 	596
f 544 	596 	532
f 593 	603 	598
f 601 	598 	603
f 587 	595 	591
f 595 	774 	592
f 588 	743 	587
f 606 	593 	594
f 601 	598 	606
f 598 	593 	606
f 584 	583 	536
f 614 	610 	917
f 917 	615 	614
f 807 	605 	535
f 616 	610 	614
f 589 	743 	588
f 924 	613 	526
f 523 	526 	613
f 536 	523 	613
f 536 	613 	617
f 617 	666 	536
f 590 	592 	774
f 519 	590 	774
f 613 	622 	617
f 621 	609 	619
f 611 	609 	621
f 609 	610 	619
f 618 	619 	610
f 618 	610 	614
f 615 	921 	618
f 614 	615 	618
f 937 	620 	517
f 591 	595 	592
f 540 	572 	607
f 540 	607 	542
f 587 	743 	591
f 627 	928 	625
f 618 	928 	627
f 606 	625 	928
f 607 	572 	547
f 572 	565 	547
f 565 	628 	547
f 592 	743 	590
f 519 	590 	743
f 592 	591 	743
f 631 	632 	603
f 631 	603 	593
f 626 	612 	580
f 635 	636 	634
f 633 	634 	636
f 637 	638 	636
f 633 	636 	638
f 620 	644 	517
f 639 	629 	630
f 589 	539 	595
f 539 	543 	595
f 608 	626 	580
f 616 	641 	643
f 645 	610 	643
f 616 	643 	610
f 566 	653 	546
f 675 	624 	541
f 610 	645 	647
f 610 	647 	614
f 566 	546 	679
f 539 	743 	589
f 521 	534 	504
f 505 	504 	534
f 526 	520 	505
f 526 	505 	534
f 578 	579 	646
f 841 	651 	652
f 567 	578 	568
f 646 	568 	578
f 657 	646 	579
f 658 	659 	559
f 658 	559 	561
f 546 	653 	577
f 871 	894 	573
f 719 	512 	551
f 634 	633 	657
f 579 	657 	633
f 719 	502 	512
f 566 	501 	653
f 567 	640 	607
f 633 	640 	578
f 579 	633 	578
f 567 	578 	640
f 542 	607 	640
f 640 	642 	542
f 542 	642 	521
f 542 	521 	534
f 542 	534 	526
f 614 	927 	615
f 527 	664 	665
f 632 	666 	617
f 631 	666 	632
f 584 	536 	666
f 659 	658 	667
f 631 	562 	666
f 561 	560 	667
f 561 	667 	658
f 631 	593 	598
f 631 	598 	666
f 584 	666 	564
f 655 	894 	652
f 583 	584 	666
f 598 	601 	666
f 601 	886 	666
f 583 	666 	886
f 527 	541 	664
f 584 	554 	666
f 576 	639 	554
f 666 	554 	630
f 630 	554 	639
f 631 	666 	630
f 541 	673 	664
f 674 	671 	535
f 648 	595 	669
f 595 	662 	669
f 535 	605 	674
f 552 	623 	859
f 624 	673 	541
f 539 	589 	832
f 588 	587 	832
f 695 	832 	587
f 589 	588 	832
f 546 	581 	679
f 583 	886 	889
f 545 	548 	889
f 583 	889 	548
f 605 	821 	674
f 670 	719 	685
f 680 	574 	684
f 683 	684 	574
f 575 	574 	680
f 574 	686 	683
f 686 	688 	683
f 687 	688 	686
f 682 	683 	688
f 551 	681 	691
f 678 	677 	623
f 685 	551 	689
f 538 	611 	574
f 621 	574 	611
f 512 	690 	681
f 623 	552 	678
f 551 	691 	689
f 594 	629 	692
f 575 	692 	629
f 575 	629 	639
f 575 	639 	576
f 730 	681 	729
f 594 	692 	606
f 695 	606 	692
f 618 	627 	619
f 698 	566 	679
f 656 	663 	739
f 695 	625 	606
f 698 	679 	710
f 693 	699 	685
f 627 	625 	700
f 698 	690 	512
f 699 	670 	685
f 702 	621 	619
f 698 	512 	566
f 822 	705 	663
f 852 	704 	703
f 729 	690 	707
f 690 	698 	707
f 706 	707 	698
f 677 	704 	623
f 592 	835 	591
f 591 	835 	587
f 704 	677 	740
f 693 	685 	689
f 852 	623 	704
f 694 	693 	689
f 703 	704 	740
f 691 	701 	697
f 691 	668 	701
f 697 	694 	689
f 712 	714 	715
f 738 	678 	696
f 689 	691 	697
f 696 	552 	558
f 751 	716 	718
f 751 	663 	705
f 551 	685 	719
f 552 	696 	678
f 596 	672 	671
f 518 	774 	716
f 723 	714 	710
f 719 	513 	502
f 519 	743 	518
f 711 	710 	712
f 724 	741 	722
f 712 	710 	714
f 649 	821 	605
f 577 	653 	722
f 709 	718 	708
f 743 	742 	718
f 716 	743 	718
f 716 	518 	743
f 722 	653 	724
f 726 	727 	644
f 649 	661 	725
f 668 	691 	681
f 570 	644 	761
f 608 	577 	722
f 690 	729 	681
f 653 	501 	724
f 661 	728 	725
f 858 	730 	729
f 707 	853 	729
f 749 	748 	715
f 726 	783 	537
f 735 	782 	733
f 709 	708 	843
f 731 	732 	734
f 678 	738 	677
f 705 	746 	751
f 737 	721 	741
f 737 	741 	710
f 738 	740 	677
f 656 	739 	650
f 721 	722 	741
f 720 	742 	743
f 743 	770 	720
f 620 	720 	770
f 626 	608 	744
f 744 	759 	626
f 688 	760 	682
f 720 	745 	742
f 612 	626 	747
f 748 	749 	723
f 714 	723 	749
f 620 	770 	772
f 747 	626 	759
f 714 	749 	715
f 900 	715 	748
f 737 	581 	612
f 831 	830 	604
f 721 	747 	759
f 769 	795 	723
f 737 	612 	747
f 730 	752 	681
f 721 	737 	747
f 731 	734 	750
f 753 	754 	755
f 858 	860 	730
f 604 	750 	734
f 744 	608 	722
f 620 	783 	644
f 726 	644 	783
f 684 	756 	680
f 721 	744 	722
f 766 	709 	843
f 708 	760 	843
f 720 	843 	760
f 746 	716 	751
f 737 	679 	581
f 738 	825 	727
f 760 	745 	720
f 663 	751 	843
f 663 	843 	739
f 762 	763 	758
f 727 	761 	644
f 721 	759 	744
f 765 	698 	764
f 710 	771 	698
f 743 	742 	740
f 765 	706 	698
f 727 	761 	726
f 756 	726 	761
f 742 	745 	740
f 788 	763 	762
f 724 	501 	510
f 760 	740 	745
f 788 	762 	789
f 901 	789 	762
f 790 	706 	676
f 709 	766 	703
f 745 	718 	742
f 510 	837 	724
f 905 	795 	901
f 903 	795 	905
f 764 	676 	765
f 760 	708 	740
f 709 	740 	708
f 676 	706 	765
f 769 	681 	758
f 837 	741 	724
f 760 	718 	745
f 708 	718 	760
f 737 	710 	679
f 688 	687 	766
f 709 	708 	766
f 688 	766 	708
f 763 	769 	758
f 764 	698 	771
f 771 	710 	711
f 654 	780 	768
f 710 	741 	837
f 775 	776 	777
f 775 	777 	778
f 648 	779 	595
f 771 	816 	676
f 764 	771 	676
f 710 	837 	723
f 774 	595 	779
f 650 	654 	768
f 758 	681 	781
f 752 	781 	681
f 838 	774 	779
f 768 	767 	650
f 735 	725 	782
f 728 	782 	725
f 736 	733 	782
f 736 	782 	784
f 620 	772 	783
f 668 	757 	785
f 753 	786 	777
f 776 	754 	777
f 753 	777 	754
f 650 	773 	656
f 757 	681 	769
f 668 	681 	757
f 767 	773 	650
f 754 	776 	775
f 754 	775 	755
f 787 	668 	785
f 738 	772 	770
f 743 	740 	770
f 738 	770 	740
f 787 	785 	670
f 821 	649 	725
f 525 	527 	665
f 769 	763 	788
f 769 	788 	789
f 789 	795 	769
f 772 	738 	783
f 727 	726 	738
f 783 	738 	726
f 706 	790 	854
f 733 	791 	735
f 787 	670 	699
f 792 	790 	676
f 817 	676 	816
f 676 	793 	792
f 634 	794 	635
f 703 	839 	852
f 771 	711 	818
f 771 	818 	816
f 748 	723 	795
f 819 	818 	712
f 789 	901 	795
f 728 	796 	782
f 670 	785 	842
f 852 	839 	538
f 711 	712 	818
f 819 	712 	715
f 795 	903 	748
f 900 	748 	903
f 797 	751 	798
f 799 	553 	715
f 553 	826 	715
f 881 	663 	656
f 751 	718 	798
f 693 	694 	810
f 694 	697 	810
f 656 	773 	881
f 766 	797 	703
f 797 	798 	703
f 728 	794 	796
f 664 	854 	665
f 854 	790 	665
f 693 	810 	699
f 784 	782 	803
f 791 	803 	782
f 791 	782 	804
f 792 	793 	665
f 790 	792 	665
f 815 	624 	675
f 511 	805 	806
f 515 	511 	806
f 525 	665 	535
f 766 	797 	709
f 718 	709 	797
f 718 	797 	798
f 661 	815 	728
f 805 	511 	808
f 701 	668 	787
f 657 	635 	794
f 808 	809 	805
f 537 	644 	570
f 665 	807 	535
f 800 	529 	806
f 761 	825 	570
f 809 	808 	811
f 665 	817 	807
f 761 	727 	570
f 728 	814 	794
f 825 	662 	595
f 813 	605 	807
f 604 	713 	831
f 646 	657 	569
f 814 	569 	657
f 794 	814 	657
f 797 	766 	687
f 797 	687 	686
f 929 	820 	930
f 830 	731 	750
f 823 	797 	574
f 686 	574 	797
f 797 	823 	798
f 794 	634 	657
f 756 	528 	832
f 524 	832 	528
f 815 	661 	624
f 813 	649 	605
f 570 	537 	756
f 761 	570 	756
f 793 	676 	817
f 728 	815 	814
f 823 	835 	518
f 716 	823 	518
f 573 	660 	636
f 718 	798 	716
f 823 	716 	798
f 818 	819 	820
f 651 	637 	652
f 637 	636 	652
f 594 	856 	669
f 629 	594 	669
f 660 	655 	636
f 648 	847 	779
f 629 	669 	662
f 847 	648 	851
f 610 	609 	917
f 655 	652 	636
f 733 	522 	791
f 786 	778 	777
f 822 	663 	881
f 538 	839 	611
f 839 	838 	611
f 609 	611 	838
f 770 	537 	783
f 743 	537 	770
f 772 	770 	783
f 828 	801 	800
f 824 	828 	800
f 825 	696 	558
f 725 	735 	503
f 827 	828 	829
f 738 	696 	825
f 803 	791 	522
f 869 	834 	713
f 819 	715 	826
f 819 	826 	820
f 717 	869 	713
f 824 	829 	828
f 810 	697 	701
f 665 	793 	817
f 717 	893 	869
f 787 	699 	810
f 828 	812 	802
f 801 	828 	802
f 806 	805 	824
f 806 	824 	800
f 823 	574 	621
f 702 	823 	621
f 824 	805 	811
f 809 	811 	805
f 701 	787 	810
f 692 	575 	832
f 680 	756 	832
f 575 	680 	832
f 692 	832 	695
f 817 	816 	807
f 524 	531 	832
f 627 	700 	835
f 818 	820 	807
f 816 	818 	807
f 884 	830 	822
f 619 	835 	702
f 823 	702 	835
f 627 	835 	619
f 590 	519 	835
f 519 	518 	835
f 700 	625 	835
f 929 	807 	820
f 769 	836 	757
f 835 	592 	590
f 826 	930 	820
f 742 	743 	683
f 770 	683 	743
f 785 	836 	842
f 695 	587 	625
f 625 	587 	835
f 813 	841 	649
f 760 	745 	682
f 785 	757 	836
f 931 	813 	929
f 684 	683 	770
f 684 	770 	772
f 761 	727 	825
f 595 	537 	825
f 718 	716 	774
f 518 	519 	774
f 831 	822 	830
f 756 	684 	783
f 772 	783 	684
f 807 	929 	813
f 750 	604 	830
f 756 	783 	726
f 709 	703 	740
f 513 	836 	510
f 837 	510 	836
f 688 	708 	760
f 769 	723 	836
f 837 	836 	723
f 774 	838 	839
f 742 	682 	745
f 842 	719 	670
f 798 	774 	703
f 718 	774 	798
f 842 	513 	719
f 739 	843 	720
f 839 	703 	774
f 836 	513 	842
f 641 	616 	844
f 622 	603 	632
f 766 	843 	797
f 751 	797 	843
f 622 	632 	617
f 848 	833 	516
f 845 	846 	555
f 553 	799 	555
f 845 	555 	799
f 850 	516 	833
f 833 	848 	850
f 902 	516 	550
f 853 	707 	854
f 706 	854 	707
f 857 	669 	856
f 858 	729 	853
f 516 	607 	550
f 547 	550 	607
f 752 	730 	860
f 874 	752 	860
f 849 	859 	852
f 623 	852 	859
f 856 	883 	857
f 648 	669 	857
f 912 	758 	877
f 780 	855 	840
f 593 	856 	594
f 780 	933 	855
f 781 	752 	877
f 873 	877 	752
f 834 	831 	713
f 860 	858 	664
f 664 	853 	854
f 796 	862 	782
f 804 	782 	863
f 853 	664 	858
f 815 	563 	814
f 705 	822 	861
f 664 	673 	874
f 864 	813 	931
f 861 	822 	831
f 841 	813 	864
f 767 	768 	866
f 874 	860 	664
f 651 	841 	864
f 651 	864 	865
f 768 	780 	866
f 804 	863 	791
f 522 	791 	863
f 522 	863 	534
f 767 	866 	868
f 867 	673 	624
f 637 	651 	638
f 868 	870 	773
f 732 	731 	891
f 773 	767 	868
f 865 	638 	651
f 840 	866 	780
f 796 	794 	862
f 657 	579 	794
f 579 	578 	794
f 638 	733 	736
f 638 	736 	784
f 638 	784 	633
f 932 	871 	872
f 784 	803 	736
f 646 	569 	568
f 906 	904 	866
f 661 	867 	624
f 859 	564 	552
f 736 	642 	784
f 640 	784 	642
f 873 	752 	874
f 876 	564 	875
f 859 	875 	564
f 781 	877 	758
f 803 	521 	736
f 633 	784 	640
f 872 	871 	573
f 638 	521 	733
f 912 	762 	758
f 876 	875 	878
f 673 	873 	874
f 821 	725 	503
f 873 	673 	877
f 636 	635 	573
f 872 	573 	635
f 511 	877 	673
f 876 	875 	880
f 879 	880 	875
f 522 	733 	521
f 638 	865 	521
f 791 	503 	735
f 779 	847 	916
f 504 	503 	521
f 773 	870 	881
f 522 	521 	503
f 522 	503 	791
f 875 	859 	882
f 857 	851 	648
f 522 	521 	803
f 642 	736 	521
f 857 	883 	851
f 674 	821 	509
f 884 	881 	870
f 879 	875 	882
f 879 	882 	885
f 822 	881 	884
f 856 	601 	886
f 883 	856 	886
f 927 	859 	849
f 731 	830 	884
f 585 	586 	672
f 599 	600 	672
f 596 	597 	672
f 919 	851 	883
f 889 	890 	883
f 597 	599 	672
f 886 	889 	883
f 932 	511 	867
f 596 	671 	602
f 622 	613 	603
f 932 	867 	871
f 891 	731 	884
f 875 	597 	878
f 867 	661 	894
f 871 	867 	894
f 891 	884 	909
f 673 	867 	511
f 613 	924 	889
f 596 	878 	597
f 602 	878 	596
f 516 	902 	848
f 596 	782 	597
f 906 	893 	892
f 894 	649 	841
f 862 	597 	782
f 863 	782 	596
f 863 	596 	602
f 894 	661 	649
f 579 	578 	872
f 635 	657 	872
f 657 	579 	872
f 660 	573 	894
f 891 	909 	892
f 893 	717 	895
f 604 	895 	713
f 894 	655 	660
f 888 	887 	859
f 927 	896 	859
f 888 	859 	896
f 895 	717 	713
f 859 	887 	897
f 882 	859 	897
f 892 	732 	891
f 585 	672 	600
f 841 	652 	894
f 892 	734 	732
f 895 	604 	734
f 846 	845 	898
f 600 	599 	882
f 799 	715 	900
f 893 	734 	892
f 734 	893 	895
f 515 	529 	762
f 901 	762 	529
f 868 	866 	904
f 599 	597 	882
f 875 	882 	597
f 898 	845 	799
f 898 	799 	900
f 898 	900 	903
f 898 	903 	905
f 597 	862 	599
f 907 	906 	866
f 840 	907 	866
f 529 	800 	901
f 905 	901 	801
f 600 	599 	862
f 800 	801 	901
f 868 	904 	909
f 528 	524 	908
f 534 	865 	924
f 521 	865 	534
f 563 	815 	675
f 892 	904 	906
f 559 	659 	802
f 802 	555 	559
f 892 	909 	904
f 924 	526 	534
f 644 	528 	908
f 909 	870 	868
f 586 	571 	672
f 560 	559 	555
f 846 	898 	555
f 589 	899 	539
f 589 	588 	899
f 543 	539 	899
f 516 	578 	567
f 516 	567 	607
f 659 	667 	802
f 667 	905 	802
f 801 	802 	905
f 587 	591 	899
f 675 	672 	563
f 899 	908 	543
f 524 	531 	908
f 585 	600 	628
f 516 	872 	578
f 519 	518 	746
f 716 	746 	518
f 560 	555 	667
f 667 	555 	898
f 905 	667 	898
f 571 	586 	628
f 586 	585 	628
f 882 	628 	600
f 507 	912 	877
f 600 	862 	585
f 899 	591 	592
f 893 	906 	907
f 571 	586 	862
f 586 	585 	862
f 829 	824 	850
f 912 	515 	762
f 507 	515 	912
f 592 	746 	899
f 603 	613 	886
f 603 	886 	601
f 893 	907 	869
f 896 	628 	888
f 887 	888 	628
f 882 	897 	628
f 886 	613 	889
f 821 	503 	509
f 887 	628 	897
f 828 	827 	913
f 888 	885 	887
f 890 	889 	606
f 889 	886 	606
f 601 	606 	886
f 884 	870 	909
f 674 	509 	671
f 516 	850 	824
f 834 	869 	907
f 882 	897 	885
f 897 	887 	885
f 896 	885 	888
f 915 	885 	896
f 838 	916 	917
f 536 	671 	509
f 582 	671 	536
f 834 	907 	840
f 838 	917 	609
f 582 	602 	671
f 536 	878 	582
f 855 	834 	840
f 548 	878 	583
f 548 	918 	878
f 876 	878 	918
f 536 	583 	878
f 917 	919 	920
f 917 	920 	921
f 615 	917 	921
f 602 	582 	878
f 834 	855 	861
f 876 	880 	918
f 916 	847 	919
f 861 	831 	834
f 582 	863 	602
f 536 	863 	582
f 547 	922 	549
f 847 	851 	919
f 890 	889 	924
f 923 	890 	924
f 916 	919 	917
f 928 	902 	925
f 926 	920 	925
f 916 	838 	779
f 925 	643 	641
f 925 	641 	926
f 932 	872 	811
f 811 	872 	824
f 645 	849 	557
f 922 	547 	628
f 643 	628 	647
f 927 	647 	628
f 925 	628 	643
f 922 	628 	925
f 849 	645 	927
f 647 	927 	645
f 550 	922 	902
f 549 	922 	550
f 922 	925 	902
f 614 	647 	927
f 883 	890 	928
f 920 	919 	928
f 883 	928 	919
f 628 	896 	927
f 911 	914 	923
f 616 	926 	844
f 887 	920 	927
f 896 	888 	927
f 888 	887 	927
f 929 	930 	828
f 812 	828 	930
f 647 	556 	927
f 896 	927 	556
f 896 	556 	915
f 897 	889 	887
f 616 	920 	926
f 614 	615 	616
f 826 	812 	930
f 875 	545 	882
f 918 	545 	876
f 875 	876 	545
f 545 	889 	882
f 897 	882 	889
f 928 	925 	920
f 921 	920 	616
f 615 	921 	616
f 915 	545 	885
f 918 	880 	545
f 879 	545 	880
f 879 	885 	545
f 556 	545 	915
f 910 	911 	923
f 921 	920 	618
f 928 	618 	920
f 902 	923 	914
f 923 	924 	910
f 913 	910 	924
f 647 	645 	643
f 645 	557 	556
f 645 	556 	647
f 844 	926 	641
f 902 	928 	923
f 902 	914 	848
f 662 	825 	558
f 890 	923 	928
f 630 	629 	558
f 865 	864 	931
f 931 	828 	865
f 929 	828 	931
f 924 	865 	828
f 606 	928 	890
f 828 	913 	924
f 808 	511 	932
f 921 	927 	920
f 615 	927 	921
f 811 	808 	932
f 516 	824 	872
f 755 	775 	753
f 786 	753 	775
f 786 	775 	778
f 889 	890 	928
f 889 	928 	920
f 889 	920 	887
f 827 	829 	850
f 827 	850 	848
f 827 	848 	914
f 911 	910 	914
f 827 	914 	910
f 827 	910 	913
f 654 	933 	780
f 584 	564 	583
f 548 	564 	918
f 876 	918 	564
f 564 	548 	583
f 683 	934 	742
f 742 	934 	682
f 682 	934 	683
f 855 	933 	935
f 562 	631 	630
f 938 	861 	935
f 562 	630 	558
f 564 	666 	562
f 935 	861 	855
f 662 	558 	629
f 650 	936 	937
f 654 	650 	937
f 650 	739 	936
f 530 	849 	852
f 557 	849 	530
f 517 	935 	933
f 517 	644 	935
f 908 	935 	644
f 720 	936 	739
f 720 	620 	936
f 937 	936 	620
f 938 	705 	861
f 899 	746 	938
f 705 	938 	746
f 935 	908 	938
f 938 	908 	899
f 654 	937 	517
f 517 	933 	654
# 1032 faces

 #end of obj_2

o obj_3
v -0.012100 -0.859500 -2.145900
v -0.075100 -0.901600 -2.084000
v -0.036100 -0.835600 -2.122400
v -0.013700 -0.854800 -2.144300
v 0.756700 -0.359400 -0.572700
v 1.326600 -0.859500 -0.783600
v 1.153300 -0.859500 -0.959900
v 1.151600 -0.818900 -0.934000
v 1.295300 -0.818900 -0.787800
v 1.325000 -0.854800 -0.782000
v 0.432800 -0.401400 -1.035200
v 0.433500 -0.427300 -1.033200
v 0.765100 -0.354500 -0.601900
v -0.008400 -0.818900 -2.114500
v 0.135300 -0.818900 -1.968300
v 0.161200 -0.859500 -1.969500
v 0.771000 -0.388300 -0.581100
v 1.302700 -0.835600 -0.760100
v 1.263600 -0.901600 -0.721700
v 1.085300 -0.930800 -0.868900
v 1.085300 -0.930500 -0.869700
v 1.229000 -0.930800 -0.722700
v 0.069000 -0.930800 -1.903200
v 0.069800 -0.930500 -1.903100
v 0.757300 -0.423700 -0.598500
v 0.771000 -0.388300 -0.581100
v -0.074700 -0.930800 -2.049400
v 0.062600 -0.520000 -1.557500
v 0.101200 -0.920500 -1.901300
v 0.100700 -0.920800 -1.900800
v 1.211100 -0.919600 -0.721400
v -0.124900 -0.201100 -1.200900
v 1.079800 -0.924900 -0.865600
v 0.202700 -0.350100 -1.180700
v 0.383700 -0.493700 -1.200100
v 0.328900 -0.497400 -0.787400
v 1.074200 -0.919300 -0.861500
v 0.255700 -0.528100 -0.915900
v -0.340200 -0.272400 -1.123900
v 0.052400 -0.493200 -1.568600
v 1.074200 -0.919100 -0.862300
v 0.123500 -0.350100 -1.261300
v -0.029900 -0.497400 -1.152600
v 0.334900 -0.528100 -0.835300
v 0.327400 -0.579400 -0.931700
v -0.057300 -0.529000 -1.235100
v 1.250900 -0.909600 -0.710900
v 1.250400 -0.909700 -0.710900
v 1.217300 -0.919600 -0.715100
v -0.331300 -0.297900 -1.111600
v 1.072400 -0.909600 -0.892500
v 1.148900 -0.860900 -0.960400
v 0.244500 -0.307600 -1.063400
v -0.341700 -0.341800 -1.199500
v 0.225900 -0.317800 -1.045100
v 0.361100 -0.350100 -1.019500
v -0.047500 -0.661900 -1.470400
v -0.018100 -0.657000 -1.478300
v 0.185500 -0.360400 -1.161000
v 0.257900 -0.501400 -0.920900
v 0.776400 -0.391100 -0.620100
v 0.440300 -0.350100 -0.938900
v -0.234200 -0.352800 -1.110300
v 0.765500 -0.419800 -0.631700
v 0.065900 -0.332900 -1.235500
v 0.329600 -0.473900 -0.800700
v 0.107700 -0.360400 -1.240100
v 0.434300 -0.319500 -0.891000
v 0.969500 -0.516200 -0.543400
v -0.210300 -0.493300 -1.328600
v 0.022800 -0.573600 -1.278700
v 0.972400 -0.509500 -0.577100
v -0.180400 -0.491400 -1.309000
v -0.149500 -0.491400 -1.277600
v 0.296900 -0.640400 -1.114800
v 0.279000 -0.645700 -1.097200
v -0.155000 -0.493300 -1.272300
v 0.335700 -0.501400 -0.841700
v 0.131500 -0.573600 -1.168200
v 0.086000 -0.389900 -1.353100
v 0.086200 -0.390900 -1.353400
v 0.341100 -0.360400 -1.002600
v 0.113900 -0.401400 -1.359800
v -0.232900 -0.359400 -1.579800
v 0.850100 -0.693200 -0.695300
v 0.091500 -0.413900 -1.358200
v -0.224300 -0.388300 -1.593900
v -0.203500 -0.354500 -1.587600
v 0.109000 -0.427300 -1.363400
v 0.700500 -0.506400 -0.511800
v 0.412900 -0.332900 -0.882500
v -0.207100 -0.423700 -1.579900
v 0.092600 -0.417300 -1.357800
v 0.094400 -0.423200 -1.357100
v 0.916400 -0.581400 -0.760400
v 0.852300 -0.686600 -0.729700
v 0.675200 -0.495900 -0.492500
v 0.418900 -0.360400 -0.923500
v 0.665300 -0.523200 -0.503800
v -0.086100 -0.909600 -2.071500
v 0.899000 -0.607700 -0.775500
v 0.710600 -0.502600 -0.552600
v -0.086100 -0.909700 -2.070900
v -0.082500 -0.919600 -2.037800
v -0.076300 -0.919600 -2.031500
v -0.104900 -0.315300 -1.432200
v 0.061400 -0.919300 -1.892200
v -0.148100 -0.452600 -1.194900
v 0.757200 -0.502200 -0.784800
v 0.474600 -0.274600 -0.772100
v -0.080700 -0.322500 -1.406900
v -0.049800 -0.322700 -1.375600
v 0.017600 -0.347700 -1.349900
v 0.044700 -0.357900 -1.339700
v 0.161500 -0.860900 -1.965100
v 0.048100 -0.351000 -1.338600
v 0.062200 -0.919100 -1.892100
v 0.092800 -0.909300 -1.890300
v 0.565700 -0.272300 -0.660000
v 0.566000 -0.272100 -0.661200
v -0.108700 -0.693200 -1.671000
v 0.746500 -0.531300 -0.798100
v -0.049600 -0.315300 -1.375800
v 0.765800 -0.497800 -0.815700
v 0.690900 -0.537000 -0.536000
v -0.185200 -0.391100 -1.598700
v -0.173700 -0.419800 -1.587500
v -0.042400 -0.581400 -1.736100
v 0.075500 -0.319500 -1.256200
v -0.027600 -0.607700 -1.718400
v 0.756600 -0.527500 -0.838900
v 0.699200 -0.531700 -0.566600
v 0.510500 -0.491400 -0.606000
v 0.501800 -0.493300 -0.603900
v -0.074300 -0.686600 -1.672600
v 0.570900 -0.277700 -0.666000
v 0.486900 -0.491400 -0.630000
v -0.131400 -0.430400 -1.194400
v 0.451900 -0.491400 -0.665700
v 0.446400 -0.493300 -0.660300
v 0.060700 -0.122500 -0.882700
v -0.108200 -0.322500 -1.435000
v -0.059200 -0.126200 -1.010300
v -0.007700 -0.531300 -1.565600
v 0.430500 -0.555400 -0.798900
v 0.427400 -0.516000 -0.733600
v 0.078300 -0.116300 -0.900000
v 0.417600 -0.526000 -0.760900
v -0.041500 -0.119900 -1.027600
v 0.433000 -0.555800 -0.801300
v 0.010200 -0.497800 -1.584600
v 0.033300 -0.527500 -1.575000
v 0.471800 -0.411600 -0.553500
v 0.452200 -0.289500 -0.767000
v 0.410900 -0.529000 -0.758600
v 0.433200 -0.579400 -0.824000
v -0.020800 -0.502200 -1.576500
v -0.294800 -0.506400 -1.524600
v -0.042700 -0.274600 -1.298500
v -0.314500 -0.495900 -1.499600
v 0.449400 -0.558100 -0.817500
v 0.468400 -0.435700 -0.560800
v 0.922900 -0.595000 -0.497600
v 0.906100 -0.621400 -0.512000
v 0.473700 -0.422200 -0.555300
v -0.026100 -0.269200 -0.797400
v 0.292400 -0.342100 -0.609800
v 0.451100 -0.557900 -0.820600
v -0.303400 -0.523200 -1.489500
v -0.145300 -0.272400 -0.925600
v 0.453800 -0.557600 -0.825500
v -0.253800 -0.502600 -1.534000
v 0.469400 -0.531300 -0.840800
v 0.476900 -0.180200 -0.558400
v 0.390700 -0.326400 -0.473800
v 0.114300 -0.579400 -1.148500
v 0.537300 -0.300300 -0.617800
v 0.552600 -0.274700 -0.632800
v -0.027100 -0.294200 -0.796400
v 0.699800 -0.610100 -0.752200
v -0.146900 -0.297900 -0.924000
v 0.680000 -0.642700 -0.731400
v 0.686400 -0.646400 -0.770000
v 0.381000 -0.126200 -0.562400
v 0.690900 -0.614100 -0.719700
v 0.388100 -0.119900 -0.590400
v 0.560000 -0.275400 -0.640100
v 0.564400 -0.273000 -0.655700
v 0.097300 -0.528100 -1.077100
v 0.018100 -0.528100 -1.157700
v 0.475800 -0.163900 -0.578400
v -0.270700 -0.537000 -1.514600
v -0.240000 -0.531700 -1.522400
v 0.387800 -0.175300 -0.686800
v -0.048200 -0.289500 -1.276200
v 0.530300 -0.387300 -0.896400
v 0.531000 -0.389800 -0.896900
v -0.258500 -0.516200 -1.793000
v 0.102300 -0.501400 -1.079200
v -0.224800 -0.509500 -1.795300
v -0.208100 -0.342100 -1.119100
v 0.538600 -0.401400 -0.927500
v 0.739600 -0.520000 -0.868500
v 0.375600 -0.201100 -0.691600
v 0.750500 -0.493200 -0.858200
v 0.535600 -0.411300 -0.901800
v 0.024500 -0.501400 -1.158400
v 0.542200 -0.427300 -0.922600
v -0.208100 -0.491400 -1.337200
v -0.305100 -0.595000 -1.747200
v 0.535100 -0.415300 -0.903100
v 0.294800 -0.272400 -0.477700
v -0.291000 -0.621400 -1.730200
v 0.534500 -0.420700 -0.904700
v 0.139100 -0.485500 -0.959800
v 0.282700 -0.297900 -0.486800
v 0.142700 -0.458800 -0.963300
v 0.466500 -0.440900 -0.562900
v 0.466700 -0.440500 -0.562800
v 0.370400 -0.341800 -0.474900
v 0.650600 -0.661900 -0.760000
v 0.659000 -0.657000 -0.789300
v -0.259000 -0.414300 -1.301800
v -0.087100 -0.614100 -1.511400
v 0.468200 -0.442900 -0.564600
v -0.054400 -0.610100 -1.519700
v -0.257100 -0.424900 -1.303700
v -0.075600 -0.642700 -1.500200
v 0.609900 -0.322500 -0.704200
v -0.252000 -0.437700 -1.298600
v 0.283100 -0.352800 -0.583900
v 0.607200 -0.315300 -0.707500
v 0.456000 -0.573600 -0.837900
v -0.017300 -0.473900 -1.153800
v -0.036900 -0.646400 -1.506000
v -0.249600 -0.443700 -1.296400
v 0.347300 -0.573600 -0.948500
v 0.369200 -0.452600 -0.668500
v 0.586600 -0.322500 -0.728000
v 0.517400 -0.357900 -0.858700
v 0.527100 -0.347700 -0.831300
v 0.551500 -0.322700 -0.763600
v 0.516300 -0.351000 -0.862200
v -0.054900 -0.526000 -1.241700
v -0.082000 -0.516000 -1.251900
v -0.013300 -0.558000 -1.254900
v 0.551800 -0.315300 -0.763900
v 0.186200 -0.126200 -0.760600
v 0.100000 -0.272400 -0.676000
v -0.256300 -0.180200 -1.304500
v -0.342400 -0.326400 -1.219800
v -0.011900 -0.558200 -1.256400
v -0.254000 -0.126200 -1.208600
v 0.008500 -0.579400 -1.256200
v -0.195600 -0.306600 -1.364100
v -0.225900 -0.119900 -1.215200
v 0.098400 -0.297900 -0.674400
v 0.384400 -0.467800 -1.200800
v 0.771000 -0.388300 -0.581000
v 0.005600 -0.560600 -1.273500
v 0.217600 -0.427300 -1.252800
v 0.771000 -0.388300 -0.581100
v 0.203800 -0.119900 -0.778000
v -0.236300 -0.163900 -1.303100
v -0.178200 -0.277400 -1.381200
v 0.013700 -0.560200 -1.277800
v 0.008200 -0.560500 -1.274900
v 0.369000 -0.430400 -0.685200
v -0.170800 -0.278100 -1.388500
v 0.219700 -0.401400 -1.252100
v -0.149600 -0.274800 -1.394100
v -0.150200 -0.274900 -1.394000
v -0.156000 -0.275900 -1.392500
v 0.025200 -0.540700 -1.289100
v -0.129400 -0.175300 -1.213200
v -0.147100 -0.277700 -1.396600
v 0.065600 -0.924900 -1.897600
# 277 vertices

g group_3_9772161

usemtl color_9772161
s 0

f 941 	942 	940
f 939 	940 	942
f 946 	947 	945
f 947 	948 	945
f 944 	945 	948
f 953 	954 	952
f 942 	952 	954
f 942 	954 	939
f 948 	956 	957
f 948 	957 	944
f 958 	959 	960
f 968 	961 	962
f 1040 	963 	964
f 962 	961 	965
f 967 	968 	962
f 969 	958 	960
f 979 	971 	1023
f 958 	1023 	971
f 963 	999 	964
f 958 	971 	959
f 971 	969 	959
f 975 	969 	971
f 960 	959 	969
f 975 	971 	979
f 982 	976 	983
f 972 	1208 	980
f 957 	985 	986
f 957 	986 	987
f 957 	987 	969
f 957 	969 	975
f 957 	975 	979
f 957 	979 	989
f 957 	989 	990
f 957 	990 	945
f 957 	945 	944
f 1119 	1108 	988
f 977 	988 	1108
f 976 	1014 	983
f 956 	1007 	957
f 948 	947 	956
f 992 	988 	977
f 976 	982 	1016
f 958 	969 	1023
f 997 	993 	991
f 997 	991 	972
f 955 	999 	951
f 1005 	997 	972
f 998 	976 	1016
f 979 	1034 	989
f 949 	994 	1000
f 946 	945 	990
f 996 	1204 	995
f 972 	980 	1005
f 1034 	1039 	989
f 985 	957 	1007
f 1005 	980 	1067
f 988 	992 	1001
f 947 	1010 	956
f 1010 	1007 	956
f 1012 	995 	1183
f 1011 	995 	1012
f 955 	964 	999
f 1183 	1015 	1012
f 1049 	1050 	978
f 1036 	1006 	1000
f 963 	1002 	999
f 987 	1102 	969
f 1020 	998 	1036
f 1016 	1036 	998
f 1018 	1019 	978
f 1019 	1024 	978
f 1016 	982 	974
f 1031 	1032 	978
f 1004 	1016 	974
f 1143 	1167 	951
f 1012 	1015 	1011
f 991 	993 	1020
f 947 	1033 	1010
f 1008 	1011 	1015
f 947 	946 	1033
f 1019 	1018 	1021
f 991 	1020 	994
f 1031 	978 	1024
f 966 	978 	1032
f 1015 	984 	1046
f 994 	1020 	1036
f 1000 	994 	1036
f 1029 	1036 	1004
f 1017 	1013 	1014
f 1022 	1026 	1025
f 1027 	1024 	1021
f 1021 	1024 	1019
f 1013 	1199 	973
f 1026 	1064 	1025
f 1027 	1031 	1024
f 1031 	1027 	1032
f 1127 	1114 	1014
f 979 	1023 	1034
f 1036 	1029 	1006
f 1022 	1211 	1026
f 1028 	1035 	1037
f 1038 	1136 	940
f 1028 	1063 	1040
f 942 	941 	952
f 1016 	1004 	1036
f 1039 	1033 	946
f 946 	990 	1039
f 1060 	1039 	1034
f 990 	989 	1039
f 1033 	1047 	1002
f 1051 	978 	1050
f 1052 	978 	1051
f 1018 	978 	1052
f 954 	953 	1053
f 1052 	1054 	1018
f 1021 	1018 	1054
f 1010 	1033 	1002
f 1057 	1058 	1129
f 1054 	1052 	1051
f 1046 	984 	981
f 1053 	1068 	1056
f 1101 	963 	1040
f 1039 	1047 	1033
f 1055 	1073 	1045
f 1047 	1039 	1060
f 1061 	1054 	1051
f 1061 	1051 	1050
f 1059 	1045 	1073
f 1046 	981 	1076
f 1037 	1063 	1028
f 1061 	1097 	1054
f 1101 	1040 	1102
f 952 	1066 	953
f 1062 	1047 	1060
f 1102 	1040 	1070
f 1060 	1069 	1062
f 1066 	1068 	953
f 1068 	1053 	953
f 1095 	1065 	1064
f 1076 	1172 	1133
f 1044 	1061 	1049
f 1049 	1080 	1044
f 1063 	1070 	1040
f 1065 	1030 	1064
f 1073 	1056 	1068
f 1047 	1062 	999
f 1172 	1076 	981
f 1050 	1049 	1061
f 1075 	1159 	1071
f 1064 	1030 	1025
f 1072 	1078 	1075
f 1072 	1075 	1071
f 999 	1062 	951
f 1075 	1078 	1077
f 1028 	1040 	1197
f 1097 	1067 	1054
f 1065 	1095 	1066
f 943 	1035 	1028
f 1002 	1047 	999
f 1066 	1095 	1068
f 1095 	1082 	1068
f 1005 	1067 	1003
f 1060 	1121 	1069
f 1049 	978 	1080
f 1084 	1159 	1077
f 1084 	1086 	1159
f 1083 	1159 	1086
f 1083 	1088 	1159
f 1088 	1099 	1159
f 1106 	1159 	1099
f 1116 	1115 	943
f 1085 	1087 	1081
f 1085 	1081 	1079
f 951 	1062 	1143
f 1148 	1110 	1030
f 1115 	1113 	1091
f 1003 	1133 	1172
f 1090 	1082 	1089
f 1088 	1083 	1094
f 1093 	1094 	1083
f 1093 	1083 	1086
f 1115 	1091 	1035
f 1214 	1209 	1044
f 1035 	1100 	1037
f 1100 	1157 	1037
f 1007 	1101 	985
f 1082 	1095 	1089
f 985 	1101 	986
f 1102 	986 	1101
f 1102 	987 	986
f 1099 	1094 	1171
f 1088 	1094 	1099
f 1035 	1091 	1103
f 1035 	1103 	1100
f 1082 	1090 	1173
f 1107 	1098 	1096
f 1133 	1067 	1097
f 1156 	1163 	1037
f 1110 	1025 	1030
f 1108 	1104 	1079
f 1163 	1071 	1037
f 1110 	1130 	1096
f 1171 	1109 	1106
f 1171 	1106 	1099
f 1110 	1096 	1025
f 1111 	1109 	1171
f 1023 	969 	1102
f 1081 	1108 	1079
f 1114 	1192 	1017
f 1103 	1091 	1113
f 1115 	1112 	1113
f 1115 	1116 	1112
f 1125 	1112 	1116
f 1095 	1064 	1089
f 1102 	1070 	1023
f 1104 	1108 	1117
f 1123 	1034 	1023
f 1118 	1034 	1123
f 1105 	1142 	1206
f 1034 	1118 	1060
f 1108 	1119 	1117
f 1121 	1118 	1120
f 1014 	1114 	1017
f 1057 	1129 	1112
f 1001 	1119 	988
f 1125 	1126 	1112
f 1035 	943 	1115
f 1121 	1060 	1118
f 1199 	1013 	1017
f 1001 	1117 	1119
f 1070 	1123 	1023
f 1150 	1113 	1122
f 1073 	1068 	1082
f 1093 	1086 	1084
f 1057 	1112 	1126
f 1110 	1148 	1151
f 1118 	1123 	1120
f 1126 	951 	1057
f 1058 	1057 	951
f 943 	951 	1126
f 1129 	1122 	1112
f 1120 	1159 	1121
f 1128 	981 	984
f 1107 	1096 	1130
f 1159 	1160 	1121
f 1129 	1124 	1122
f 943 	1125 	1116
f 1151 	1131 	1110
f 1105 	1169 	1139
f 1128 	1145 	981
f 1126 	1125 	943
f 1120 	1123 	1070
f 1026 	1089 	1064
f 1074 	1058 	951
f 1127 	1128 	1114
f 966 	996 	1090
f 1077 	1078 	1084
f 1093 	1084 	1078
f 1145 	1128 	1127
f 1143 	1177 	1167
f 1133 	1003 	1067
f 1134 	1178 	1143
f 1132 	1124 	1129
f 1153 	1127 	1014
f 1063 	1120 	1070
f 1026 	1080 	978
f 1143 	1135 	1134
f 1132 	970 	1213
f 941 	940 	1136
f 1136 	1038 	1148
f 1120 	1063 	1037
f 1136 	1148 	1030
f 1129 	1048 	1132
f 1037 	1159 	1120
f 1138 	941 	1136
f 1134 	1140 	1181
f 1153 	1137 	1127
f 1138 	952 	941
f 974 	982 	1093
f 1135 	1140 	1134
f 1030 	1138 	1136
f 1130 	1110 	1131
f 1030 	1065 	1138
f 1001 	1046 	1139
f 1127 	1137 	1145
f 1069 	1141 	1143
f 1144 	1143 	1149
f 1135 	1143 	1144
f 1143 	1062 	1069
f 1149 	1143 	1152
f 1046 	1076 	1139
f 1092 	1142 	1048
f 1160 	1069 	1121
f 1059 	1151 	1043
f 982 	1094 	1093
f 1142 	970 	1132
f 1160 	1141 	1069
f 1146 	1140 	1144
f 1066 	1138 	1065
f 1142 	1132 	1048
f 1147 	1107 	995
f 1135 	1144 	1140
f 1133 	970 	1076
f 970 	1139 	1076
f 1066 	952 	1138
f 1092 	1206 	1142
f 981 	1145 	1172
f 1141 	1152 	1143
f 1137 	1005 	1145
f 1141 	1111 	1152
f 1186 	1187 	1122
f 1145 	1005 	1172
f 1187 	1150 	1122
f 1151 	1041 	1042
f 1153 	1014 	976
f 1147 	1011 	1008
f 1112 	1122 	1113
f 1038 	1041 	1148
f 1151 	1148 	1041
f 1098 	1022 	1096
f 1203 	1022 	1193
f 1015 	992 	1008
f 1155 	1153 	998
f 1149 	1152 	1146
f 1144 	1149 	1146
f 1156 	1157 	1158
f 1113 	1158 	1157
f 1025 	1096 	1022
f 1187 	1154 	1150
f 1152 	1111 	1146
f 1013 	973 	950
f 993 	1155 	998
f 992 	1015 	1046
f 1042 	1043 	1151
f 1100 	1103 	1113
f 1100 	1113 	1157
f 1171 	1146 	1111
f 1154 	1158 	1150
f 1193 	1161 	1189
f 1059 	1131 	1151
f 1146 	950 	1140
f 949 	1140 	950
f 998 	1153 	976
f 1153 	1155 	1137
f 1171 	1175 	1146
f 1158 	1113 	1150
f 1162 	1131 	1059
f 1156 	1037 	1157
f 1161 	1193 	1098
f 1059 	1073 	1162
f 1075 	1077 	1159
f 1159 	1037 	1071
f 1164 	1162 	1073
f 1098 	1193 	1022
f 1000 	1140 	949
f 998 	1020 	993
f 1164 	1073 	1082
f 1158 	1072 	1156
f 1163 	1156 	1072
f 1165 	1189 	1161
f 1209 	1210 	1202
f 1106 	1109 	1159
f 1160 	1159 	1109
f 1165 	1168 	1189
f 1137 	993 	997
f 1155 	993 	1137
f 1109 	1111 	1160
f 1141 	1160 	1111
f 951 	1167 	1074
f 1169 	1176 	1158
f 1074 	1170 	1058
f 1129 	1058 	1170
f 1163 	1072 	1071
f 1098 	1168 	1165
f 1098 	1165 	1161
f 1078 	1158 	1176
f 1166 	1162 	1164
f 1078 	1072 	1158
f 1170 	1074 	1167
f 1189 	1168 	1174
f 1005 	1137 	997
f 1171 	1094 	1175
f 1173 	1166 	1164
f 1098 	1107 	1168
f 1174 	1168 	1107
f 1164 	1082 	1173
f 1178 	1179 	1143
f 1179 	1180 	1143
f 1177 	1143 	1180
f 1169 	1158 	1154
f 1013 	1175 	1014
f 1046 	1001 	992
f 1169 	1154 	1195
f 1176 	974 	1093
f 1090 	996 	1173
f 1181 	1178 	1134
f 1107 	1147 	1174
f 1097 	1202 	1213
f 1130 	1131 	1166
f 1005 	1003 	1172
f 1166 	1107 	1130
f 1174 	1147 	1008
f 1174 	1008 	1189
f 1044 	1202 	1061
f 1166 	1131 	1162
f 1182 	1183 	995
f 1182 	995 	1184
f 1061 	1202 	1097
f 1181 	1185 	1179
f 1205 	995 	1204
f 1180 	1179 	1185
f 1173 	995 	1166
f 977 	1108 	1081
f 950 	1175 	1013
f 1176 	1093 	1078
f 995 	1173 	996
f 1179 	1178 	1181
f 1122 	1124 	1186
f 1205 	1198 	995
f 995 	1190 	1184
f 977 	1191 	1189
f 1188 	1189 	1191
f 1079 	1104 	1187
f 995 	1107 	1166
f 1191 	977 	1081
f 1182 	1184 	984
f 1193 	1189 	1188
f 1207 	1203 	1188
f 1187 	1186 	1079
f 1189 	992 	977
f 1105 	1176 	1169
f 1192 	984 	1184
f 974 	1176 	1206
f 1187 	1104 	1117
f 1011 	1147 	995
f 1000 	1181 	1140
f 1192 	1184 	1190
f 1008 	992 	1189
f 950 	973 	1196
f 1206 	1176 	1105
f 1187 	1195 	1154
f 1006 	1048 	1181
f 943 	1028 	1197
f 1032 	1212 	966
f 1206 	1004 	974
f 1196 	949 	950
f 1087 	1194 	1081
f 1197 	951 	943
f 1187 	1117 	1195
f 1190 	995 	1198
f 1000 	1006 	1181
f 955 	1197 	1200
f 1081 	1194 	1191
f 996 	966 	1212
f 1027 	1021 	1199
f 1197 	955 	951
f 1201 	1085 	1186
f 1079 	1186 	1085
f 1197 	964 	1200
f 1193 	1188 	1203
f 1017 	1009 	1199
f 964 	1197 	1040
f 1009 	1192 	1198
f 1198 	1192 	1190
f 1194 	1202 	1191
f 1167 	1177 	1170
f 963 	1101 	1007
f 1201 	1186 	1124
f 1196 	973 	1199
f 1169 	1195 	1117
f 1199 	1021 	1208
f 1180 	1185 	1177
f 1170 	1177 	1185
f 1010 	963 	1007
f 1188 	1202 	1210
f 1021 	980 	1208
f 963 	1010 	1002
f 1199 	1208 	1196
f 1001 	1169 	1117
f 1029 	1004 	1092
f 1202 	1188 	1191
f 1188 	1210 	1211
f 1188 	1211 	1207
f 1204 	996 	1212
f 955 	1200 	964
f 1132 	1213 	1085
f 1201 	1132 	1085
f 1048 	1129 	1185
f 1204 	1009 	1205
f 1198 	1205 	1009
f 1132 	1201 	1124
f 1209 	1026 	1210
f 1210 	1026 	1211
f 1196 	1208 	972
f 1206 	1092 	1004
f 1080 	1026 	1214
f 1048 	1185 	1181
f 1204 	1212 	1009
f 991 	994 	1196
f 994 	949 	1196
f 1001 	1139 	1169
f 991 	1196 	972
f 1203 	1207 	1022
f 1185 	1129 	1170
f 1022 	1207 	1211
f 1175 	1094 	983
f 1209 	1214 	1026
f 1059 	1043 	961
f 965 	961 	1043
f 1067 	980 	1054
f 961 	968 	1215
f 950 	1146 	1175
f 1202 	1044 	1209
f 1032 	1027 	1212
f 1059 	961 	1045
f 1215 	1045 	961
f 1080 	1214 	1044
f 982 	983 	1094
f 1043 	1045 	1215
f 1043 	1215 	962
f 1043 	962 	965
f 1092 	1048 	1006
f 1017 	1192 	1009
f 980 	1021 	1054
f 1215 	968 	1055
f 1073 	1055 	968
f 968 	967 	1056
f 968 	1056 	1073
f 1014 	1175 	983
f 1029 	1092 	1006
f 1055 	1056 	1215
f 962 	1215 	1056
f 962 	1056 	967
f 1027 	1199 	1009
f 1202 	1194 	1213
f 1128 	984 	1192
f 1056 	1055 	1053
f 1055 	1043 	1053
f 1045 	1043 	1055
f 954 	1053 	1043
f 1042 	1041 	1043
f 954 	1043 	1041
f 954 	1041 	1038
f 954 	1038 	940
f 954 	940 	939
f 1213 	1194 	1087
f 1192 	1114 	1128
f 978 	966 	1090
f 1213 	1087 	1085
f 984 	1015 	1183
f 1090 	1089 	978
f 1089 	1026 	978
f 1183 	1182 	984
f 1139 	970 	1105
f 1142 	1105 	970
f 1097 	970 	1133
f 1097 	1213 	970
f 1009 	1212 	1027
# 558 faces

 #end of obj_3


# double-sided
f 3 2 1
f 4 3 1
f 9 11 10
f 9 12 11
f 9 13 12
f 13 9 5
f 16 26 13
f 12 15 14
f 11 12 14
f 9 21 5
f 19 22 20
f 16 22 19
f 17 22 16
f 7 25 23
f 26 16 19
f 16 13 5
f 16 5 6
f 41 66 64
f 45 34 32
f 28 20 22
f 29 28 22
f 24 27 30
f 16 6 18
f 30 31 24
f 33 22 17
f 22 33 29
f 29 8 13
f 29 26 28
f 26 29 13
f 8 29 33
f 35 30 27
f 44 40 7
f 36 53 32
f 41 38 40
f 42 37 21
f 14 43 10
f 11 14 10
f 40 44 41
f 38 45 40
f 5 21 37
f 4 47 46
f 3 4 46
f 49 51 50
f 51 49 48
f 45 53 40
f 17 16 51
f 42 54 37
f 16 18 51
f 40 53 7
f 48 17 51
f 18 37 51
f 5 37 6
f 50 37 39
f 37 50 51
f 32 34 55
f 45 62 59
f 55 36 32
f 18 6 37
f 54 48 49
f 36 55 34
f 47 23 46
f 23 47 56
f 33 14 15
f 25 65 57
f 63 25 7
f 1 57 56
f 4 1 56
f 47 4 56
f 25 1 2
f 1 25 57
f 20 26 19
f 26 20 28
f 33 17 48
f 52 48 42
f 54 39 37
f 39 54 58
f 56 44 23
f 58 50 39
f 21 52 42
f 56 57 44
f 31 30 35
f 50 58 49
f 59 24 31
f 60 59 31
f 54 49 58
f 48 54 42
f 44 57 65
f 61 60 31
f 3 23 2
f 52 33 48
f 62 45 38
f 65 25 63
f 23 3 46
f 2 23 25
f 59 62 24
f 62 41 64
f 62 38 41
f 36 61 53
f 34 59 36
f 61 36 60
f 33 12 8
f 12 33 15
f 31 63 61
f 63 31 35
f 10 43 52
f 10 21 9
f 21 10 52
f 66 41 65
f 14 52 43
f 14 33 52
f 27 62 64
f 62 27 24
f 63 53 61
f 60 36 59
f 45 32 53
f 44 7 23
f 53 63 7
f 12 13 8
f 35 65 63
f 66 27 64
f 34 45 59
f 27 65 35
f 65 27 66
f 65 41 44
f 84 85 86
f 68 359 90
f 91 85 86
f 94 408 224
f 95 93 92
f 93 95 96
f 97 92 93
f 327 245 81
f 100 99 98
f 101 100 98
f 95 97 96
f 97 95 92
f 72 317 74
f 105 100 99
f 107 105 99
f 85 84 86
f 91 89 85
f 317 78 74
f 106 104 103
f 82 78 317
f 91 88 89
f 108 140 110
f 100 108 110
f 139 82 317
f 85 451 89
f 110 112 111
f 114 113 109
f 115 114 109
f 84 86 451
f 117 120 119
f 120 117 116
f 88 327 80
f 127 117 124
f 124 117 119
f 122 106 109
f 122 104 106
f 104 122 121
f 104 97 126
f 104 96 97
f 96 104 121
f 89 451 88
f 149 167 102
f 67 132 73
f 451 85 84
f 80 451 81
f 451 80 88
f 132 67 69
f 128 127 129
f 128 124 127
f 129 127 134
f 128 119 124
f 128 120 119
f 128 135 120
f 135 128 105
f 135 105 107
f 82 217 78
f 140 111 112
f 111 140 440
f 133 387 384
f 131 339 145
f 325 138 139
f 138 325 142
f 143 196 135
f 140 112 110
f 142 425 226
f 154 158 155
f 149 186 423
f 171 118 156
f 159 153 160
f 158 154 159
f 153 159 154
f 156 118 136
f 161 151 162
f 125 151 161
f 157 152 170
f 147 91 146
f 450 423 451
f 423 450 149
f 170 152 150
f 166 165 164
f 450 453 149
f 147 133 91
f 171 400 118
f 80 81 258
f 149 453 457
f 167 201 182
f 85 254 84
f 84 254 86
f 86 254 173
f 164 174 162
f 85 222 221
f 223 254 212
f 178 145 179
f 145 178 169
f 85 258 222
f 88 80 258
f 148 491 181
f 137 177 67
f 266 171 268
f 94 184 70
f 178 179 180
f 131 145 177
f 468 170 464
f 193 414 187
f 181 171 156
f 195 194 145
f 145 205 195
f 163 130 172
f 187 70 184
f 193 187 184
f 175 102 182
f 169 130 163
f 194 179 145
f 144 196 143
f 196 429 445
f 102 167 182
f 197 304 189
f 189 304 190
f 304 193 303
f 163 67 177
f 439 194 195
f 194 436 179
f 192 304 197
f 185 149 102
f 177 145 163
f 201 188 83
f 94 202 184
f 69 67 163
f 135 196 120
f 191 196 204
f 196 191 127
f 201 223 188
f 188 89 88
f 196 119 120
f 196 124 119
f 124 196 127
f 205 145 339
f 169 163 145
f 198 76 200
f 204 196 207
f 83 182 201
f 195 442 439
f 211 210 201
f 210 212 201
f 193 184 202
f 214 176 137
f 211 167 215
f 215 167 255
f 213 176 214
f 130 216 217
f 216 130 169
f 216 169 178
f 307 245 294
f 176 218 131
f 218 176 213
f 158 220 155
f 220 158 221
f 75 203 148
f 88 80 307
f 208 209 219
f 206 422 83
f 220 221 222
f 190 313 498
f 226 224 142
f 212 223 201
f 168 165 222
f 227 219 228
f 228 219 262
f 219 227 170
f 94 230 202
f 230 94 224
f 226 230 224
f 131 177 176
f 307 188 88
f 226 425 230
f 425 142 325
f 233 161 237
f 233 235 234
f 233 237 235
f 235 237 236
f 161 233 232
f 161 232 229
f 161 229 159
f 211 91 210
f 231 181 156
f 228 239 227
f 239 228 240
f 225 231 156
f 210 211 212
f 118 400 382
f 378 151 125
f 151 378 377
f 244 170 227
f 243 250 241
f 231 250 242
f 213 214 253
f 451 223 211
f 244 391 392
f 391 244 227
f 250 231 225
f 215 450 451
f 211 215 451
f 211 223 212
f 223 451 173
f 147 146 154
f 137 176 177
f 227 247 244
f 245 307 81
f 247 227 239
f 218 357 131
f 327 294 245
f 147 154 155
f 155 424 147
f 241 250 249
f 250 243 242
f 245 451 294
f 451 245 81
f 244 191 248
f 248 191 469
f 254 158 159
f 244 247 248
f 255 167 340
f 257 162 174
f 242 243 256
f 483 215 255
f 215 483 91
f 257 161 162
f 209 79 334
f 255 279 215
f 285 181 231
f 209 337 219
f 146 91 483
f 219 260 259
f 258 257 174
f 258 165 168
f 258 164 165
f 164 258 174
f 211 254 346
f 254 211 210
f 258 89 88
f 259 262 219
f 212 254 210
f 264 263 261
f 265 246 171
f 315 293 206
f 108 259 260
f 218 251 357
f 215 346 255
f 346 215 211
f 267 225 263
f 225 267 250
f 262 108 228
f 258 245 257
f 254 221 158
f 254 85 221
f 173 254 223
f 213 251 218
f 262 240 228
f 269 268 499
f 270 253 371
f 258 85 89
f 222 258 168
f 270 213 253
f 274 250 256
f 256 250 275
f 250 274 249
f 278 197 189
f 213 270 251
f 280 279 167
f 180 217 216
f 180 216 178
f 148 181 285
f 272 141 183
f 242 363 231
f 296 282 172
f 183 277 272
f 284 130 217
f 294 315 307
f 282 69 163
f 192 197 278
f 435 279 280
f 281 363 256
f 256 363 242
f 132 69 282
f 278 189 192
f 282 163 172
f 206 83 307
f 281 274 256
f 280 215 279
f 285 75 148
f 266 265 171
f 172 288 286
f 365 315 368
f 130 297 288
f 288 172 130
f 315 294 295
f 292 287 289
f 115 299 298
f 299 115 109
f 290 291 434
f 172 286 296
f 287 292 252
f 296 301 282
f 225 156 300
f 156 136 300
f 302 314 318
f 303 306 304
f 306 309 302
f 141 252 292
f 273 185 276
f 185 273 186
f 183 141 292
f 306 302 122
f 299 306 122
f 276 102 175
f 305 130 284
f 130 305 393
f 300 308 225
f 294 291 295
f 291 294 290
f 294 472 290
f 109 299 122
f 276 185 102
f 260 271 240
f 259 240 262
f 240 259 260
f 309 306 303
f 273 283 238
f 311 440 140
f 311 418 440
f 307 83 188
f 263 312 261
f 306 313 304
f 225 308 263
f 307 315 206
f 198 316 199
f 186 273 238
f 314 302 309
f 180 179 436
f 217 180 78
f 312 320 319
f 312 308 320
f 308 312 263
f 238 283 293
f 312 263 264
f 198 200 317
f 328 286 288
f 317 200 325
f 322 286 328
f 265 326 246
f 326 268 324
f 297 321 288
f 327 88 91
f 327 81 80
f 327 91 329
f 288 321 328
f 266 326 265
f 317 325 139
f 235 472 234
f 133 329 91
f 136 325 200
f 324 268 269
f 325 136 118
f 291 399 434
f 332 311 333
f 311 332 310
f 327 377 378
f 330 250 267
f 250 335 275
f 335 394 391
f 311 140 108
f 333 311 108
f 336 333 108
f 337 336 108
f 260 337 108
f 436 194 439
f 290 331 291
f 331 290 235
f 236 331 235
f 321 297 420
f 337 334 336
f 337 209 334
f 301 296 323
f 268 326 266
f 219 337 260
f 308 467 320
f 372 141 272
f 337 260 259
f 286 322 338
f 279 483 340
f 296 286 338
f 260 341 271
f 341 260 337
f 341 337 336
f 338 323 296
f 263 330 267
f 263 452 330
f 342 263 312
f 279 340 167
f 262 429 443
f 344 228 227
f 344 244 248
f 344 227 244
f 429 262 228
f 343 496 345
f 280 340 346
f 340 280 279
f 443 259 262
f 289 361 292
f 205 345 496
f 335 256 275
f 281 256 335
f 332 347 310
f 336 334 333
f 241 349 243
f 349 241 249
f 350 349 249
f 229 232 346
f 341 334 79
f 334 341 336
f 241 249 274
f 302 121 122
f 351 354 355
f 319 320 353
f 106 299 109
f 106 306 299
f 154 152 488
f 96 440 93
f 247 344 248
f 344 271 341
f 240 344 239
f 239 344 247
f 97 144 126
f 440 97 93
f 355 352 351
f 352 355 357
f 249 358 356
f 358 249 241
f 345 339 343
f 339 348 343
f 243 281 256
f 339 345 205
f 355 339 357
f 241 360 358
f 344 240 271
f 356 350 249
f 340 483 255
f 339 131 357
f 348 339 359
f 388 272 277
f 351 137 354
f 360 243 349
f 281 243 360
f 340 279 255
f 137 351 214
f 104 143 103
f 359 369 348
f 351 253 214
f 363 360 364
f 363 281 360
f 306 367 366
f 306 366 313
f 143 106 103
f 368 315 295
f 366 497 498
f 354 137 67
f 399 368 327
f 331 365 399
f 360 241 274
f 360 274 281
f 368 399 365
f 367 306 386
f 368 295 327
f 295 365 368
f 365 295 291
f 365 291 331
f 285 231 363
f 498 313 366
f 375 206 293
f 383 270 371
f 229 254 159
f 254 229 346
f 397 270 383
f 375 293 459
f 346 340 255
f 371 352 383
f 365 236 237
f 236 365 331
f 359 370 369
f 495 348 369
f 369 498 495
f 365 257 368
f 365 161 257
f 161 365 237
f 96 458 440
f 422 415 182
f 370 359 414
f 361 362 292
f 206 375 422
f 245 294 257
f 245 258 81
f 352 371 351
f 114 373 113
f 294 368 257
f 368 294 295
f 351 371 253
f 67 73 354
f 374 141 372
f 294 327 295
f 306 106 143
f 76 379 462
f 379 76 380
f 394 380 76
f 374 287 252
f 224 395 393
f 394 87 391
f 372 375 374
f 397 352 357
f 408 70 406
f 141 374 252
f 228 380 227
f 380 228 379
f 377 327 329
f 406 70 187
f 70 408 94
f 382 318 425
f 318 403 302
f 381 372 272
f 189 190 370
f 362 361 438
f 414 193 192
f 406 187 414
f 378 399 327
f 192 370 414
f 370 192 189
f 330 379 380
f 397 383 352
f 389 376 130
f 90 354 73
f 398 385 150
f 208 219 385
f 299 390 298
f 87 394 76
f 68 73 132
f 73 68 90
f 393 142 224
f 170 150 219
f 391 87 392
f 150 385 219
f 251 270 397
f 395 224 408
f 381 272 388
f 394 227 380
f 391 227 394
f 396 385 398
f 393 389 130
f 395 389 393
f 397 357 251
f 298 390 373
f 298 114 115
f 299 113 373
f 299 373 390
f 392 335 391
f 144 97 440
f 208 399 378
f 382 400 403
f 208 401 399
f 404 402 377
f 362 388 277
f 246 400 171
f 400 246 403
f 114 298 373
f 183 362 277
f 113 299 109
f 405 150 152
f 403 318 382
f 405 398 150
f 389 359 68
f 183 292 362
f 389 408 406
f 408 389 395
f 261 246 326
f 384 404 329
f 407 282 301
f 404 384 410
f 403 458 302
f 410 384 387
f 282 407 132
f 404 410 402
f 407 68 132
f 404 377 329
f 411 386 412
f 389 414 359
f 414 389 406
f 416 402 417
f 417 402 410
f 402 416 482
f 297 130 376
f 410 387 428
f 476 415 409
f 376 71 297
f 269 411 412
f 411 269 499
f 376 68 71
f 418 417 410
f 418 428 444
f 428 418 410
f 374 375 413
f 193 304 192
f 347 419 310
f 71 420 297
f 374 413 287
f 412 360 349
f 306 412 386
f 202 303 193
f 381 409 415
f 417 311 310
f 311 417 418
f 349 269 412
f 303 202 309
f 407 301 71
f 417 419 416
f 417 310 419
f 269 349 324
f 313 190 304
f 420 71 301
f 385 396 401
f 208 385 401
f 328 321 433
f 166 482 416
f 424 155 485
f 238 423 186
f 314 202 230
f 202 314 309
f 186 149 185
f 361 289 421
f 425 314 230
f 426 147 424
f 381 415 422
f 420 433 321
f 381 422 372
f 314 425 318
f 429 424 427
f 421 289 287
f 412 143 454
f 412 454 360
f 372 422 375
f 424 429 428
f 427 424 430
f 425 118 382
f 118 425 325
f 428 387 426
f 420 301 323
f 287 413 421
f 387 133 426
f 328 433 322
f 396 435 434
f 316 198 317
f 428 426 424
f 261 403 246
f 403 342 452
f 433 323 338
f 433 338 322
f 440 458 111
f 205 494 442
f 442 195 205
f 428 429 443
f 376 389 68
f 444 428 443
f 420 323 433
f 495 496 343
f 207 196 445
f 496 493 205
f 445 430 486
f 458 96 121
f 394 335 250
f 250 380 394
f 380 250 330
f 144 143 104
f 196 443 429
f 445 429 427
f 443 144 444
f 443 196 144
f 339 90 359
f 484 75 285
f 398 435 396
f 429 220 443
f 90 355 354
f 126 144 104
f 87 449 448
f 431 447 480
f 427 430 220
f 220 429 427
f 444 443 220
f 90 339 355
f 448 392 87
f 438 361 437
f 437 432 438
f 432 437 431
f 484 87 75
f 388 362 446
f 447 431 441
f 191 448 449
f 448 191 392
f 68 407 71
f 403 312 342
f 403 261 312
f 458 403 452
f 144 440 418
f 144 418 444
f 335 448 449
f 448 335 392
f 418 444 220
f 438 446 362
f 423 238 492
f 458 452 99
f 361 421 441
f 429 490 427
f 441 431 437
f 421 413 441
f 427 490 430
f 455 454 143
f 456 455 143
f 135 456 143
f 409 446 432
f 291 492 331
f 472 492 290
f 417 337 259
f 361 441 437
f 446 438 432
f 381 388 446
f 143 412 306
f 429 344 464
f 167 457 280
f 457 167 149
f 381 446 409
f 467 77 76
f 418 443 444
f 443 418 417
f 443 417 259
f 110 99 100
f 99 110 111
f 447 413 459
f 460 467 76
f 461 76 462
f 76 461 460
f 167 211 201
f 419 347 332
f 458 121 302
f 413 447 441
f 99 111 458
f 463 204 207
f 445 463 207
f 462 108 461
f 461 108 460
f 108 462 379
f 108 262 259
f 228 108 379
f 450 451 434
f 450 435 453
f 435 450 434
f 462 330 461
f 349 326 324
f 326 349 350
f 326 264 261
f 264 326 350
f 435 280 457
f 422 182 83
f 413 375 459
f 330 462 379
f 460 461 330
f 453 435 457
f 319 342 312
f 432 431 465
f 465 431 480
f 77 467 300
f 170 469 464
f 450 215 457
f 450 457 453
f 457 215 280
f 350 312 264
f 312 350 342
f 451 423 471
f 358 107 356
f 423 475 471
f 475 423 472
f 353 320 473
f 473 467 474
f 467 473 320
f 467 308 300
f 464 191 468
f 468 191 466
f 353 452 319
f 470 432 465
f 290 492 291
f 467 460 474
f 191 464 469
f 191 244 392
f 432 470 476
f 434 471 475
f 452 353 473
f 319 452 342
f 98 477 101
f 464 469 468
f 434 451 471
f 474 477 473
f 477 474 101
f 98 99 452
f 477 98 452
f 473 477 452
f 469 466 468
f 466 469 478
f 409 432 476
f 452 263 342
f 151 377 479
f 455 456 364
f 364 454 455
f 472 434 475
f 474 100 101
f 100 474 460
f 290 434 472
f 402 479 377
f 479 402 481
f 360 454 364
f 108 100 460
f 482 481 402
f 294 475 472
f 294 471 475
f 471 294 451
f 460 330 452
f 100 460 452
f 99 100 452
f 482 419 481
f 465 273 470
f 419 482 416
f 364 484 363
f 363 484 285
f 484 364 456
f 484 120 116
f 120 484 456
f 273 276 470
f 484 116 117
f 398 405 435
f 470 276 476
f 166 416 417
f 166 417 418
f 479 164 162
f 166 481 482
f 481 166 164
f 481 164 479
f 479 162 151
f 456 135 107
f 455 456 107
f 454 455 107
f 360 454 107
f 358 360 107
f 356 452 350
f 350 452 342
f 452 356 99
f 99 356 107
f 449 484 127
f 127 484 117
f 484 449 87
f 405 483 435
f 348 495 343
f 276 175 476
f 449 127 191
f 485 486 424
f 273 465 480
f 190 369 370
f 486 430 424
f 120 456 455
f 120 454 119
f 480 283 273
f 72 316 317
f 316 72 436
f 486 485 445
f 127 454 449
f 415 175 182
f 439 316 436
f 445 427 430
f 316 439 442
f 415 476 175
f 454 335 449
f 454 120 455
f 119 454 124
f 454 127 124
f 316 203 199
f 485 155 220
f 486 485 220
f 486 220 430
f 281 335 454
f 360 281 454
f 447 459 480
f 434 399 401
f 128 462 461
f 418 165 166
f 418 222 165
f 222 418 220
f 203 316 487
f 396 434 401
f 480 459 283
f 333 334 481
f 333 419 332
f 419 333 481
f 460 128 461
f 128 460 100
f 105 128 100
f 283 459 293
f 451 233 471
f 233 451 450
f 494 487 316
f 449 134 127
f 134 449 448
f 203 487 148
f 489 463 445
f 485 489 445
f 128 380 462
f 380 128 129
f 462 380 379
f 380 129 394
f 148 487 491
f 475 234 472
f 234 475 471
f 134 394 129
f 134 391 394
f 391 134 448
f 392 391 448
f 488 153 154
f 450 232 233
f 232 450 453
f 76 199 87
f 199 76 198
f 204 490 191
f 191 490 466
f 490 204 463
f 489 490 463
f 399 291 331
f 490 157 170
f 200 76 77
f 489 485 486
f 490 489 486
f 199 203 87
f 290 472 235
f 170 466 490
f 203 75 87
f 483 279 435
f 77 300 136
f 346 457 280
f 490 468 466
f 490 464 468
f 430 490 486
f 490 429 464
f 457 232 453
f 232 457 346
f 482 336 337
f 336 482 481
f 336 481 334
f 77 136 200
f 494 205 493
f 293 492 238
f 337 417 416
f 337 416 482
f 495 497 496
f 490 488 489
f 490 478 488
f 488 478 153
f 153 478 160
f 478 490 466
f 492 472 423
f 464 344 469
f 429 228 344
f 492 365 331
f 365 492 315
f 498 369 190
f 495 498 497
f 293 315 492
f 494 493 487
f 133 384 329
f 497 487 496
f 487 497 367
f 493 496 487
f 344 478 469
f 497 366 367
f 133 147 426
f 491 367 386
f 79 123 341
f 341 478 344
f 442 494 316
f 81 307 80
f 188 86 85
f 188 173 86
f 173 188 223
f 89 188 85
f 367 491 487
f 91 211 215
f 210 91 212
f 161 123 125
f 91 86 173
f 91 223 212
f 223 91 173
f 86 173 451
f 478 341 159
f 478 159 160
f 159 123 161
f 159 341 123
f 499 181 491
f 499 491 411
f 386 411 491
f 483 405 152
f 499 171 181
f 268 171 499
f 170 244 248
f 248 469 170
f 180 72 74
f 180 436 72
f 488 152 157
f 152 154 146
f 180 74 78
f 146 483 152
f 284 139 138
f 284 82 139
f 217 82 284
f 489 488 157
f 142 305 284
f 138 142 284
f 157 490 489
f 142 393 305
f 170 468 466
f 471 233 500
f 125 208 378
f 208 123 209
f 234 471 500
f 234 500 233
f 123 208 125
f 79 209 123
f 503 505 504
f 506 505 503
f 508 503 509
f 503 508 506
f 501 513 502
f 514 508 509
f 507 515 511
f 507 511 877
f 513 501 510
f 509 536 523
f 509 523 514
f 508 514 506
f 520 505 506
f 514 523 506
f 506 526 520
f 526 506 523
f 534 522 521
f 537 644 528
f 852 530 538
f 526 542 540
f 526 533 523
f 523 532 544
f 523 533 532
f 533 526 540
f 529 806 515
f 531 908 543
f 550 549 547
f 528 595 537
f 595 528 524
f 553 812 802
f 812 553 826
f 555 553 802
f 554 545 548
f 672 525 527
f 525 672 671
f 671 535 525
f 551 681 512
f 527 541 672
f 531 595 524
f 561 560 559
f 541 675 672
f 528 543 743
f 536 534 523
f 534 536 863
f 526 523 534
f 543 595 531
f 539 743 543
f 543 528 531
f 531 528 524
f 537 528 743
f 537 726 727
f 562 564 558
f 564 552 558
f 567 565 563
f 567 569 568
f 569 567 563
f 563 814 569
f 556 530 557
f 571 563 565
f 563 571 672
f 530 556 575
f 530 574 538
f 537 825 570
f 502 512 501
f 537 727 570
f 530 575 574
f 566 501 512
f 571 565 628
f 556 554 575
f 575 554 576
f 554 556 545
f 578 862 571
f 567 578 571
f 565 567 571
f 578 794 862
f 537 756 528
f 546 581 580
f 539 543 832
f 536 544 582
f 544 536 523
f 531 832 543
f 533 586 585
f 546 580 577
f 588 899 587
f 612 580 581
f 590 746 519
f 608 577 580
f 533 572 565
f 572 533 540
f 533 565 571
f 533 571 586
f 548 584 554
f 548 583 584
f 590 592 746
f 593 856 598
f 597 596 532
f 599 597 532
f 600 599 532
f 585 600 532
f 533 585 532
f 598 856 601
f 587 595 588
f 588 595 589
f 582 596 602
f 596 582 544
f 532 596 544
f 598 603 593
f 603 598 601
f 591 595 587
f 592 774 595
f 587 743 588
f 594 593 606
f 606 598 601
f 606 593 598
f 536 583 584
f 917 610 614
f 614 615 917
f 535 605 807
f 614 610 616
f 588 743 589
f 526 613 924
f 613 526 523
f 613 523 536
f 617 613 536
f 536 666 617
f 774 592 590
f 774 590 519
f 617 622 613
f 619 609 621
f 621 609 611
f 619 610 609
f 610 619 618
f 614 610 618
f 618 921 615
f 618 615 614
f 517 620 937
f 592 595 591
f 607 572 540
f 542 607 540
f 591 743 587
f 625 928 627
f 627 928 618
f 928 625 606
f 547 572 607
f 547 565 572
f 547 628 565
f 590 743 592
f 743 590 519
f 743 591 592
f 603 632 631
f 593 603 631
f 580 612 626
f 634 636 635
f 636 634 633
f 636 638 637
f 638 636 633
f 517 644 620
f 630 629 639
f 595 539 589
f 595 543 539
f 580 626 608
f 643 641 616
f 643 610 645
f 610 643 616
f 546 653 566
f 541 624 675
f 647 645 610
f 614 647 610
f 679 546 566
f 589 743 539
f 504 534 521
f 534 504 505
f 505 520 526
f 534 505 526
f 646 579 578
f 652 651 841
f 568 578 567
f 578 568 646
f 579 646 657
f 559 659 658
f 561 559 658
f 577 653 546
f 573 894 871
f 551 512 719
f 657 633 634
f 633 657 579
f 512 502 719
f 653 501 566
f 607 640 567
f 578 640 633
f 578 633 579
f 640 578 567
f 640 607 542
f 542 642 640
f 521 642 542
f 534 521 542
f 526 534 542
f 615 927 614
f 665 664 527
f 617 666 632
f 632 666 631
f 666 536 584
f 667 658 659
f 666 562 631
f 667 560 561
f 658 667 561
f 598 593 631
f 666 598 631
f 564 666 584
f 652 894 655
f 666 584 583
f 666 601 598
f 666 886 601
f 886 666 583
f 664 541 527
f 666 554 584
f 554 639 576
f 630 554 666
f 639 554 630
f 630 666 631
f 664 673 541
f 535 671 674
f 669 595 648
f 669 662 595
f 674 605 535
f 859 623 552
f 541 673 624
f 832 589 539
f 832 587 588
f 587 832 695
f 832 588 589
f 679 581 546
f 889 886 583
f 889 548 545
f 548 889 583
f 674 821 605
f 685 719 670
f 684 574 680
f 574 684 683
f 680 574 575
f 683 686 574
f 683 688 686
f 686 688 687
f 688 683 682
f 691 681 551
f 623 677 678
f 689 551 685
f 574 611 538
f 611 574 621
f 681 690 512
f 678 552 623
f 689 691 551
f 692 629 594
f 629 692 575
f 639 629 575
f 576 639 575
f 729 681 730
f 606 692 594
f 692 606 695
f 619 627 618
f 679 566 698
f 739 663 656
f 606 625 695
f 710 679 698
f 685 699 693
f 700 625 627
f 512 690 698
f 685 670 699
f 619 621 702
f 566 512 698
f 663 705 822
f 703 704 852
f 707 690 729
f 707 698 690
f 698 707 706
f 623 704 677
f 591 835 592
f 587 835 591
f 740 677 704
f 689 685 693
f 704 623 852
f 689 693 694
f 740 704 703
f 697 701 691
f 701 668 691
f 689 694 697
f 715 714 712
f 696 678 738
f 697 691 689
f 558 552 696
f 718 716 751
f 705 663 751
f 719 685 551
f 678 696 552
f 671 672 596
f 716 774 518
f 710 714 723
f 502 513 719
f 518 743 519
f 712 710 711
f 722 741 724
f 714 710 712
f 605 821 649
f 722 653 577
f 708 718 709
f 718 742 743
f 718 743 716
f 743 518 716
f 724 653 722
f 644 727 726
f 725 661 649
f 681 691 668
f 761 644 570
f 722 577 608
f 681 729 690
f 724 501 653
f 725 728 661
f 729 730 858
f 729 853 707
f 715 748 749
f 537 783 726
f 733 782 735
f 843 708 709
f 734 732 731
f 677 738 678
f 751 746 705
f 741 721 737
f 710 741 737
f 677 740 738
f 650 739 656
f 741 722 721
f 743 742 720
f 720 770 743
f 770 720 620
f 744 608 626
f 626 759 744
f 682 760 688
f 742 745 720
f 747 626 612
f 723 749 748
f 749 723 714
f 772 770 620
f 759 626 747
f 715 749 714
f 748 715 900
f 612 581 737
f 604 830 831
f 759 747 721
f 723 795 769
f 747 612 737
f 681 752 730
f 747 737 721
f 750 734 731
f 755 754 753
f 730 860 858
f 734 750 604
f 722 608 744
f 644 783 620
f 783 644 726
f 680 756 684
f 722 744 721
f 843 709 766
f 843 760 708
f 760 843 720
f 751 716 746
f 581 679 737
f 727 825 738
f 720 745 760
f 843 751 663
f 739 843 663
f 758 763 762
f 644 761 727
f 744 759 721
f 764 698 765
f 698 771 710
f 740 742 743
f 698 706 765
f 726 761 727
f 761 726 756
f 740 745 742
f 762 763 788
f 510 501 724
f 745 740 760
f 789 762 788
f 762 789 901
f 676 706 790
f 703 766 709
f 742 718 745
f 724 837 510
f 901 795 905
f 905 795 903
f 765 676 764
f 740 708 760
f 708 740 709
f 765 706 676
f 758 681 769
f 724 741 837
f 745 718 760
f 760 718 708
f 679 710 737
f 766 687 688
f 766 708 709
f 708 766 688
f 758 769 763
f 771 698 764
f 711 710 771
f 768 780 654
f 837 741 710
f 777 776 775
f 778 777 775
f 595 779 648
f 676 816 771
f 676 771 764
f 723 837 710
f 779 595 774
f 768 654 650
f 781 681 758
f 681 781 752
f 779 774 838
f 650 767 768
f 782 725 735
f 725 782 728
f 782 733 736
f 784 782 736
f 783 772 620
f 785 757 668
f 777 786 753
f 777 754 776
f 754 777 753
f 656 773 650
f 769 681 757
f 757 681 668
f 650 773 767
f 775 776 754
f 755 775 754
f 785 668 787
f 770 772 738
f 770 740 743
f 740 770 738
f 670 785 787
f 725 649 821
f 665 527 525
f 788 763 769
f 789 788 769
f 769 795 789
f 783 738 772
f 738 726 727
f 726 738 783
f 854 790 706
f 735 791 733
f 699 670 787
f 676 790 792
f 816 676 817
f 792 793 676
f 635 794 634
f 852 839 703
f 818 711 771
f 816 818 771
f 795 723 748
f 712 818 819
f 795 901 789
f 782 796 728
f 842 785 670
f 538 839 852
f 818 712 711
f 715 712 819
f 748 903 795
f 903 748 900
f 798 751 797
f 715 553 799
f 715 826 553
f 656 663 881
f 798 718 751
f 810 694 693
f 810 697 694
f 881 773 656
f 703 797 766
f 703 798 797
f 796 794 728
f 665 854 664
f 665 790 854
f 699 810 693
f 803 782 784
f 782 803 791
f 804 782 791
f 665 793 792
f 665 792 790
f 675 624 815
f 806 805 511
f 806 511 515
f 535 665 525
f 709 797 766
f 797 709 718
f 798 797 718
f 728 815 661
f 808 511 805
f 787 668 701
f 794 635 657
f 805 809 808
f 570 644 537
f 535 807 665
f 806 529 800
f 570 825 761
f 811 808 809
f 807 817 665
f 570 727 761
f 794 814 728
f 595 662 825
f 807 605 813
f 831 713 604
f 569 657 646
f 657 569 814
f 657 814 794
f 687 766 797
f 686 687 797
f 930 820 929
f 750 731 830
f 574 797 823
f 797 574 686
f 798 823 797
f 657 634 794
f 832 528 756
f 528 832 524
f 624 661 815
f 605 649 813
f 756 537 570
f 756 570 761
f 817 676 793
f 814 815 728
f 518 835 823
f 518 823 716
f 636 660 573
f 716 798 718
f 798 716 823
f 820 819 818
f 652 637 651
f 652 636 637
f 669 856 594
f 669 594 629
f 636 655 660
f 779 847 648
f 662 669 629
f 851 648 847
f 917 609 610
f 636 652 655
f 791 522 733
f 777 778 786
f 881 663 822
f 611 839 538
f 611 838 839
f 838 611 609
f 783 537 770
f 770 537 743
f 783 770 772
f 800 801 828
f 800 828 824
f 558 696 825
f 503 735 725
f 829 828 827
f 825 696 738
f 522 791 803
f 713 834 869
f 826 715 819
f 820 826 819
f 713 869 717
f 828 829 824
f 701 697 810
f 817 793 665
f 869 893 717
f 810 699 787
f 802 812 828
f 802 828 801
f 824 805 806
f 800 824 806
f 621 574 823
f 621 823 702
f 811 805 824
f 805 811 809
f 810 787 701
f 832 575 692
f 832 756 680
f 832 680 575
f 695 832 692
f 807 816 817
f 832 531 524
f 835 700 627
f 807 820 818
f 807 818 816
f 822 830 884
f 702 835 619
f 835 702 823
f 619 835 627
f 835 519 590
f 835 518 519
f 835 625 700
f 820 807 929
f 757 836 769
f 590 592 835
f 820 930 826
f 683 743 742
f 743 683 770
f 842 836 785
f 625 587 695
f 835 587 625
f 649 841 813
f 682 745 760
f 836 757 785
f 929 813 931
f 770 683 684
f 772 770 684
f 825 727 761
f 825 537 595
f 774 716 718
f 774 519 518
f 830 822 831
f 783 684 756
f 684 783 772
f 813 929 807
f 830 604 750
f 726 783 756
f 740 703 709
f 510 836 513
f 836 510 837
f 760 708 688
f 836 723 769
f 723 836 837
f 839 838 774
f 745 682 742
f 670 719 842
f 703 774 798
f 798 774 718
f 719 513 842
f 720 843 739
f 774 703 839
f 842 513 836
f 844 616 641
f 632 603 622
f 797 843 766
f 843 797 751
f 617 632 622
f 516 833 848
f 555 846 845
f 555 799 553
f 799 555 845
f 833 516 850
f 850 848 833
f 550 516 902
f 854 707 853
f 707 854 706
f 856 669 857
f 853 729 858
f 550 607 516
f 607 550 547
f 860 730 752
f 860 752 874
f 852 859 849
f 859 852 623
f 857 883 856
f 857 669 648
f 877 758 912
f 840 855 780
f 594 856 593
f 855 933 780
f 877 752 781
f 752 877 873
f 713 831 834
f 664 858 860
f 854 853 664
f 782 862 796
f 863 782 804
f 858 664 853
f 814 563 815
f 861 822 705
f 874 673 664
f 931 813 864
f 831 822 861
f 864 813 841
f 866 768 767
f 664 860 874
f 864 841 651
f 865 864 651
f 866 780 768
f 791 863 804
f 863 791 522
f 534 863 522
f 868 866 767
f 624 673 867
f 638 651 637
f 773 870 868
f 891 731 732
f 868 767 773
f 651 638 865
f 780 866 840
f 862 794 796
f 794 579 657
f 794 578 579
f 736 733 638
f 784 736 638
f 633 784 638
f 872 871 932
f 736 803 784
f 568 569 646
f 866 904 906
f 624 867 661
f 552 564 859
f 784 642 736
f 642 784 640
f 874 752 873
f 875 564 876
f 564 875 859
f 758 877 781
f 736 521 803
f 640 784 633
f 573 871 872
f 733 521 638
f 758 762 912
f 878 875 876
f 874 873 673
f 503 725 821
f 877 673 873
f 573 635 636
f 635 573 872
f 673 877 511
f 880 875 876
f 875 880 879
f 521 733 522
f 521 865 638
f 735 503 791
f 916 847 779
f 521 503 504
f 881 870 773
f 503 521 522
f 791 503 522
f 882 859 875
f 648 851 857
f 803 521 522
f 521 736 642
f 851 883 857
f 509 821 674
f 870 881 884
f 882 875 879
f 885 882 879
f 884 881 822
f 886 601 856
f 886 856 883
f 849 859 927
f 884 830 731
f 672 586 585
f 672 600 599
f 672 597 596
f 883 851 919
f 883 890 889
f 672 599 597
f 883 889 886
f 867 511 932
f 602 671 596
f 603 613 622
f 871 867 932
f 884 731 891
f 878 597 875
f 894 661 867
f 894 867 871
f 909 884 891
f 511 867 673
f 889 924 613
f 597 878 596
f 596 878 602
f 848 902 516
f 597 782 596
f 892 893 906
f 841 649 894
f 782 597 862
f 596 782 863
f 602 596 863
f 649 661 894
f 872 578 579
f 872 657 635
f 872 579 657
f 894 573 660
f 892 909 891
f 895 717 893
f 713 895 604
f 660 655 894
f 859 887 888
f 859 896 927
f 896 859 888
f 713 717 895
f 897 887 859
f 897 859 882
f 891 732 892
f 600 672 585
f 894 652 841
f 732 734 892
f 734 604 895
f 898 845 846
f 882 599 600
f 900 715 799
f 892 734 893
f 895 893 734
f 762 529 515
f 529 762 901
f 904 866 868
f 882 597 599
f 597 882 875
f 799 845 898
f 900 799 898
f 903 900 898
f 905 903 898
f 599 862 597
f 866 906 907
f 866 907 840
f 901 800 529
f 801 901 905
f 862 599 600
f 901 801 800
f 909 904 868
f 908 524 528
f 924 865 534
f 534 865 521
f 675 815 563
f 906 904 892
f 802 659 559
f 559 555 802
f 904 909 892
f 534 526 924
f 908 528 644
f 868 870 909
f 672 571 586
f 555 559 560
f 555 898 846
f 539 899 589
f 899 588 589
f 899 539 543
f 567 578 516
f 607 567 516
f 802 667 659
f 802 905 667
f 905 802 801
f 899 591 587
f 563 672 675
f 543 908 899
f 908 531 524
f 628 600 585
f 578 872 516
f 746 518 519
f 518 746 716
f 667 555 560
f 898 555 667
f 898 667 905
f 628 586 571
f 628 585 586
f 600 628 882
f 877 912 507
f 585 862 600
f 592 591 899
f 907 906 893
f 862 586 571
f 862 585 586
f 850 824 829
f 762 515 912
f 912 515 507
f 899 746 592
f 886 613 603
f 601 886 603
f 869 907 893
f 888 628 896
f 628 888 887
f 628 897 882
f 889 613 886
f 509 503 821
f 897 628 887
f 913 827 828
f 887 885 888
f 606 889 890
f 606 886 889
f 886 606 601
f 909 870 884
f 671 509 674
f 824 850 516
f 907 869 834
f 885 897 882
f 885 887 897
f 888 885 896
f 896 885 915
f 917 916 838
f 509 671 536
f 536 671 582
f 840 907 834
f 609 917 838
f 671 602 582
f 582 878 536
f 840 834 855
f 583 878 548
f 878 918 548
f 918 878 876
f 878 583 536
f 920 919 917
f 921 920 917
f 921 917 615
f 878 582 602
f 861 855 834
f 918 880 876
f 919 847 916
f 834 831 861
f 602 863 582
f 582 863 536
f 549 922 547
f 919 851 847
f 924 889 890
f 924 890 923
f 917 919 916
f 925 902 928
f 925 920 926
f 779 838 916
f 641 643 925
f 926 641 925
f 811 872 932
f 824 872 811
f 557 849 645
f 628 547 922
f 647 628 643
f 628 647 927
f 643 628 925
f 925 628 922
f 927 645 849
f 645 927 647
f 902 922 550
f 550 922 549
f 902 925 922
f 927 647 614
f 928 890 883
f 928 919 920
f 919 928 883
f 927 896 628
f 923 914 911
f 844 926 616
f 927 920 887
f 927 888 896
f 927 887 888
f 828 930 929
f 930 828 812
f 927 556 647
f 556 927 896
f 915 556 896
f 887 889 897
f 926 920 616
f 616 615 614
f 930 812 826
f 882 545 875
f 876 545 918
f 545 876 875
f 882 889 545
f 889 882 897
f 920 925 928
f 616 920 921
f 616 921 615
f 885 545 915
f 545 880 918
f 880 545 879
f 545 885 879
f 915 545 556
f 923 911 910
f 618 920 921
f 920 618 928
f 914 923 902
f 910 924 923
f 924 910 913
f 643 645 647
f 556 557 645
f 647 556 645
f 641 926 844
f 923 928 902
f 848 914 902
f 558 825 662
f 928 923 890
f 558 629 630
f 931 864 865
f 865 828 931
f 931 828 929
f 828 865 924
f 890 928 606
f 924 913 828
f 932 511 808
f 920 927 921
f 921 927 615
f 932 808 811
f 872 824 516
f 753 775 755
f 775 753 786
f 778 775 786
f 928 890 889
f 920 928 889
f 887 920 889
f 850 829 827
f 848 850 827
f 914 848 827
f 914 910 911
f 910 914 827
f 913 910 827
f 780 933 654
f 583 564 584
f 918 564 548
f 564 918 876
f 583 548 564
f 742 934 683
f 682 934 742
f 683 934 682
f 935 933 855
f 630 631 562
f 935 861 938
f 558 630 562
f 562 666 564
f 855 861 935
f 629 558 662
f 937 936 650
f 937 650 654
f 936 739 650
f 852 849 530
f 530 849 557
f 933 935 517
f 935 644 517
f 644 935 908
f 739 936 720
f 936 620 720
f 620 936 937
f 861 705 938
f 938 746 899
f 746 938 705
f 938 908 935
f 899 908 938
f 517 937 654
f 654 933 517
f 940 942 941
f 942 940 939
f 945 947 946
f 945 948 947
f 948 945 944
f 952 954 953
f 954 952 942
f 939 954 942
f 957 956 948
f 944 957 948
f 960 959 958
f 962 961 968
f 964 963 1040
f 965 961 962
f 962 968 967
f 960 958 969
f 1023 971 979
f 971 1023 958
f 964 999 963
f 959 971 958
f 959 969 971
f 971 969 975
f 969 959 960
f 979 971 975
f 983 976 982
f 980 1208 972
f 986 985 957
f 987 986 957
f 969 987 957
f 975 969 957
f 979 975 957
f 989 979 957
f 990 989 957
f 945 990 957
f 944 945 957
f 988 1108 1119
f 1108 988 977
f 983 1014 976
f 957 1007 956
f 956 947 948
f 977 988 992
f 1016 982 976
f 1023 969 958
f 991 993 997
f 972 991 997
f 951 999 955
f 972 997 1005
f 1016 976 998
f 989 1034 979
f 1000 994 949
f 990 945 946
f 995 1204 996
f 1005 980 972
f 989 1039 1034
f 1007 957 985
f 1067 980 1005
f 1001 992 988
f 956 1010 947
f 956 1007 1010
f 1183 995 1012
f 1012 995 1011
f 999 964 955
f 1012 1015 1183
f 978 1050 1049
f 1000 1006 1036
f 999 1002 963
f 969 1102 987
f 1036 998 1020
f 998 1036 1016
f 978 1019 1018
f 978 1024 1019
f 974 982 1016
f 978 1032 1031
f 974 1016 1004
f 951 1167 1143
f 1011 1015 1012
f 1020 993 991
f 1010 1033 947
f 1015 1011 1008
f 1033 946 947
f 1021 1018 1019
f 994 1020 991
f 1024 978 1031
f 1032 978 966
f 1046 984 1015
f 1036 1020 994
f 1036 994 1000
f 1004 1036 1029
f 1014 1013 1017
f 1025 1026 1022
f 1021 1024 1027
f 1019 1024 1021
f 973 1199 1013
f 1025 1064 1026
f 1024 1031 1027
f 1032 1027 1031
f 1014 1114 1127
f 1034 1023 979
f 1006 1029 1036
f 1026 1211 1022
f 1037 1035 1028
f 940 1136 1038
f 1040 1063 1028
f 952 941 942
f 1036 1004 1016
f 946 1033 1039
f 1039 990 946
f 1034 1039 1060
f 1039 989 990
f 1002 1047 1033
f 1050 978 1051
f 1051 978 1052
f 1052 978 1018
f 1053 953 954
f 1018 1054 1052
f 1054 1018 1021
f 1002 1033 1010
f 1129 1058 1057
f 1051 1052 1054
f 981 984 1046
f 1056 1068 1053
f 1040 963 1101
f 1033 1047 1039
f 1045 1073 1055
f 1060 1039 1047
f 1051 1054 1061
f 1050 1051 1061
f 1073 1045 1059
f 1076 981 1046
f 1028 1063 1037
f 1054 1097 1061
f 1102 1040 1101
f 953 1066 952
f 1060 1047 1062
f 1070 1040 1102
f 1062 1069 1060
f 953 1068 1066
f 953 1053 1068
f 1064 1065 1095
f 1133 1172 1076
f 1049 1061 1044
f 1044 1080 1049
f 1040 1070 1063
f 1064 1030 1065
f 1068 1056 1073
f 999 1062 1047
f 981 1076 1172
f 1061 1049 1050
f 1071 1159 1075
f 1025 1030 1064
f 1075 1078 1072
f 1071 1075 1072
f 951 1062 999
f 1077 1078 1075
f 1197 1040 1028
f 1054 1067 1097
f 1066 1095 1065
f 1028 1035 943
f 999 1047 1002
f 1068 1095 1066
f 1068 1082 1095
f 1003 1067 1005
f 1069 1121 1060
f 1080 978 1049
f 1077 1159 1084
f 1159 1086 1084
f 1086 1159 1083
f 1159 1088 1083
f 1159 1099 1088
f 1099 1159 1106
f 943 1115 1116
f 1081 1087 1085
f 1079 1081 1085
f 1143 1062 951
f 1030 1110 1148
f 1091 1113 1115
f 1172 1133 1003
f 1089 1082 1090
f 1094 1083 1088
f 1083 1094 1093
f 1086 1083 1093
f 1035 1091 1115
f 1044 1209 1214
f 1037 1100 1035
f 1037 1157 1100
f 985 1101 1007
f 1089 1095 1082
f 986 1101 985
f 1101 986 1102
f 986 987 1102
f 1171 1094 1099
f 1099 1094 1088
f 1103 1091 1035
f 1100 1103 1035
f 1173 1090 1082
f 1096 1098 1107
f 1097 1067 1133
f 1037 1163 1156
f 1030 1025 1110
f 1079 1104 1108
f 1037 1071 1163
f 1096 1130 1110
f 1106 1109 1171
f 1099 1106 1171
f 1025 1096 1110
f 1171 1109 1111
f 1102 969 1023
f 1079 1108 1081
f 1017 1192 1114
f 1113 1091 1103
f 1113 1112 1115
f 1112 1116 1115
f 1116 1112 1125
f 1089 1064 1095
f 1023 1070 1102
f 1117 1108 1104
f 1023 1034 1123
f 1123 1034 1118
f 1206 1142 1105
f 1060 1118 1034
f 1117 1119 1108
f 1120 1118 1121
f 1017 1114 1014
f 1112 1129 1057
f 988 1119 1001
f 1112 1126 1125
f 1115 943 1035
f 1118 1060 1121
f 1017 1013 1199
f 1119 1117 1001
f 1023 1123 1070
f 1122 1113 1150
f 1082 1068 1073
f 1084 1086 1093
f 1126 1112 1057
f 1151 1148 1110
f 1120 1123 1118
f 1057 951 1126
f 951 1057 1058
f 1126 951 943
f 1112 1122 1129
f 1121 1159 1120
f 984 981 1128
f 1130 1096 1107
f 1121 1160 1159
f 1122 1124 1129
f 1116 1125 943
f 1110 1131 1151
f 1139 1169 1105
f 981 1145 1128
f 943 1125 1126
f 1070 1123 1120
f 1064 1089 1026
f 951 1058 1074
f 1114 1128 1127
f 1090 996 966
f 1084 1078 1077
f 1078 1084 1093
f 1127 1128 1145
f 1167 1177 1143
f 1067 1003 1133
f 1143 1178 1134
f 1129 1124 1132
f 1014 1127 1153
f 1070 1120 1063
f 978 1080 1026
f 1134 1135 1143
f 1213 970 1132
f 1136 940 941
f 1148 1038 1136
f 1037 1063 1120
f 1030 1148 1136
f 1132 1048 1129
f 1120 1159 1037
f 1136 941 1138
f 1181 1140 1134
f 1127 1137 1153
f 941 952 1138
f 1093 982 974
f 1134 1140 1135
f 1136 1138 1030
f 1131 1110 1130
f 1138 1065 1030
f 1139 1046 1001
f 1145 1137 1127
f 1143 1141 1069
f 1149 1143 1144
f 1144 1143 1135
f 1069 1062 1143
f 1152 1143 1149
f 1139 1076 1046
f 1048 1142 1092
f 1121 1069 1160
f 1043 1151 1059
f 1093 1094 982
f 1132 970 1142
f 1069 1141 1160
f 1144 1140 1146
f 1065 1138 1066
f 1048 1132 1142
f 995 1107 1147
f 1140 1144 1135
f 1076 970 1133
f 1076 1139 970
f 1138 952 1066
f 1142 1206 1092
f 1172 1145 981
f 1143 1152 1141
f 1145 1005 1137
f 1152 1111 1141
f 1122 1187 1186
f 1172 1005 1145
f 1122 1150 1187
f 1042 1041 1151
f 976 1014 1153
f 1008 1011 1147
f 1113 1122 1112
f 1148 1041 1038
f 1041 1148 1151
f 1096 1022 1098
f 1193 1022 1203
f 1008 992 1015
f 998 1153 1155
f 1146 1152 1149
f 1146 1149 1144
f 1158 1157 1156
f 1157 1158 1113
f 1022 1096 1025
f 1150 1154 1187
f 1146 1111 1152
f 950 973 1013
f 998 1155 993
f 1046 1015 992
f 1151 1043 1042
f 1113 1103 1100
f 1157 1113 1100
f 1111 1146 1171
f 1150 1158 1154
f 1189 1161 1193
f 1151 1131 1059
f 1140 950 1146
f 950 1140 949
f 976 1153 998
f 1137 1155 1153
f 1146 1175 1171
f 1150 1113 1158
f 1059 1131 1162
f 1157 1037 1156
f 1098 1193 1161
f 1162 1073 1059
f 1159 1077 1075
f 1071 1037 1159
f 1073 1162 1164
f 1022 1193 1098
f 949 1140 1000
f 993 1020 998
f 1082 1073 1164
f 1156 1072 1158
f 1072 1156 1163
f 1161 1189 1165
f 1202 1210 1209
f 1159 1109 1106
f 1109 1159 1160
f 1189 1168 1165
f 997 993 1137
f 1137 993 1155
f 1160 1111 1109
f 1111 1160 1141
f 1074 1167 951
f 1158 1176 1169
f 1058 1170 1074
f 1170 1058 1129
f 1071 1072 1163
f 1165 1168 1098
f 1161 1165 1098
f 1176 1158 1078
f 1164 1162 1166
f 1158 1072 1078
f 1167 1074 1170
f 1174 1168 1189
f 997 1137 1005
f 1175 1094 1171
f 1164 1166 1173
f 1168 1107 1098
f 1107 1168 1174
f 1173 1082 1164
f 1143 1179 1178
f 1143 1180 1179
f 1180 1143 1177
f 1154 1158 1169
f 1014 1175 1013
f 992 1001 1046
f 1195 1154 1169
f 1093 974 1176
f 1173 996 1090
f 1134 1178 1181
f 1174 1147 1107
f 1213 1202 1097
f 1166 1131 1130
f 1172 1003 1005
f 1130 1107 1166
f 1008 1147 1174
f 1189 1008 1174
f 1061 1202 1044
f 1162 1131 1166
f 995 1183 1182
f 1184 995 1182
f 1097 1202 1061
f 1179 1185 1181
f 1204 995 1205
f 1185 1179 1180
f 1166 995 1173
f 1081 1108 977
f 1013 1175 950
f 1078 1093 1176
f 996 1173 995
f 1181 1178 1179
f 1186 1124 1122
f 995 1198 1205
f 1184 1190 995
f 1189 1191 977
f 1191 1189 1188
f 1187 1104 1079
f 1166 1107 995
f 1081 977 1191
f 984 1184 1182
f 1188 1189 1193
f 1188 1203 1207
f 1079 1186 1187
f 977 992 1189
f 1169 1176 1105
f 1184 984 1192
f 1206 1176 974
f 1117 1104 1187
f 995 1147 1011
f 1140 1181 1000
f 1190 1184 1192
f 1189 992 1008
f 1196 973 950
f 1105 1176 1206
f 1154 1195 1187
f 1181 1048 1006
f 1197 1028 943
f 966 1212 1032
f 974 1004 1206
f 950 949 1196
f 1081 1194 1087
f 943 951 1197
f 1195 1117 1187
f 1198 995 1190
f 1181 1006 1000
f 1200 1197 955
f 1191 1194 1081
f 1212 966 996
f 1199 1021 1027
f 951 955 1197
f 1186 1085 1201
f 1085 1186 1079
f 1200 964 1197
f 1203 1188 1193
f 1199 1009 1017
f 1040 1197 964
f 1198 1192 1009
f 1190 1192 1198
f 1191 1202 1194
f 1170 1177 1167
f 1007 1101 963
f 1124 1186 1201
f 1199 973 1196
f 1117 1195 1169
f 1208 1021 1199
f 1177 1185 1180
f 1185 1177 1170
f 1007 963 1010
f 1210 1202 1188
f 1208 980 1021
f 1002 1010 963
f 1196 1208 1199
f 1117 1169 1001
f 1092 1004 1029
f 1191 1188 1202
f 1211 1210 1188
f 1207 1211 1188
f 1212 996 1204
f 964 1200 955
f 1085 1213 1132
f 1085 1132 1201
f 1185 1129 1048
f 1205 1009 1204
f 1009 1205 1198
f 1124 1201 1132
f 1210 1026 1209
f 1211 1026 1210
f 972 1208 1196
f 1004 1092 1206
f 1214 1026 1080
f 1181 1185 1048
f 1009 1212 1204
f 1196 994 991
f 1196 949 994
f 1169 1139 1001
f 972 1196 991
f 1022 1207 1203
f 1170 1129 1185
f 1211 1207 1022
f 983 1094 1175
f 1026 1214 1209
f 961 1043 1059
f 1043 961 965
f 1054 980 1067
f 1215 968 961
f 1175 1146 950
f 1209 1044 1202
f 1212 1027 1032
f 1045 961 1059
f 961 1045 1215
f 1044 1214 1080
f 1094 983 982
f 1215 1045 1043
f 962 1215 1043
f 965 962 1043
f 1006 1048 1092
f 1009 1192 1017
f 1054 1021 980
f 1055 968 1215
f 968 1055 1073
f 1056 967 968
f 1073 1056 968
f 983 1175 1014
f 1006 1092 1029
f 1215 1056 1055
f 1056 1215 962
f 967 1056 962
f 1009 1199 1027
f 1213 1194 1202
f 1192 984 1128
f 1053 1055 1056
f 1053 1043 1055
f 1055 1043 1045
f 1043 1053 954
f 1043 1041 1042
f 1041 1043 954
f 1038 1041 954
f 940 1038 954
f 939 940 954
f 1087 1194 1213
f 1128 1114 1192
f 1090 966 978
f 1085 1087 1213
f 1183 1015 984
f 978 1089 1090
f 978 1026 1089
f 984 1182 1183
f 1105 970 1139
f 970 1105 1142
f 1133 970 1097
f 970 1213 1097
f 1027 1212 1009
