# Object Export From Tinkercad Server 2015

mtllib obj.mtl

o obj_0
v -0.400931 4.088152 0.833232
v -0.378017 4.077742 0.828232
v -0.379062 4.084794 0.827651
v -0.401869 4.095388 0.832577
v -0.686136 4.298340 1.019735
v -0.704749 4.325613 1.033956
v -0.473230 4.264096 0.977165
v -0.659085 4.209756 1.053792
v -0.624426 4.220550 1.019381
v -0.607967 4.202701 1.030137
v -0.611694 4.210264 1.040681
v -0.614780 4.214229 1.041040
v -0.629412 4.233146 1.042683
v -0.608310 4.212039 1.039508
v -0.608567 4.214864 1.039217
v -0.675910 4.306755 1.098367
v -0.616585 4.229453 1.099192
v -0.698010 4.331029 1.084626
v -0.607357 4.220465 1.098915
v -0.607715 4.220472 1.098960
v -0.628031 4.220792 1.019802
v -0.616911 4.232074 1.098837
v -0.459351 4.049094 1.007159
v 0.045627 0.881194 1.438325
v -0.449670 3.983235 1.012187
v -0.610666 4.217674 1.072978
v -0.098596 0.800337 1.409770
v -0.611179 4.217586 1.072697
v -0.612264 4.218498 1.071055
v 0.008473 0.572607 1.370400
v 0.056706 0.809169 1.287677
v -0.387998 4.051120 1.036335
v -0.612243 4.217436 1.072269
v -0.387343 4.047766 1.038086
v -0.102437 0.844893 1.248459
v -0.387566 4.045441 1.034520
v -0.630604 3.747702 1.086355
v -0.457149 4.276538 1.092306
v -0.624259 3.699429 1.091920
v -0.472014 4.319654 1.030391
v -0.511511 4.267590 1.070768
v -0.571991 3.784129 1.059450
v -0.606074 4.203453 1.029296
v -0.519059 4.261415 1.012997
v -0.411507 4.279044 1.055483
v -0.411715 4.140941 0.873729
v -0.418721 4.129083 0.860870
v -0.560555 3.792714 1.138772
v -0.555854 3.711768 1.131580
v -0.618857 3.703780 1.132709
v -0.623904 3.753139 1.137159
v -0.605667 4.196582 1.034501
v -0.419054 4.272865 0.997711
v -0.564626 3.721158 1.077866
v -0.390970 4.049812 1.044391
v -0.464564 4.039426 1.013058
v -0.457410 3.983479 1.018122
v -0.563331 3.706111 1.079770
v 0.029746 0.837755 1.367646
v 0.025356 0.807401 1.312325
v 0.025220 0.807457 1.312130
v -0.015943 0.835659 1.404468
v -0.031949 0.822640 1.289363
v -0.067236 0.802181 1.385187
v -0.077844 0.820147 1.325296
v -0.067198 0.802161 1.385052
# 66 vertices

g group_0_15506754

usemtl color_15506754
s 0

f 1 	2 	3
f 1 	3 	4
f 10 	11 	9
f 11 	12 	9
f 12 	13 	9
f 5 	9 	13
f 13 	26 	16
f 14 	15 	12
f 14 	12 	11
f 5 	21 	9
f 20 	22 	19
f 19 	22 	16
f 16 	22 	17
f 23 	25 	7
f 19 	16 	26
f 5 	13 	16
f 6 	5 	16
f 64 	66 	41
f 32 	34 	45
f 22 	20 	28
f 22 	28 	29
f 30 	27 	24
f 18 	6 	16
f 24 	31 	30
f 17 	22 	33
f 29 	33 	22
f 13 	8 	29
f 28 	26 	29
f 13 	29 	26
f 33 	29 	8
f 27 	30 	35
f 7 	40 	44
f 32 	53 	36
f 40 	38 	41
f 21 	37 	42
f 10 	43 	14
f 10 	14 	11
f 41 	44 	40
f 40 	45 	38
f 37 	21 	5
f 46 	47 	4
f 46 	4 	3
f 50 	51 	49
f 48 	49 	51
f 40 	53 	45
f 51 	16 	17
f 37 	54 	42
f 51 	18 	16
f 7 	53 	40
f 51 	17 	48
f 51 	37 	18
f 6 	37 	5
f 39 	37 	50
f 51 	50 	37
f 55 	34 	32
f 59 	62 	45
f 32 	36 	55
f 37 	6 	18
f 49 	48 	54
f 34 	55 	36
f 46 	23 	47
f 56 	47 	23
f 15 	14 	33
f 57 	65 	25
f 7 	25 	63
f 56 	57 	1
f 56 	1 	4
f 56 	4 	47
f 2 	1 	25
f 57 	25 	1
f 19 	26 	20
f 28 	20 	26
f 48 	17 	33
f 42 	48 	52
f 37 	39 	54
f 58 	54 	39
f 23 	44 	56
f 39 	50 	58
f 42 	52 	21
f 44 	57 	56
f 35 	30 	31
f 49 	58 	50
f 31 	24 	59
f 31 	59 	60
f 58 	49 	54
f 42 	54 	48
f 65 	57 	44
f 31 	60 	61
f 2 	23 	3
f 48 	33 	52
f 38 	45 	62
f 63 	25 	65
f 46 	3 	23
f 25 	23 	2
f 24 	62 	59
f 64 	41 	62
f 41 	38 	62
f 53 	61 	36
f 36 	59 	34
f 60 	36 	61
f 8 	12 	33
f 15 	33 	12
f 61 	63 	31
f 35 	31 	63
f 52 	43 	10
f 9 	21 	10
f 52 	10 	21
f 65 	41 	66
f 43 	52 	14
f 52 	33 	14
f 64 	62 	27
f 24 	27 	62
f 61 	53 	63
f 59 	36 	60
f 53 	32 	45
f 23 	7 	44
f 7 	63 	53
f 8 	13 	12
f 63 	65 	35
f 64 	27 	66
f 59 	45 	34
f 35 	65 	27
f 66 	27 	65
f 44 	41 	65
# 124 faces

 #end of obj_0

o obj_1
v -0.682656 1.327124 1.581631
v -0.969785 1.639463 1.483484
v -0.711328 1.307397 1.474450
v -1.372947 1.533296 1.615106
v -0.974367 1.598719 1.450775
v -1.424625 1.426234 1.682248
v -0.720556 1.564560 1.549459
v -1.428849 1.423445 1.666682
v -1.927168 1.659066 1.862644
v -1.985172 1.653122 1.772084
v -1.959479 1.636801 1.741810
v -1.428678 1.424473 1.664562
v -2.076762 2.161983 1.660076
v -2.100011 2.434728 1.667902
v -2.108406 2.428182 1.661699
v -1.428630 1.424742 1.663791
v -2.470024 2.563224 1.811839
v -2.083688 2.445814 1.729415
v -2.083649 2.445793 1.729280
v -2.086112 2.443539 1.736663
v -1.965446 1.666729 1.845625
v -2.090235 2.441338 1.704678
v -2.084195 2.445447 1.727469
v -0.940792 1.658921 1.591691
v -2.031371 2.487737 1.742388
v -0.931608 1.721452 1.482217
v -0.937221 1.722045 1.479335
v -1.373392 1.533342 1.615121
v -1.057546 1.717297 1.480863
v -1.133628 1.745541 1.500852
v -1.131109 1.779495 1.523773
v -1.652104 1.870281 1.615387
v -1.652104 1.870281 1.615387
v -1.673800 1.871280 1.622724
v -1.673800 1.871280 1.622724
v -2.445011 2.458825 1.858199
v -0.985214 1.727617 1.604567
v -1.101337 1.767191 1.621629
v -1.654617 1.919162 1.629928
v -1.098353 1.760615 1.629010
v -1.653940 1.919238 1.629738
v -1.851955 1.879751 1.682654
v -1.083572 1.669309 1.642074
v -1.663289 1.927388 1.600441
v -1.658594 1.928166 1.598536
v -1.664513 1.928392 1.597035
v -1.079697 1.644762 1.645606
v -1.079838 1.651475 1.647564
v -1.082026 1.667822 1.647209
v -1.666670 1.883038 1.752225
v -1.651644 1.884899 1.747816
v -1.554367 1.450406 1.666306
v -1.634599 1.886919 1.742769
v -1.632249 1.887163 1.742285
v -1.134232 1.737515 1.495466
v -1.129783 1.709300 1.499288
v -2.083197 2.201991 1.654511
v -1.654720 1.885094 1.746686
v -2.098994 2.300182 1.640900
v -1.112398 1.791903 1.593493
v -1.655223 1.885012 1.746704
v -1.668676 1.915770 1.639759
v -1.697173 1.888582 1.729425
v -1.097383 1.272834 1.541682
v -1.048245 1.305449 1.725255
v -0.749511 1.545010 1.441351
v -1.964185 2.479648 1.724964
v -1.698654 1.887199 1.733828
v -1.618351 1.888419 1.739657
v -1.824592 1.512172 1.728529
v -0.703712 1.346928 1.625545
v -1.451748 1.447214 1.641267
v -1.436271 1.431733 1.657099
v -1.664463 1.933003 1.599080
v -2.258945 2.551138 1.757625
v -1.451671 1.447564 1.641161
v -1.558037 1.898254 1.727657
v -1.549234 1.919711 1.687404
v -1.084348 1.278779 1.697866
v -2.030432 2.453370 1.764016
v -1.962896 2.444914 1.747419
v -1.792312 1.533355 1.849077
v -2.263566 2.403334 1.785146
v -2.155106 2.093449 1.846016
v -2.091775 2.301055 1.638805
v -2.148222 2.133163 1.853740
v -2.041072 2.255045 1.802926
v -2.032414 2.256035 1.800481
v -1.977101 2.262738 1.784422
v -1.793686 1.537750 1.741001
v -2.080724 2.124727 1.837277
v -1.977197 2.267742 1.767253
v -2.051141 2.258741 1.788917
v -2.046272 2.254471 1.803911
v -2.093941 2.295768 1.656489
v -2.061230 2.299746 1.646977
v -0.893691 1.164489 1.548819
v -2.014591 2.297806 1.659540
v -2.005409 2.297027 1.663469
v -2.006960 2.297443 1.661548
v -2.242596 2.433704 1.808610
v -1.999179 2.296384 1.666164
v -1.112933 1.259011 1.590714
v -2.087674 2.086058 1.829742
v -1.562437 1.490735 1.687813
v -0.909353 1.192039 1.506064
v -2.087334 2.442326 1.740223
v -2.050630 2.301006 1.643928
v -2.554759 2.615145 1.859193
v -0.860128 1.224615 1.689668
v -0.864650 1.184000 1.656958
v -1.116301 1.314412 1.602505
v -1.097745 1.327189 1.671827
v -1.189111 1.339797 1.617481
v -1.774048 1.551395 1.814509
v -2.489120 2.545860 1.854466
v -2.141870 2.536730 1.728721
v -1.373501 1.517144 1.670490
v -2.467875 2.428239 1.835270
v -2.484499 2.416574 1.773242
v -1.362866 1.547528 1.626463
v -2.139655 2.522743 1.730648
v -1.344397 1.560272 1.695987
v -1.344616 1.559190 1.698176
v -1.804999 1.871121 1.775839
v -1.345909 1.559245 1.690215
v -1.352407 1.554749 1.665642
v -1.095481 1.348513 1.688471
v -1.094318 1.349485 1.689319
v -1.884037 2.178187 1.776667
v -1.344348 1.560326 1.695919
v -1.941905 1.418640 1.802201
v -1.922218 1.432267 1.875877
v -1.923668 1.437629 1.767923
v -2.144022 2.503032 1.768995
v -1.364564 1.545533 1.624877
v -1.891405 1.459841 1.888827
v -1.908192 2.168357 1.781651
v -1.091186 1.352482 1.691677
v -2.486627 2.552565 1.750031
v -1.909055 2.193318 1.788953
v -2.189273 2.105495 1.700550
v -2.121813 2.097151 1.683986
v -2.095851 2.434383 1.768630
v -2.132796 2.403614 1.784247
v -2.095813 2.434363 1.768495
v -0.876452 1.326134 1.675535
v -0.798718 1.387237 1.643606
v -2.140059 2.397665 1.787270
v -1.124241 1.328893 1.581024
v -1.123790 1.329422 1.579434
v -0.970511 1.366552 1.693328
v -2.120910 2.063661 1.705839
v -1.952752 2.279352 1.730248
v -1.963142 2.280138 1.726493
v -1.986197 2.290573 1.687802
v -2.090018 2.439953 1.748082
v -1.404832 1.534841 1.613282
v -1.809417 1.624811 1.730187
v -1.405604 1.535120 1.613538
v -2.055024 2.114386 1.779079
v -2.072310 2.102795 1.714471
v -2.092877 2.253636 1.801089
v -1.391029 1.539368 1.617924
v -1.789713 1.637412 1.803506
v -2.142790 2.258339 1.778833
v -2.173179 2.271073 1.731593
v -2.182028 2.274695 1.717944
v -2.174445 2.284356 1.685879
v -2.172608 2.286373 1.679321
v -2.155698 2.288377 1.674313
v -2.478238 2.436502 1.734360
v -2.065787 2.126853 1.781867
v -2.110774 2.144073 1.717198
v -1.639160 1.753521 1.742029
v -1.681556 1.720835 1.759290
v -1.642201 1.751012 1.750402
v -2.052907 2.115819 1.786894
v -2.109414 2.427374 1.660942
v -1.470191 1.661804 1.620076
v -2.061804 2.125288 1.787487
v -2.042053 2.124433 1.792955
v -1.633867 1.758097 1.727282
v -1.691832 1.714066 1.728271
v -0.956505 1.377985 1.670326
v -2.275521 2.539528 1.695527
v -0.824862 1.393844 1.632218
v -2.032904 2.344698 1.768111
v -2.151916 2.387486 1.792471
v -1.680191 1.722384 1.758992
v -2.066141 2.322300 1.644206
v -2.017641 2.321731 1.666527
v -2.057390 2.116046 1.679474
v -2.059062 2.120977 1.676070
v -1.630907 1.761752 1.643681
v -2.070895 2.104081 1.711104
v -1.698582 1.709708 1.684794
v -1.627620 1.764012 1.655715
v -1.485312 1.656225 1.637306
v -1.484405 1.643164 1.682362
v -1.702885 1.706445 1.687349
v -1.483256 1.631482 1.722290
v -1.478689 1.630958 1.724640
v -0.884640 1.347219 1.655849
v -2.090175 2.157122 1.675004
v -2.222277 2.580273 1.776760
v -2.606708 2.591031 1.774614
v -1.639517 1.753458 1.742309
v -1.683345 1.719946 1.759663
v -2.590219 2.602680 1.836681
v -2.157958 2.572813 1.760429
v -1.369052 1.569990 1.700822
v -2.183493 2.361666 1.805274
v -2.194547 2.352979 1.796119
v -1.654610 1.749854 1.752845
v -0.752937 1.314351 1.441941
v -2.587909 2.592711 1.735321
v -1.122453 1.331177 1.574931
v -1.814779 1.654114 1.832488
v -0.925677 1.293558 1.491930
v -2.255514 2.557876 1.652857
v -1.019649 1.333937 1.509753
v -2.191195 2.550415 1.636525
v -2.221160 2.335409 1.696846
v -2.216854 2.339506 1.682339
v -2.158521 2.526017 1.666982
v -2.522299 2.523592 1.730559
v -2.114281 2.423654 1.657386
v -2.128332 2.412592 1.645293
v -0.847943 1.354660 1.460002
v -1.035974 1.435455 1.495618
v -1.093392 1.666809 1.649481
v -1.085601 1.669079 1.642648
v -1.847108 1.632876 1.712008
v -0.864267 1.456179 1.445867
v -1.271031 1.692416 1.539874
v -1.293862 1.658793 1.652237
v -1.294088 1.654346 1.667441
v -1.136062 1.417080 1.562524
v -1.139058 1.662611 1.658308
v -2.156180 2.511971 1.668804
v -1.666858 1.770174 1.638880
v -1.293671 1.679273 1.581871
v -1.952250 2.176930 1.624091
v -1.862025 2.096795 1.614612
v -1.634543 1.780334 1.638846
v -1.320698 1.645671 1.693778
v -1.330649 1.682724 1.565657
v -2.177123 2.480650 1.645052
v -1.460304 1.341581 1.768515
v -1.479896 1.327989 1.694937
v -1.332506 1.682915 1.564651
v -1.636585 1.785234 1.633854
v -1.646172 1.785825 1.630508
v -1.009595 1.428615 1.508002
v -0.925163 1.320067 1.504735
v -0.877953 1.444472 1.469894
v -1.584547 1.621213 1.745277
v -1.500622 1.357815 1.668673
v -1.607200 1.640771 1.675307
v -2.064598 2.465414 1.618550
v -0.997038 1.350759 1.519147
v -1.997062 2.456958 1.601952
v -1.705075 1.708752 1.687329
v -2.215958 2.338847 1.681582
v -1.954598 2.176614 1.624810
v -1.993078 2.172024 1.635895
v -2.037828 2.166672 1.648806
v -1.685757 1.722599 1.760047
v -2.028022 2.166700 1.650036
v -2.048074 2.137102 1.666792
v -0.865348 1.366671 1.480969
v -1.080922 1.509438 1.697276
v -2.182478 2.361371 1.805610
v -2.074030 2.159585 1.668516
v -1.635264 1.784125 1.637825
v -1.106919 1.453830 1.678258
v -2.037887 2.128261 1.780457
v -1.104570 1.438933 1.680291
v -2.119660 2.285640 1.802425
v -1.955142 2.177050 1.623322
v -1.113041 1.458794 1.673505
v -1.601405 1.754796 1.742482
v -1.618996 1.770015 1.688168
v -0.815070 1.489707 1.629761
v -0.909127 1.530124 1.647554
v -1.638365 1.786813 1.628191
v -0.736388 1.550916 1.597565
v -0.925452 1.631642 1.633419
v -1.608644 1.777197 1.726953
v -0.986863 1.469022 1.679481
v -1.608030 1.777604 1.729293
v -1.122210 1.516121 1.665793
v -1.607213 1.800703 1.741529
v -2.145574 2.747913 1.622741
v -2.128998 2.759523 1.684839
v -1.634469 1.792325 1.759679
v -1.606840 1.813840 1.748430
v -2.165909 2.379766 1.660456
v -1.308254 1.683324 1.689728
v -1.303149 1.697970 1.688076
v -2.128249 2.410985 1.644676
v -1.119152 1.469010 1.656781
v -1.120886 1.472385 1.652264
v -0.837446 1.472651 1.621363
v -2.247058 2.773914 1.713912
v -1.102773 1.642175 1.652367
v -2.263595 2.762212 1.651912
v -2.475942 2.788393 1.703932
v -1.130059 1.476823 1.513701
v -2.004034 2.417282 1.594197
v -2.071444 2.425679 1.610690
v -1.797953 1.808410 1.694264
v -1.793611 1.811243 1.710523
v -2.210438 2.802996 1.733116
v -1.337665 1.682427 1.566602
v -0.909545 1.503651 1.634845
v -1.886818 2.320707 1.596696
v -2.188322 2.072057 1.722333
v -1.308643 1.701098 1.688994
v -1.853668 2.343143 1.720570
v -2.148520 2.757426 1.725329
v -1.151203 1.496664 1.557586
v -1.113008 1.647933 1.654051
v -1.778181 1.821572 1.766473
v -1.778172 1.821576 1.766773
v -1.138489 1.432092 1.560525
v -1.784756 1.817048 1.742404
v -1.141966 1.439006 1.565667
v -2.298587 2.207303 1.727368
v -0.969088 1.456794 1.659471
v -2.265350 2.229701 1.851272
v -2.261186 2.268548 1.690088
v -1.425332 1.726575 1.582362
v -2.266706 2.200649 1.704336
v -1.932120 2.254229 1.604658
v -1.423860 1.729840 1.581305
v -1.926579 2.323133 1.590629
v -2.225616 2.228226 1.857627
v -1.139714 1.459862 1.582083
v -0.785613 1.518341 1.413961
v -1.140106 1.455051 1.578485
v -2.432670 2.902805 1.774150
v -1.891390 2.252917 1.610677
v -1.393079 1.748711 1.703201
v -1.392459 1.750050 1.702797
v -2.243540 2.780615 1.609174
v -1.136319 1.462164 1.594512
v -2.476216 2.835760 1.798835
v -1.954843 2.203551 1.635101
v -1.951807 2.203128 1.635735
v -1.924929 2.224369 1.652868
v -1.955039 2.179439 1.624391
v -0.958353 1.497547 1.463949
v -2.181980 2.735338 1.600496
v -2.459453 2.800041 1.765999
v -2.280141 2.391724 1.723048
v -1.890982 2.281859 1.757880
v -1.333301 1.680049 1.565914
v -1.885576 2.350748 1.743890
v -1.919277 2.225367 1.759165
v -1.858522 2.275532 1.733624
v -1.919142 2.225382 1.759128
v -1.921216 2.226130 1.760724
v -2.467019 2.914839 1.678823
v -2.450416 2.925497 1.740631
v -0.950078 1.476425 1.483665
v -2.293760 2.275865 1.714603
v -2.260865 2.297529 1.837260
v -1.410342 1.436169 1.736073
v -2.253677 2.888820 1.626466
v -2.237074 2.899478 1.688274
v -1.409185 1.437779 1.737414
v -1.568579 1.906816 1.614975
v -2.275343 2.857082 1.603911
v -1.409137 1.437832 1.737345
v -1.907009 2.236366 1.728524
v -1.905700 2.237468 1.725230
v -1.913921 2.206386 1.777788
v -2.242106 2.879480 1.727815
v -2.465896 2.880482 1.650312
v -1.777775 1.821867 1.766989
v -1.765191 1.821482 1.770564
v -2.217597 2.335946 1.757858
v -2.227439 2.329383 1.721651
v -1.639610 1.806574 1.632033
v -2.211021 2.340328 1.782396
v -1.610490 1.826151 1.741003
v -1.616651 1.874775 1.739896
v -1.617120 1.878088 1.739839
v -2.198368 2.350116 1.792950
v -1.594034 1.874647 1.593490
v -2.509650 2.812721 1.673712
v -1.788377 1.805761 1.684692
v -1.797220 1.808437 1.693204
v -1.797770 1.808622 1.693686
v -1.909682 2.180123 1.781394
v -2.024057 2.138623 1.803006
v -2.597866 2.803250 1.734432
v -2.024160 2.143998 1.804813
v -1.713656 1.838129 1.639372
v -2.024055 2.139015 1.803168
v -2.033243 2.131456 1.797938
v -2.581513 2.815168 1.795600
v -2.227771 2.329187 1.720397
v -2.223025 2.333702 1.702902
v -1.649748 1.858128 1.618554
v -1.673800 1.871280 1.622724
v -2.227684 2.329291 1.719960
v -2.546659 2.806597 1.822123
v -1.649950 1.858834 1.618385
v -2.033806 2.155998 1.806134
v -2.057859 2.270889 1.635200
v -2.579808 2.784161 1.698250
v -1.987517 2.208332 1.627862
v -1.978863 2.207035 1.629715
v -2.220183 2.296163 1.843347
v -1.681345 1.860394 1.760207
v -1.946766 2.235674 1.781168
v -1.940005 2.233171 1.775829
v -1.468233 1.379967 1.789474
v -2.034275 2.251090 1.801838
v -1.971428 2.215280 1.791602
v -2.009190 2.164220 1.801086
v -1.521978 1.472558 1.787107
v -2.275746 2.411268 1.684736
v -1.420306 1.468228 1.758778
v -1.413187 1.447378 1.744140
v -1.373302 1.555817 1.730824
v -1.420093 1.468594 1.758633
v -1.374973 1.556505 1.731206
v -1.364093 1.557842 1.718708
v -1.542684 1.503390 1.761065
v -2.147680 2.233680 1.716456
# 434 vertices

g group_1_6970902

usemtl color_6970902
s 0

f 86 	85 	84
f 90 	359 	68
f 86 	85 	91
f 224 	408 	94
f 92 	93 	95
f 96 	95 	93
f 93 	92 	97
f 81 	245 	327
f 98 	99 	100
f 98 	100 	101
f 96 	97 	95
f 92 	95 	97
f 74 	317 	72
f 99 	100 	105
f 99 	105 	107
f 86 	84 	85
f 85 	89 	91
f 74 	78 	317
f 103 	104 	106
f 317 	78 	82
f 89 	88 	91
f 110 	140 	108
f 110 	108 	100
f 317 	82 	139
f 89 	451 	85
f 111 	112 	110
f 109 	113 	114
f 109 	114 	115
f 451 	86 	84
f 119 	120 	117
f 116 	117 	120
f 80 	327 	88
f 124 	117 	127
f 119 	117 	124
f 109 	106 	122
f 106 	104 	122
f 121 	122 	104
f 126 	97 	104
f 97 	96 	104
f 121 	104 	96
f 88 	451 	89
f 102 	167 	149
f 73 	132 	67
f 84 	85 	451
f 81 	451 	80
f 88 	80 	451
f 69 	67 	132
f 129 	127 	128
f 127 	124 	128
f 134 	127 	129
f 124 	119 	128
f 119 	120 	128
f 120 	135 	128
f 105 	128 	135
f 107 	105 	135
f 78 	217 	82
f 112 	111 	140
f 440 	140 	111
f 384 	387 	133
f 145 	339 	131
f 139 	138 	325
f 142 	325 	138
f 135 	196 	143
f 110 	112 	140
f 226 	425 	142
f 155 	158 	154
f 423 	186 	149
f 156 	118 	171
f 160 	153 	159
f 159 	154 	158
f 154 	159 	153
f 136 	118 	156
f 162 	151 	161
f 161 	151 	125
f 170 	152 	157
f 146 	91 	147
f 451 	423 	450
f 149 	450 	423
f 150 	152 	170
f 164 	165 	166
f 149 	453 	450
f 91 	133 	147
f 118 	400 	171
f 258 	81 	80
f 457 	453 	149
f 182 	201 	167
f 84 	254 	85
f 86 	254 	84
f 173 	254 	86
f 162 	174 	164
f 221 	222 	85
f 212 	254 	223
f 179 	145 	178
f 169 	178 	145
f 222 	258 	85
f 258 	80 	88
f 181 	491 	148
f 67 	177 	137
f 268 	171 	266
f 70 	184 	94
f 180 	179 	178
f 177 	145 	131
f 464 	170 	468
f 187 	414 	193
f 156 	171 	181
f 145 	194 	195
f 195 	205 	145
f 172 	130 	163
f 184 	70 	187
f 184 	187 	193
f 182 	102 	175
f 163 	130 	169
f 145 	179 	194
f 143 	196 	144
f 445 	429 	196
f 182 	167 	102
f 189 	304 	197
f 190 	304 	189
f 303 	193 	304
f 177 	67 	163
f 195 	194 	439
f 179 	436 	194
f 197 	304 	192
f 102 	149 	185
f 163 	145 	177
f 83 	188 	201
f 184 	202 	94
f 163 	67 	69
f 120 	196 	135
f 204 	196 	191
f 127 	191 	196
f 188 	223 	201
f 88 	89 	188
f 120 	119 	196
f 119 	124 	196
f 127 	196 	124
f 339 	145 	205
f 145 	163 	169
f 200 	76 	198
f 207 	196 	204
f 201 	182 	83
f 439 	442 	195
f 201 	210 	211
f 201 	212 	210
f 202 	184 	193
f 137 	176 	214
f 215 	167 	211
f 255 	167 	215
f 214 	176 	213
f 217 	216 	130
f 169 	130 	216
f 178 	169 	216
f 294 	245 	307
f 131 	218 	176
f 213 	176 	218
f 155 	220 	158
f 221 	158 	220
f 148 	203 	75
f 307 	80 	88
f 219 	209 	208
f 83 	422 	206
f 222 	221 	220
f 498 	313 	190
f 142 	224 	226
f 201 	223 	212
f 222 	165 	168
f 228 	219 	227
f 262 	219 	228
f 170 	227 	219
f 202 	230 	94
f 224 	94 	230
f 224 	230 	226
f 176 	177 	131
f 88 	188 	307
f 230 	425 	226
f 325 	142 	425
f 237 	161 	233
f 234 	235 	233
f 235 	237 	233
f 236 	237 	235
f 232 	233 	161
f 229 	232 	161
f 159 	229 	161
f 210 	91 	211
f 156 	181 	231
f 227 	239 	228
f 240 	228 	239
f 156 	231 	225
f 212 	211 	210
f 382 	400 	118
f 125 	151 	378
f 377 	378 	151
f 227 	170 	244
f 241 	250 	243
f 242 	250 	231
f 253 	214 	213
f 211 	223 	451
f 392 	391 	244
f 227 	244 	391
f 225 	231 	250
f 451 	450 	215
f 451 	215 	211
f 212 	223 	211
f 173 	451 	223
f 154 	146 	147
f 177 	176 	137
f 244 	247 	227
f 81 	307 	245
f 239 	227 	247
f 131 	357 	218
f 245 	294 	327
f 155 	154 	147
f 147 	424 	155
f 249 	250 	241
f 242 	243 	250
f 294 	451 	245
f 81 	245 	451
f 248 	191 	244
f 469 	191 	248
f 159 	158 	254
f 248 	247 	244
f 340 	167 	255
f 174 	162 	257
f 256 	243 	242
f 255 	215 	483
f 91 	483 	215
f 162 	161 	257
f 334 	79 	209
f 215 	279 	255
f 231 	181 	285
f 219 	337 	209
f 483 	91 	146
f 259 	260 	219
f 174 	257 	258
f 168 	165 	258
f 165 	164 	258
f 174 	258 	164
f 346 	254 	211
f 210 	211 	254
f 88 	89 	258
f 219 	262 	259
f 210 	254 	212
f 261 	263 	264
f 171 	246 	265
f 206 	293 	315
f 260 	259 	108
f 357 	251 	218
f 255 	346 	215
f 211 	215 	346
f 263 	225 	267
f 250 	267 	225
f 228 	108 	262
f 257 	245 	258
f 158 	221 	254
f 221 	85 	254
f 223 	254 	173
f 218 	251 	213
f 228 	240 	262
f 499 	268 	269
f 371 	253 	270
f 89 	85 	258
f 168 	258 	222
f 253 	213 	270
f 256 	250 	274
f 275 	250 	256
f 249 	274 	250
f 189 	197 	278
f 251 	270 	213
f 167 	279 	280
f 216 	217 	180
f 178 	216 	180
f 285 	181 	148
f 183 	141 	272
f 231 	363 	242
f 172 	282 	296
f 272 	277 	183
f 217 	130 	284
f 307 	315 	294
f 163 	69 	282
f 278 	197 	192
f 280 	279 	435
f 256 	363 	281
f 242 	363 	256
f 282 	69 	132
f 192 	189 	278
f 172 	163 	282
f 307 	83 	206
f 256 	274 	281
f 279 	215 	280
f 148 	75 	285
f 171 	265 	266
f 286 	288 	172
f 368 	315 	365
f 288 	297 	130
f 130 	172 	288
f 295 	294 	315
f 289 	287 	292
f 298 	299 	115
f 109 	115 	299
f 434 	291 	290
f 296 	286 	172
f 252 	292 	287
f 282 	301 	296
f 300 	156 	225
f 300 	136 	156
f 318 	314 	302
f 304 	306 	303
f 302 	309 	306
f 292 	252 	141
f 276 	185 	273
f 186 	273 	185
f 292 	141 	183
f 122 	302 	306
f 122 	306 	299
f 175 	102 	276
f 284 	130 	305
f 393 	305 	130
f 225 	308 	300
f 295 	291 	294
f 290 	294 	291
f 290 	472 	294
f 122 	299 	109
f 102 	185 	276
f 240 	271 	260
f 262 	240 	259
f 260 	259 	240
f 303 	306 	309
f 238 	283 	273
f 140 	440 	311
f 440 	418 	311
f 188 	83 	307
f 261 	312 	263
f 304 	313 	306
f 263 	308 	225
f 206 	315 	307
f 199 	316 	198
f 238 	273 	186
f 309 	302 	314
f 436 	179 	180
f 78 	180 	217
f 319 	320 	312
f 320 	308 	312
f 263 	312 	308
f 293 	283 	238
f 264 	263 	312
f 317 	200 	198
f 288 	286 	328
f 325 	200 	317
f 328 	286 	322
f 246 	326 	265
f 324 	268 	326
f 288 	321 	297
f 91 	88 	327
f 80 	81 	327
f 329 	91 	327
f 328 	321 	288
f 265 	326 	266
f 139 	325 	317
f 234 	472 	235
f 91 	329 	133
f 200 	325 	136
f 269 	268 	324
f 118 	136 	325
f 434 	399 	291
f 333 	311 	332
f 310 	332 	311
f 378 	377 	327
f 267 	250 	330
f 275 	335 	250
f 391 	394 	335
f 108 	140 	311
f 108 	311 	333
f 108 	333 	336
f 108 	336 	337
f 108 	337 	260
f 439 	194 	436
f 291 	331 	290
f 235 	290 	331
f 235 	331 	236
f 420 	297 	321
f 336 	334 	337
f 334 	209 	337
f 323 	296 	301
f 266 	326 	268
f 260 	337 	219
f 320 	467 	308
f 272 	141 	372
f 259 	260 	337
f 338 	322 	286
f 340 	483 	279
f 338 	286 	296
f 271 	341 	260
f 337 	260 	341
f 336 	337 	341
f 296 	323 	338
f 267 	330 	263
f 330 	452 	263
f 312 	263 	342
f 167 	340 	279
f 443 	429 	262
f 227 	228 	344
f 248 	244 	344
f 244 	227 	344
f 228 	262 	429
f 345 	496 	343
f 346 	340 	280
f 279 	280 	340
f 262 	259 	443
f 292 	361 	289
f 496 	345 	205
f 275 	256 	335
f 335 	256 	281
f 310 	347 	332
f 333 	334 	336
f 243 	349 	241
f 249 	241 	349
f 249 	349 	350
f 346 	232 	229
f 79 	334 	341
f 336 	341 	334
f 274 	249 	241
f 122 	121 	302
f 355 	354 	351
f 353 	320 	319
f 109 	299 	106
f 299 	306 	106
f 488 	152 	154
f 93 	440 	96
f 248 	344 	247
f 341 	271 	344
f 239 	344 	240
f 247 	344 	239
f 126 	144 	97
f 93 	97 	440
f 351 	352 	355
f 357 	355 	352
f 356 	358 	249
f 241 	249 	358
f 343 	339 	345
f 343 	348 	339
f 256 	281 	243
f 205 	345 	339
f 357 	339 	355
f 358 	360 	241
f 271 	240 	344
f 249 	350 	356
f 255 	483 	340
f 357 	131 	339
f 359 	339 	348
f 277 	272 	388
f 354 	137 	351
f 349 	243 	360
f 360 	243 	281
f 255 	279 	340
f 214 	351 	137
f 103 	143 	104
f 348 	369 	359
f 214 	253 	351
f 364 	360 	363
f 360 	281 	363
f 366 	367 	306
f 313 	366 	306
f 103 	106 	143
f 295 	315 	368
f 498 	497 	366
f 67 	137 	354
f 327 	368 	399
f 399 	365 	331
f 274 	241 	360
f 281 	274 	360
f 365 	399 	368
f 386 	306 	367
f 327 	295 	368
f 368 	365 	295
f 291 	295 	365
f 331 	291 	365
f 363 	231 	285
f 366 	313 	498
f 293 	206 	375
f 371 	270 	383
f 159 	254 	229
f 346 	229 	254
f 383 	270 	397
f 459 	293 	375
f 255 	340 	346
f 383 	352 	371
f 237 	236 	365
f 331 	365 	236
f 369 	370 	359
f 369 	348 	495
f 495 	498 	369
f 368 	257 	365
f 257 	161 	365
f 237 	365 	161
f 440 	458 	96
f 182 	415 	422
f 414 	359 	370
f 292 	362 	361
f 422 	375 	206
f 257 	294 	245
f 81 	258 	245
f 351 	371 	352
f 113 	373 	114
f 257 	368 	294
f 295 	294 	368
f 253 	371 	351
f 354 	73 	67
f 372 	141 	374
f 295 	327 	294
f 143 	106 	306
f 462 	379 	76
f 380 	76 	379
f 76 	380 	394
f 252 	287 	374
f 393 	395 	224
f 391 	87 	394
f 374 	375 	372
f 357 	352 	397
f 406 	70 	408
f 252 	374 	141
f 227 	380 	228
f 379 	228 	380
f 329 	327 	377
f 187 	70 	406
f 94 	408 	70
f 425 	318 	382
f 302 	403 	318
f 272 	372 	381
f 370 	190 	189
f 438 	361 	362
f 192 	193 	414
f 414 	187 	406
f 327 	399 	378
f 414 	370 	192
f 189 	192 	370
f 380 	379 	330
f 352 	383 	397
f 130 	376 	389
f 73 	354 	90
f 150 	385 	398
f 385 	219 	208
f 298 	390 	299
f 76 	394 	87
f 132 	73 	68
f 90 	68 	73
f 224 	142 	393
f 219 	150 	170
f 392 	87 	391
f 219 	385 	150
f 397 	270 	251
f 408 	224 	395
f 388 	272 	381
f 380 	227 	394
f 394 	227 	391
f 398 	385 	396
f 130 	389 	393
f 393 	389 	395
f 251 	357 	397
f 373 	390 	298
f 115 	114 	298
f 373 	113 	299
f 390 	373 	299
f 391 	335 	392
f 440 	97 	144
f 378 	399 	208
f 403 	400 	382
f 399 	401 	208
f 377 	402 	404
f 277 	388 	362
f 171 	400 	246
f 403 	246 	400
f 373 	298 	114
f 277 	362 	183
f 109 	299 	113
f 152 	150 	405
f 382 	318 	403
f 150 	398 	405
f 68 	359 	389
f 362 	292 	183
f 406 	408 	389
f 395 	389 	408
f 326 	246 	261
f 329 	404 	384
f 301 	282 	407
f 410 	384 	404
f 302 	458 	403
f 387 	384 	410
f 132 	407 	282
f 402 	410 	404
f 132 	68 	407
f 329 	377 	404
f 412 	386 	411
f 359 	414 	389
f 406 	389 	414
f 417 	402 	416
f 410 	402 	417
f 482 	416 	402
f 376 	130 	297
f 428 	387 	410
f 409 	415 	476
f 297 	71 	376
f 412 	411 	269
f 499 	269 	411
f 71 	68 	376
f 410 	417 	418
f 444 	428 	418
f 410 	418 	428
f 413 	375 	374
f 192 	304 	193
f 310 	419 	347
f 297 	420 	71
f 287 	413 	374
f 349 	360 	412
f 386 	412 	306
f 193 	303 	202
f 415 	409 	381
f 310 	311 	417
f 418 	417 	311
f 412 	269 	349
f 309 	202 	303
f 71 	301 	407
f 416 	419 	417
f 419 	310 	417
f 324 	349 	269
f 304 	190 	313
f 301 	71 	420
f 401 	396 	385
f 401 	385 	208
f 433 	321 	328
f 416 	482 	166
f 485 	155 	424
f 186 	423 	238
f 230 	202 	314
f 309 	314 	202
f 185 	149 	186
f 421 	289 	361
f 230 	314 	425
f 424 	147 	426
f 422 	415 	381
f 321 	433 	420
f 372 	422 	381
f 318 	425 	314
f 427 	424 	429
f 287 	289 	421
f 454 	143 	412
f 360 	454 	412
f 375 	422 	372
f 428 	429 	424
f 430 	424 	427
f 382 	118 	425
f 325 	425 	118
f 426 	387 	428
f 323 	301 	420
f 421 	413 	287
f 426 	133 	387
f 322 	433 	328
f 434 	435 	396
f 317 	198 	316
f 424 	426 	428
f 246 	403 	261
f 452 	342 	403
f 338 	323 	433
f 322 	338 	433
f 111 	458 	440
f 442 	494 	205
f 205 	195 	442
f 443 	429 	428
f 68 	389 	376
f 443 	428 	444
f 433 	323 	420
f 343 	496 	495
f 445 	196 	207
f 205 	493 	496
f 486 	430 	445
f 121 	96 	458
f 250 	335 	394
f 394 	380 	250
f 330 	250 	380
f 104 	143 	144
f 429 	443 	196
f 427 	429 	445
f 444 	144 	443
f 144 	196 	443
f 359 	90 	339
f 285 	75 	484
f 396 	435 	398
f 443 	220 	429
f 354 	355 	90
f 104 	144 	126
f 448 	449 	87
f 480 	447 	431
f 220 	430 	427
f 427 	429 	220
f 220 	443 	444
f 355 	339 	90
f 87 	392 	448
f 437 	361 	438
f 438 	432 	437
f 431 	437 	432
f 75 	87 	484
f 446 	362 	388
f 441 	431 	447
f 449 	448 	191
f 392 	191 	448
f 71 	407 	68
f 342 	312 	403
f 312 	261 	403
f 452 	403 	458
f 418 	440 	144
f 444 	418 	144
f 449 	448 	335
f 392 	335 	448
f 220 	444 	418
f 362 	446 	438
f 492 	238 	423
f 99 	452 	458
f 441 	421 	361
f 427 	490 	429
f 437 	431 	441
f 441 	413 	421
f 430 	490 	427
f 143 	454 	455
f 143 	455 	456
f 143 	456 	135
f 432 	446 	409
f 331 	492 	291
f 290 	492 	472
f 259 	337 	417
f 437 	441 	361
f 432 	438 	446
f 446 	388 	381
f 306 	412 	143
f 464 	344 	429
f 280 	457 	167
f 149 	167 	457
f 409 	446 	381
f 76 	77 	467
f 444 	443 	418
f 417 	418 	443
f 259 	417 	443
f 100 	99 	110
f 111 	110 	99
f 459 	413 	447
f 76 	467 	460
f 462 	76 	461
f 460 	461 	76
f 201 	211 	167
f 332 	347 	419
f 302 	121 	458
f 441 	447 	413
f 458 	111 	99
f 207 	204 	463
f 207 	463 	445
f 461 	108 	462
f 460 	108 	461
f 379 	462 	108
f 259 	262 	108
f 379 	108 	228
f 434 	451 	450
f 453 	435 	450
f 434 	450 	435
f 461 	330 	462
f 324 	326 	349
f 350 	349 	326
f 261 	264 	326
f 350 	326 	264
f 457 	280 	435
f 83 	182 	422
f 459 	375 	413
f 379 	462 	330
f 330 	461 	460
f 457 	435 	453
f 312 	342 	319
f 465 	431 	432
f 480 	431 	465
f 300 	467 	77
f 464 	469 	170
f 457 	215 	450
f 453 	457 	450
f 280 	215 	457
f 264 	312 	350
f 342 	350 	312
f 471 	423 	451
f 356 	107 	358
f 471 	475 	423
f 472 	423 	475
f 473 	320 	353
f 474 	467 	473
f 320 	473 	467
f 300 	308 	467
f 468 	191 	464
f 466 	191 	468
f 319 	452 	353
f 465 	432 	470
f 291 	492 	290
f 474 	460 	467
f 469 	464 	191
f 392 	244 	191
f 476 	470 	432
f 475 	471 	434
f 473 	353 	452
f 342 	452 	319
f 101 	477 	98
f 468 	469 	464
f 471 	451 	434
f 473 	477 	474
f 101 	474 	477
f 452 	99 	98
f 452 	98 	477
f 452 	477 	473
f 468 	466 	469
f 478 	469 	466
f 476 	432 	409
f 342 	263 	452
f 479 	377 	151
f 364 	456 	455
f 455 	454 	364
f 475 	434 	472
f 101 	100 	474
f 460 	474 	100
f 472 	434 	290
f 377 	479 	402
f 481 	402 	479
f 364 	454 	360
f 460 	100 	108
f 402 	481 	482
f 472 	475 	294
f 475 	471 	294
f 451 	294 	471
f 452 	330 	460
f 452 	460 	100
f 452 	100 	99
f 481 	419 	482
f 470 	273 	465
f 416 	482 	419
f 363 	484 	364
f 285 	484 	363
f 456 	364 	484
f 116 	120 	484
f 456 	484 	120
f 470 	276 	273
f 117 	116 	484
f 435 	405 	398
f 476 	276 	470
f 417 	416 	166
f 418 	417 	166
f 162 	164 	479
f 482 	481 	166
f 164 	166 	481
f 479 	164 	481
f 151 	162 	479
f 107 	135 	456
f 107 	456 	455
f 107 	455 	454
f 107 	454 	360
f 107 	360 	358
f 350 	452 	356
f 342 	452 	350
f 99 	356 	452
f 107 	356 	99
f 127 	484 	449
f 117 	484 	127
f 87 	449 	484
f 435 	483 	405
f 343 	495 	348
f 476 	175 	276
f 191 	127 	449
f 424 	486 	485
f 480 	465 	273
f 370 	369 	190
f 424 	430 	486
f 455 	456 	120
f 119 	454 	120
f 273 	283 	480
f 317 	316 	72
f 436 	72 	316
f 445 	485 	486
f 449 	454 	127
f 182 	175 	415
f 436 	316 	439
f 430 	427 	445
f 442 	439 	316
f 175 	476 	415
f 449 	335 	454
f 455 	120 	454
f 124 	454 	119
f 124 	127 	454
f 199 	203 	316
f 220 	155 	485
f 220 	485 	486
f 430 	220 	486
f 454 	335 	281
f 454 	281 	360
f 480 	459 	447
f 401 	399 	434
f 461 	462 	128
f 166 	165 	418
f 165 	222 	418
f 220 	418 	222
f 487 	316 	203
f 401 	434 	396
f 283 	459 	480
f 481 	334 	333
f 332 	419 	333
f 481 	333 	419
f 461 	128 	460
f 100 	460 	128
f 100 	128 	105
f 293 	459 	283
f 471 	233 	451
f 450 	451 	233
f 316 	487 	494
f 127 	134 	449
f 448 	449 	134
f 148 	487 	203
f 445 	463 	489
f 445 	489 	485
f 462 	380 	128
f 129 	128 	380
f 379 	380 	462
f 394 	129 	380
f 491 	487 	148
f 472 	234 	475
f 471 	475 	234
f 129 	394 	134
f 394 	391 	134
f 448 	134 	391
f 448 	391 	392
f 154 	153 	488
f 233 	232 	450
f 453 	450 	232
f 87 	199 	76
f 198 	76 	199
f 191 	490 	204
f 466 	490 	191
f 463 	204 	490
f 463 	490 	489
f 331 	291 	399
f 170 	157 	490
f 77 	76 	200
f 486 	485 	489
f 486 	489 	490
f 87 	203 	199
f 235 	472 	290
f 490 	466 	170
f 87 	75 	203
f 435 	279 	483
f 136 	300 	77
f 280 	457 	346
f 466 	468 	490
f 468 	464 	490
f 486 	490 	430
f 464 	429 	490
f 453 	232 	457
f 346 	457 	232
f 337 	336 	482
f 481 	482 	336
f 334 	481 	336
f 200 	136 	77
f 493 	205 	494
f 238 	492 	293
f 416 	417 	337
f 482 	416 	337
f 496 	497 	495
f 489 	488 	490
f 488 	478 	490
f 153 	478 	488
f 160 	478 	153
f 466 	490 	478
f 423 	472 	492
f 469 	344 	464
f 344 	228 	429
f 331 	365 	492
f 315 	492 	365
f 190 	369 	498
f 497 	498 	495
f 492 	315 	293
f 487 	493 	494
f 329 	384 	133
f 496 	487 	497
f 367 	497 	487
f 487 	496 	493
f 469 	478 	344
f 367 	366 	497
f 426 	147 	133
f 386 	367 	491
f 341 	123 	79
f 344 	478 	341
f 316 	494 	442
f 80 	307 	81
f 85 	86 	188
f 86 	173 	188
f 223 	188 	173
f 85 	188 	89
f 487 	491 	367
f 215 	211 	91
f 212 	91 	210
f 125 	123 	161
f 173 	86 	91
f 212 	223 	91
f 173 	91 	223
f 451 	173 	86
f 159 	341 	478
f 160 	159 	478
f 161 	123 	159
f 123 	341 	159
f 491 	181 	499
f 411 	491 	499
f 491 	411 	386
f 152 	405 	483
f 181 	171 	499
f 499 	171 	268
f 248 	244 	170
f 170 	469 	248
f 74 	72 	180
f 72 	436 	180
f 157 	152 	488
f 146 	154 	152
f 78 	74 	180
f 152 	483 	146
f 138 	139 	284
f 139 	82 	284
f 284 	82 	217
f 157 	488 	489
f 284 	305 	142
f 284 	142 	138
f 489 	490 	157
f 305 	393 	142
f 466 	468 	170
f 500 	233 	471
f 378 	208 	125
f 209 	123 	208
f 500 	471 	234
f 233 	500 	234
f 125 	208 	123
f 123 	209 	79
# 1036 faces

 #end of obj_1

o obj_2
v 0.587906 1.425270 1.221533
v 0.559061 1.406545 1.114146
v 1.362483 2.099088 0.905030
v 1.329167 2.113233 0.911610
v 1.319148 2.177222 0.903580
v 1.331714 2.190021 0.898025
v 1.153145 1.789837 0.883062
v 1.365284 2.194146 0.888214
v 1.386460 2.175738 0.885606
v 0.550551 1.662981 1.191408
v 1.083722 1.864144 0.886891
v 0.779062 1.311954 1.070990
v 0.521424 1.644435 1.083094
v 1.350171 2.192323 0.892592
v 1.142585 1.790972 0.894820
v 1.223601 2.161019 0.791352
v 1.935368 2.933139 0.609983
v 1.562388 2.817279 0.617068
v 1.561772 2.817901 0.618282
v 1.317782 2.188002 0.903364
v 1.328658 2.100150 0.904513
v 1.384522 2.061819 0.885541
v 1.352467 2.193227 0.889834
v 1.606562 2.826904 0.715899
v 1.738110 1.818812 0.826134
v 1.317782 2.188002 0.903364
v 1.718356 1.805835 0.752487
v 1.651948 2.806092 0.707484
v 1.123256 1.791569 0.915090
v 1.586465 2.591660 0.609247
v 1.606562 2.826904 0.715899
v 1.377079 2.205006 0.853221
v 1.300363 2.220260 0.794236
v 1.325575 2.125671 0.904179
v 1.713689 1.839497 0.855344
v 1.469141 2.157055 0.847562
v 1.660745 2.802075 0.705863
v 1.570883 2.689931 0.596427
v 1.582949 2.831302 0.696879
v 1.282930 2.219811 0.793573
v 1.681272 1.818439 0.734364
v 1.282167 2.219772 0.793734
v 1.589813 2.829896 0.702031
v 1.380932 2.204355 0.856131
v 1.631713 2.516697 0.734476
v 0.812915 1.370800 1.212347
v 1.272760 2.228186 0.764604
v 1.636434 2.519778 0.751921
v 1.271672 2.229204 0.761160
v 1.267754 2.227757 0.765548
v 0.763452 1.339879 1.028563
v 1.770125 2.512457 0.725830
v 1.159467 1.807010 0.993046
v 1.635871 2.544248 0.760352
v 1.160003 1.786732 0.987000
v 1.595466 2.549085 0.622859
v 1.592745 2.551557 0.614484
v 1.760003 2.549988 0.738935
v 1.141007 1.805323 0.986929
v 1.141007 1.805323 0.986929
v 1.141007 1.805323 0.986929
v 1.697655 2.525946 0.759714
v 1.353908 2.154665 0.764664
v 1.707759 2.489442 0.746965
v 1.305250 2.177055 0.773907
v 0.808180 1.330426 1.179240
v 1.286223 2.158787 0.782119
v 1.297392 2.087322 0.791200
v 1.305287 2.088272 0.788916
v 1.675452 2.795050 0.703273
v 1.446303 2.142179 0.761435
v 1.305250 2.177055 0.773907
v 1.182129 1.927871 0.863794
v 1.575926 2.685442 0.611950
v 1.618762 2.647147 0.743992
v 1.623630 2.642878 0.758987
v 0.702874 1.513005 1.217323
v 1.296184 2.106992 0.795142
v 1.300569 2.084521 0.800797
v 0.796815 1.472474 1.199070
v 0.874667 1.533692 1.167603
v 1.477545 2.160057 0.837964
v 1.630015 2.525042 0.761685
v 1.629901 2.530342 0.763427
v 1.458198 2.147520 0.764364
v 1.457434 2.147159 0.764128
v 1.573424 2.833238 0.689846
v 1.573512 2.833199 0.689876
v 1.579794 2.831967 0.694611
v 1.556765 2.822771 0.628437
v 1.572879 2.832891 0.688034
v 1.566810 2.828949 0.665208
v 1.534045 2.601174 0.790821
v 1.554693 2.634377 0.779473
v 1.528326 2.863140 0.731497
v 1.471250 2.155460 0.813019
v 1.462975 2.150089 0.781013
v 1.526138 2.596874 0.789612
v 1.458868 2.147557 0.765442
v 1.458644 2.147403 0.764584
v 1.504331 2.585051 0.786134
v 1.477825 2.159842 0.837558
v 1.511605 2.565157 0.803067
v 1.709385 2.976295 0.629212
v 1.595408 1.886908 0.879190
v 1.502530 2.642159 0.747618
v 1.283819 2.170888 0.779021
v 0.716851 1.524608 1.194288
v 1.540498 2.651984 0.611170
v 1.492387 2.575094 0.637432
v 1.563664 2.689058 0.598519
v 0.848580 1.540426 1.156212
v 1.492622 2.531084 0.815772
v 1.486604 2.572051 0.643473
v 1.470453 2.563590 0.660340
v 1.470267 2.539624 0.649461
v 1.517180 2.527034 0.806603
v 1.506787 2.668074 0.662171
v 1.511921 2.669946 0.656501
v 1.759775 2.834833 0.639453
v 1.543265 2.681519 0.621394
v 1.516375 2.552054 0.814136
v 1.736757 2.492218 0.602071
v 1.562868 1.866765 0.758403
v 1.505227 2.658191 0.694798
v 0.788648 1.493709 1.179515
v 1.506704 2.667397 0.664482
v 1.489178 2.247385 0.724939
v 1.610092 2.641044 0.763444
v 1.613422 2.636742 0.763280
v 1.564096 2.587364 0.785117
v 1.515786 2.538835 0.806443
v 1.316828 2.069944 0.850915
v 1.308145 2.064277 0.818393
v 1.304878 2.062164 0.806489
v 1.328379 1.940857 0.836992
v 1.350992 1.920536 0.906772
v 1.334368 2.054280 0.905135
v 1.618799 2.642085 0.760930
v 1.327236 2.076792 0.889767
v 1.470621 2.536835 0.649849
v 1.327851 2.077200 0.892109
v 1.509101 2.541424 0.638763
v 1.748382 2.861071 0.672551
v 1.553812 2.546869 0.625753
v 1.299296 2.085684 0.796759
v 1.546465 2.544769 0.631868
v 1.465716 2.839427 0.751482
v 1.558341 1.898484 0.860712
v 1.995245 3.093139 0.463438
v 1.251043 1.905519 0.945682
v 1.253471 1.906939 0.941245
v 0.624075 1.451680 1.249057
v 2.011907 3.104248 0.525639
v 1.230793 1.916335 0.907656
v 1.958674 3.088449 0.440135
v 1.301252 2.080823 0.801720
v 1.161740 1.820491 0.978795
v 1.140919 1.805362 0.986898
v 1.204897 1.926836 0.869928
v 1.538499 1.885546 0.787033
v 1.546418 2.830582 0.747844
v 1.917281 3.006256 0.465796
v 1.302109 1.609177 0.898022
v 1.321911 1.622136 0.971836
v 1.611176 2.546500 0.769614
v 1.139369 1.804355 0.981260
v 0.809093 1.604369 0.970478
v 1.484079 2.806615 0.768690
v 0.637386 1.583645 1.020229
v 1.706898 2.055029 0.794646
v 1.687144 2.042052 0.720999
v 1.298700 1.641374 0.867033
v 1.686085 2.039911 0.828699
v 1.653524 2.018764 0.707694
v 1.148787 1.646515 1.021193
v 1.800559 2.648615 0.558036
v 1.833900 2.669805 0.682083
v 0.968609 1.493159 1.149348
v 1.660633 2.652196 0.732019
v 0.919145 1.462239 0.965566
v 1.685219 2.687804 0.616202
v 1.686029 2.683142 0.632106
v 1.688711 2.666609 0.687282
v 0.653400 1.482011 1.033475
v 1.637645 2.692927 0.594027
v 1.654615 2.694987 0.589250
v 1.659987 2.693768 0.593649
v 0.747352 1.441553 1.015286
v 0.960800 1.454945 0.997843
v 0.825193 1.502695 0.983755
v 1.544596 2.638313 0.765196
v 0.676184 1.498756 1.042931
v 0.747903 1.467970 1.028192
v 1.508839 2.645046 0.738927
v 1.804919 2.660020 0.708214
v 0.807827 1.514613 1.004822
v 0.989646 1.473671 1.105231
v 0.663745 1.576657 1.032482
v 1.503098 2.665534 0.670065
v 0.795387 1.592513 0.994373
v 1.532616 2.680205 0.624511
v 1.736843 2.697832 0.550462
v 1.763637 2.633690 0.554748
v 1.892027 3.027616 0.503066
v 0.976337 1.522363 1.079620
v 0.957666 1.510254 1.010161
v 1.693101 2.754476 0.582073
v 1.680952 2.756669 0.572391
v 0.936382 1.697459 1.123084
v 0.962141 1.633175 1.091182
v 0.959753 1.648094 1.089284
v 1.683136 2.997494 0.666818
v 0.961255 1.653976 1.082324
v 1.131654 1.776117 1.015820
v 1.565271 2.814418 0.611200
v 1.623330 2.974982 0.686223
v 1.572981 2.806158 0.592756
v 0.574697 1.420720 1.065305
v 1.743113 2.823725 0.577252
v 0.764589 1.676774 1.172804
v 0.686747 1.615632 1.204336
v 0.952204 1.711420 1.075074
v 0.591935 1.655943 1.222823
v 1.546688 1.985161 0.849263
v 1.719847 2.771134 0.681453
v 1.713662 2.777658 0.695697
v 1.526819 1.973176 0.775875
v 0.949735 1.524812 0.988744
v 0.948438 1.525213 0.987716
v 1.649785 2.976229 0.542704
v 1.589988 2.953793 0.562176
v 1.372927 2.060042 0.890098
v 1.584452 2.924446 0.603480
v 1.416357 2.039924 0.874770
v 1.365426 2.061421 0.884768
v 0.858541 1.636317 1.154615
v 1.808102 2.734108 0.677462
v 1.902017 2.911874 0.485869
v 1.774957 2.713561 0.554632
v 0.748489 1.778448 1.159527
v 1.712272 2.751148 0.598098
v 1.712603 2.751343 0.599352
v 0.704386 1.603459 1.184130
v 1.711962 2.751279 0.597840
v 1.586696 2.910363 0.605205
v 0.836115 1.619279 1.146053
v 0.953479 1.667771 1.061145
v 0.955165 1.664341 1.065731
v 1.692675 2.965133 0.567080
v 1.598116 2.883172 0.571818
v 0.944499 1.526366 0.984702
v 0.878494 1.832799 1.091660
v 0.901836 1.829002 1.082997
v 0.878769 1.826100 1.089663
v 1.676310 2.689296 0.721394
v 0.886917 1.666538 0.939301
v 0.928281 1.627391 0.971270
v 0.764084 1.650410 1.159831
v 1.698223 2.753518 0.586211
v 1.713189 2.777194 0.696452
v 0.977656 1.678693 0.966620
v 0.932244 1.635153 0.974309
v 0.977995 1.544312 1.097777
v 0.978580 1.543465 1.096366
v 1.680002 2.755849 0.572100
v 1.920620 3.295504 0.449328
v 1.937049 3.306846 0.510534
v 0.923164 1.692835 0.966790
v 1.722232 2.757542 0.635705
v 0.975977 1.546646 1.101521
v 1.728913 2.761642 0.660241
v 1.890883 3.270982 0.426763
v 1.494985 2.841950 0.607450
v 0.875249 1.847789 1.086755
v 0.907078 1.834331 1.080684
v 0.881455 1.849950 1.089450
v 0.875537 1.849962 1.088653
v 1.432676 2.817816 0.628329
v 1.924235 3.292246 0.550877
v 0.930611 1.612343 0.973172
v 1.409899 2.033884 0.842642
v 1.721980 2.768952 0.676603
v 1.352321 2.063824 0.875450
v 0.699383 1.747234 0.976635
v 0.876489 1.849144 1.091432
v 0.715124 1.645853 0.989022
v 0.934105 1.651126 0.987362
v 0.934584 1.655900 0.990990
v 1.243238 1.701289 0.977326
v 1.414822 2.041019 0.875275
v 1.242636 1.702699 0.979164
v 1.242646 1.702773 0.979230
v 1.393436 2.028710 0.801877
v 0.937910 1.657998 1.003359
v 1.399059 2.026627 0.801575
v 1.618855 2.783394 0.583446
v 1.572929 2.804535 0.592177
v 1.148393 1.801119 0.994898
v 1.013294 1.903695 0.925463
v 1.055031 1.887607 0.983527
v 1.064265 1.884167 0.995992
v 1.365881 2.061451 0.884819
v 1.418220 2.039452 0.874111
v 1.034942 1.914709 0.891397
v 1.034354 1.914309 0.892556
v 1.331212 1.662468 0.988107
v 1.037345 1.912375 0.891110
v 1.035077 1.914726 0.891359
v 0.723369 1.624505 1.008541
v 1.035473 1.914840 0.890711
v 1.101838 1.883088 1.003752
v 1.353973 1.764385 0.964385
v 1.329980 2.078069 0.784021
v 1.546413 1.988438 0.741228
v 1.256457 1.735973 0.993665
v 1.247437 1.713377 0.983473
v 1.256177 1.736331 0.993604
v 1.184130 1.809359 1.000974
v 1.185426 1.810312 1.000451
v 1.578944 2.008506 0.861949
v 1.807716 3.252372 0.486485
v 1.540848 2.704408 0.618166
v 0.969684 1.909031 0.902749
v 1.778116 2.724087 0.703863
v 1.169704 1.808589 0.995643
v 0.874808 1.850617 1.086335
v 0.930391 1.857280 1.070434
v 0.828620 1.892002 0.943931
v 1.611529 3.176866 0.552247
v 1.628191 3.187974 0.614450
v 1.574237 2.725652 0.742146
v 0.725636 1.860812 0.977070
v 1.601990 3.209227 0.651986
v 1.512929 2.694332 0.662344
v 0.704118 1.787608 1.009743
v 0.733149 1.806117 1.117960
v 1.442808 2.780359 0.615289
v 1.505107 2.804418 0.594345
v 1.784497 3.358030 0.577106
v 1.350537 1.797533 0.933684
v 0.542471 1.625020 1.039041
v 1.714993 2.839828 0.548573
v 1.470164 2.537234 0.648392
v 1.179703 1.761150 0.973120
v 1.179973 1.761182 0.973044
v 1.368901 2.660468 0.672076
v 0.824785 1.928247 0.945795
v 1.656383 2.499690 0.606314
v 0.824276 1.919403 0.940416
v 1.402301 2.681787 0.796120
v 1.718770 2.523711 0.585399
v 1.224627 1.689309 0.907863
v 1.228743 1.691917 0.923500
v 1.847748 3.303736 0.570248
v 1.465957 2.632440 0.803695
v 1.439049 2.697572 0.799668
v 1.223116 1.690024 0.906206
v 1.674448 2.468085 0.622951
v 1.222544 1.690343 0.905621
v 1.824378 3.263480 0.548686
v 1.400434 2.029391 0.800493
v 1.419828 2.042661 0.873250
v 1.143862 2.000002 0.981021
v 1.142858 2.001155 0.981075
v 1.776395 3.382192 0.540905
v 1.321509 1.743274 0.843475
v 1.759716 3.372110 0.479059
v 1.556925 3.150732 0.674754
v 1.751145 3.336766 0.452994
v 1.111349 1.978909 0.859945
v 1.108810 1.981691 0.860198
v 1.224852 1.716038 0.876013
v 1.223756 1.698467 0.896442
v 1.648060 2.506984 0.723257
v 1.650118 2.508288 0.731075
v 1.224523 1.716341 0.876020
v 1.623455 2.454427 0.747583
v 1.655705 2.521628 0.720915
v 1.655765 2.519614 0.727643
v 1.814151 3.281774 0.444984
v 1.630686 2.495895 0.658545
v 1.427778 2.617755 0.799715
v 1.568599 3.187982 0.528006
v 1.654775 2.544757 0.643718
v 1.501940 2.583793 0.785798
v 1.597051 2.503532 0.637795
v 1.597022 2.503699 0.637761
v 1.473449 2.590091 0.767022
v 1.470392 2.590721 0.765086
v 1.523301 3.129722 0.549779
v 1.502385 3.135119 0.588625
v 1.519048 3.146227 0.650827
v 1.330756 1.785508 0.860327
v 1.601190 2.934657 0.665323
v 1.595572 2.508606 0.634349
v 1.627464 2.496676 0.656611
v 1.160827 1.768413 0.946899
v 1.603434 2.920573 0.667049
v 1.140765 1.805126 0.987041
v 1.122433 1.793323 0.917333
v 1.207175 2.187921 0.825215
v 1.139224 1.804263 0.981233
v 1.562581 3.296495 0.545088
v 1.132842 1.800028 0.956653
v 1.579318 3.306705 0.606931
v 1.608619 3.290478 0.636339
v 1.631428 2.904531 0.695832
v 1.575219 3.269160 0.512294
v 0.857317 1.948707 1.066678
v 0.846208 1.973756 1.038773
v 1.152515 1.789349 0.883256
v 0.860097 1.942838 1.073891
v 0.826708 1.961552 0.966343
v 1.612661 2.550623 0.619713
v 1.397826 2.671370 0.646199
v 1.424734 2.606239 0.650227
v 1.642526 2.514675 0.742633
v 1.394747 2.596218 0.676628
v 1.468388 2.562488 0.662526
v 1.468668 2.562665 0.662280
v 1.271721 2.233817 0.763204
v 1.226684 2.200201 0.897712
v 1.259847 2.183507 0.925691
v 1.406598 2.437939 0.684162
v 1.468273 2.536520 0.650568
v 1.578189 2.521323 0.633427
v 1.450727 2.578205 0.692731
v 1.073119 1.929889 1.011816
v 1.081360 1.916790 1.009521
v 1.077453 1.934090 1.010015
v 1.040644 1.915580 0.889690
v 1.992025 3.109713 0.564248
v 1.665230 2.640169 0.630070
v 1.950670 3.027501 0.589775
v 1.932040 2.896064 0.514079
v 1.948616 2.907211 0.576250
v 1.908716 3.037774 0.564977
# 438 vertices

g group_2_14528853

usemtl color_14528853
s 0

f 504 	505 	503
f 503 	505 	506
f 509 	503 	508
f 506 	508 	503
f 502 	513 	501
f 509 	508 	514
f 511 	515 	507
f 877 	511 	507
f 510 	501 	513
f 523 	536 	509
f 514 	523 	509
f 506 	514 	508
f 506 	505 	520
f 506 	523 	514
f 520 	526 	506
f 523 	506 	526
f 521 	522 	534
f 528 	644 	537
f 538 	530 	852
f 540 	542 	526
f 523 	533 	526
f 544 	532 	523
f 532 	533 	523
f 540 	526 	533
f 515 	806 	529
f 543 	908 	531
f 547 	549 	550
f 537 	595 	528
f 524 	528 	595
f 802 	812 	553
f 826 	553 	812
f 802 	553 	555
f 548 	545 	554
f 527 	525 	672
f 671 	672 	525
f 525 	535 	671
f 512 	681 	551
f 672 	541 	527
f 524 	595 	531
f 559 	560 	561
f 672 	675 	541
f 743 	543 	528
f 523 	534 	536
f 863 	536 	534
f 534 	523 	526
f 531 	595 	543
f 543 	743 	539
f 531 	528 	543
f 524 	528 	531
f 743 	528 	537
f 727 	726 	537
f 558 	564 	562
f 558 	552 	564
f 563 	565 	567
f 568 	569 	567
f 563 	567 	569
f 569 	814 	563
f 557 	530 	556
f 565 	563 	571
f 672 	571 	563
f 575 	556 	530
f 538 	574 	530
f 570 	825 	537
f 501 	512 	502
f 570 	727 	537
f 574 	575 	530
f 512 	501 	566
f 628 	565 	571
f 575 	554 	556
f 576 	554 	575
f 545 	556 	554
f 571 	862 	578
f 571 	578 	567
f 571 	567 	565
f 862 	794 	578
f 528 	756 	537
f 580 	581 	546
f 832 	543 	539
f 582 	544 	536
f 523 	536 	544
f 543 	832 	531
f 585 	586 	533
f 577 	580 	546
f 587 	899 	588
f 581 	580 	612
f 519 	746 	590
f 580 	577 	608
f 565 	572 	533
f 540 	533 	572
f 571 	565 	533
f 586 	571 	533
f 554 	584 	548
f 584 	583 	548
f 746 	592 	590
f 598 	856 	593
f 532 	596 	597
f 532 	597 	599
f 532 	599 	600
f 532 	600 	585
f 532 	585 	533
f 601 	856 	598
f 588 	595 	587
f 589 	595 	588
f 602 	596 	582
f 544 	582 	596
f 544 	596 	532
f 593 	603 	598
f 601 	598 	603
f 587 	595 	591
f 595 	774 	592
f 588 	743 	587
f 606 	593 	594
f 601 	598 	606
f 598 	593 	606
f 584 	583 	536
f 614 	610 	917
f 917 	615 	614
f 807 	605 	535
f 616 	610 	614
f 589 	743 	588
f 924 	613 	526
f 523 	526 	613
f 536 	523 	613
f 536 	613 	617
f 617 	666 	536
f 590 	592 	774
f 519 	590 	774
f 613 	622 	617
f 621 	609 	619
f 611 	609 	621
f 609 	610 	619
f 618 	619 	610
f 618 	610 	614
f 615 	921 	618
f 614 	615 	618
f 937 	620 	517
f 591 	595 	592
f 540 	572 	607
f 540 	607 	542
f 587 	743 	591
f 627 	928 	625
f 618 	928 	627
f 606 	625 	928
f 607 	572 	547
f 572 	565 	547
f 565 	628 	547
f 592 	743 	590
f 519 	590 	743
f 592 	591 	743
f 631 	632 	603
f 631 	603 	593
f 626 	612 	580
f 635 	636 	634
f 633 	634 	636
f 637 	638 	636
f 633 	636 	638
f 620 	644 	517
f 639 	629 	630
f 589 	539 	595
f 539 	543 	595
f 608 	626 	580
f 616 	641 	643
f 645 	610 	643
f 616 	643 	610
f 566 	653 	546
f 675 	624 	541
f 610 	645 	647
f 610 	647 	614
f 566 	546 	679
f 539 	743 	589
f 521 	534 	504
f 505 	504 	534
f 526 	520 	505
f 526 	505 	534
f 578 	579 	646
f 841 	651 	652
f 567 	578 	568
f 646 	568 	578
f 657 	646 	579
f 658 	659 	559
f 658 	559 	561
f 546 	653 	577
f 871 	894 	573
f 719 	512 	551
f 634 	633 	657
f 579 	657 	633
f 719 	502 	512
f 566 	501 	653
f 567 	640 	607
f 633 	640 	578
f 579 	633 	578
f 567 	578 	640
f 542 	607 	640
f 640 	642 	542
f 542 	642 	521
f 542 	521 	534
f 542 	534 	526
f 614 	927 	615
f 527 	664 	665
f 632 	666 	617
f 631 	666 	632
f 584 	536 	666
f 659 	658 	667
f 631 	562 	666
f 561 	560 	667
f 561 	667 	658
f 631 	593 	598
f 631 	598 	666
f 584 	666 	564
f 655 	894 	652
f 583 	584 	666
f 598 	601 	666
f 601 	886 	666
f 583 	666 	886
f 527 	541 	664
f 584 	554 	666
f 576 	639 	554
f 666 	554 	630
f 630 	554 	639
f 631 	666 	630
f 541 	673 	664
f 674 	671 	535
f 648 	595 	669
f 595 	662 	669
f 535 	605 	674
f 552 	623 	859
f 624 	673 	541
f 539 	589 	832
f 588 	587 	832
f 695 	832 	587
f 589 	588 	832
f 546 	581 	679
f 583 	886 	889
f 545 	548 	889
f 583 	889 	548
f 605 	821 	674
f 670 	719 	685
f 680 	574 	684
f 683 	684 	574
f 575 	574 	680
f 574 	686 	683
f 686 	688 	683
f 687 	688 	686
f 682 	683 	688
f 551 	681 	691
f 678 	677 	623
f 685 	551 	689
f 538 	611 	574
f 621 	574 	611
f 512 	690 	681
f 623 	552 	678
f 551 	691 	689
f 594 	629 	692
f 575 	692 	629
f 575 	629 	639
f 575 	639 	576
f 730 	681 	729
f 594 	692 	606
f 695 	606 	692
f 618 	627 	619
f 698 	566 	679
f 656 	663 	739
f 695 	625 	606
f 698 	679 	710
f 693 	699 	685
f 627 	625 	700
f 698 	690 	512
f 699 	670 	685
f 702 	621 	619
f 698 	512 	566
f 822 	705 	663
f 852 	704 	703
f 729 	690 	707
f 690 	698 	707
f 706 	707 	698
f 677 	704 	623
f 592 	835 	591
f 591 	835 	587
f 704 	677 	740
f 693 	685 	689
f 852 	623 	704
f 694 	693 	689
f 703 	704 	740
f 691 	701 	697
f 691 	668 	701
f 697 	694 	689
f 712 	714 	715
f 738 	678 	696
f 689 	691 	697
f 696 	552 	558
f 751 	716 	718
f 751 	663 	705
f 551 	685 	719
f 552 	696 	678
f 596 	672 	671
f 518 	774 	716
f 723 	714 	710
f 719 	513 	502
f 519 	743 	518
f 711 	710 	712
f 724 	741 	722
f 712 	710 	714
f 649 	821 	605
f 577 	653 	722
f 709 	718 	708
f 743 	742 	718
f 716 	743 	718
f 716 	518 	743
f 722 	653 	724
f 726 	727 	644
f 649 	661 	725
f 668 	691 	681
f 570 	644 	761
f 608 	577 	722
f 690 	729 	681
f 653 	501 	724
f 661 	728 	725
f 858 	730 	729
f 707 	853 	729
f 749 	748 	715
f 726 	783 	537
f 735 	782 	733
f 709 	708 	843
f 731 	732 	734
f 678 	738 	677
f 705 	746 	751
f 737 	721 	741
f 737 	741 	710
f 738 	740 	677
f 656 	739 	650
f 721 	722 	741
f 720 	742 	743
f 743 	770 	720
f 620 	720 	770
f 626 	608 	744
f 744 	759 	626
f 688 	760 	682
f 720 	745 	742
f 612 	626 	747
f 748 	749 	723
f 714 	723 	749
f 620 	770 	772
f 747 	626 	759
f 714 	749 	715
f 900 	715 	748
f 737 	581 	612
f 831 	830 	604
f 721 	747 	759
f 769 	795 	723
f 737 	612 	747
f 730 	752 	681
f 721 	737 	747
f 731 	734 	750
f 753 	754 	755
f 858 	860 	730
f 604 	750 	734
f 744 	608 	722
f 620 	783 	644
f 726 	644 	783
f 684 	756 	680
f 721 	744 	722
f 766 	709 	843
f 708 	760 	843
f 720 	843 	760
f 746 	716 	751
f 737 	679 	581
f 738 	825 	727
f 760 	745 	720
f 663 	751 	843
f 663 	843 	739
f 762 	763 	758
f 727 	761 	644
f 721 	759 	744
f 765 	698 	764
f 710 	771 	698
f 743 	742 	740
f 765 	706 	698
f 727 	761 	726
f 756 	726 	761
f 742 	745 	740
f 788 	763 	762
f 724 	501 	510
f 760 	740 	745
f 788 	762 	789
f 901 	789 	762
f 790 	706 	676
f 709 	766 	703
f 745 	718 	742
f 510 	837 	724
f 905 	795 	901
f 903 	795 	905
f 764 	676 	765
f 760 	708 	740
f 709 	740 	708
f 676 	706 	765
f 769 	681 	758
f 837 	741 	724
f 760 	718 	745
f 708 	718 	760
f 737 	710 	679
f 688 	687 	766
f 709 	708 	766
f 688 	766 	708
f 763 	769 	758
f 764 	698 	771
f 771 	710 	711
f 654 	780 	768
f 710 	741 	837
f 775 	776 	777
f 775 	777 	778
f 648 	779 	595
f 771 	816 	676
f 764 	771 	676
f 710 	837 	723
f 774 	595 	779
f 650 	654 	768
f 758 	681 	781
f 752 	781 	681
f 838 	774 	779
f 768 	767 	650
f 735 	725 	782
f 728 	782 	725
f 736 	733 	782
f 736 	782 	784
f 620 	772 	783
f 668 	757 	785
f 753 	786 	777
f 776 	754 	777
f 753 	777 	754
f 650 	773 	656
f 757 	681 	769
f 668 	681 	757
f 767 	773 	650
f 754 	776 	775
f 754 	775 	755
f 787 	668 	785
f 738 	772 	770
f 743 	740 	770
f 738 	770 	740
f 787 	785 	670
f 821 	649 	725
f 525 	527 	665
f 769 	763 	788
f 769 	788 	789
f 789 	795 	769
f 772 	738 	783
f 727 	726 	738
f 783 	738 	726
f 706 	790 	854
f 733 	791 	735
f 787 	670 	699
f 792 	790 	676
f 817 	676 	816
f 676 	793 	792
f 634 	794 	635
f 703 	839 	852
f 771 	711 	818
f 771 	818 	816
f 748 	723 	795
f 819 	818 	712
f 789 	901 	795
f 728 	796 	782
f 670 	785 	842
f 852 	839 	538
f 711 	712 	818
f 819 	712 	715
f 795 	903 	748
f 900 	748 	903
f 797 	751 	798
f 799 	553 	715
f 553 	826 	715
f 881 	663 	656
f 751 	718 	798
f 693 	694 	810
f 694 	697 	810
f 656 	773 	881
f 766 	797 	703
f 797 	798 	703
f 728 	794 	796
f 664 	854 	665
f 854 	790 	665
f 693 	810 	699
f 784 	782 	803
f 791 	803 	782
f 791 	782 	804
f 792 	793 	665
f 790 	792 	665
f 815 	624 	675
f 511 	805 	806
f 515 	511 	806
f 525 	665 	535
f 766 	797 	709
f 718 	709 	797
f 718 	797 	798
f 661 	815 	728
f 805 	511 	808
f 701 	668 	787
f 657 	635 	794
f 808 	809 	805
f 537 	644 	570
f 665 	807 	535
f 800 	529 	806
f 761 	825 	570
f 809 	808 	811
f 665 	817 	807
f 761 	727 	570
f 728 	814 	794
f 825 	662 	595
f 813 	605 	807
f 604 	713 	831
f 646 	657 	569
f 814 	569 	657
f 794 	814 	657
f 797 	766 	687
f 797 	687 	686
f 929 	820 	930
f 830 	731 	750
f 823 	797 	574
f 686 	574 	797
f 797 	823 	798
f 794 	634 	657
f 756 	528 	832
f 524 	832 	528
f 815 	661 	624
f 813 	649 	605
f 570 	537 	756
f 761 	570 	756
f 793 	676 	817
f 728 	815 	814
f 823 	835 	518
f 716 	823 	518
f 573 	660 	636
f 718 	798 	716
f 823 	716 	798
f 818 	819 	820
f 651 	637 	652
f 637 	636 	652
f 594 	856 	669
f 629 	594 	669
f 660 	655 	636
f 648 	847 	779
f 629 	669 	662
f 847 	648 	851
f 610 	609 	917
f 655 	652 	636
f 733 	522 	791
f 786 	778 	777
f 822 	663 	881
f 538 	839 	611
f 839 	838 	611
f 609 	611 	838
f 770 	537 	783
f 743 	537 	770
f 772 	770 	783
f 828 	801 	800
f 824 	828 	800
f 825 	696 	558
f 725 	735 	503
f 827 	828 	829
f 738 	696 	825
f 803 	791 	522
f 869 	834 	713
f 819 	715 	826
f 819 	826 	820
f 717 	869 	713
f 824 	829 	828
f 810 	697 	701
f 665 	793 	817
f 717 	893 	869
f 787 	699 	810
f 828 	812 	802
f 801 	828 	802
f 806 	805 	824
f 806 	824 	800
f 823 	574 	621
f 702 	823 	621
f 824 	805 	811
f 809 	811 	805
f 701 	787 	810
f 692 	575 	832
f 680 	756 	832
f 575 	680 	832
f 692 	832 	695
f 817 	816 	807
f 524 	531 	832
f 627 	700 	835
f 818 	820 	807
f 816 	818 	807
f 884 	830 	822
f 619 	835 	702
f 823 	702 	835
f 627 	835 	619
f 590 	519 	835
f 519 	518 	835
f 700 	625 	835
f 929 	807 	820
f 769 	836 	757
f 835 	592 	590
f 826 	930 	820
f 742 	743 	683
f 770 	683 	743
f 785 	836 	842
f 695 	587 	625
f 625 	587 	835
f 813 	841 	649
f 760 	745 	682
f 785 	757 	836
f 931 	813 	929
f 684 	683 	770
f 684 	770 	772
f 761 	727 	825
f 595 	537 	825
f 718 	716 	774
f 518 	519 	774
f 831 	822 	830
f 756 	684 	783
f 772 	783 	684
f 807 	929 	813
f 750 	604 	830
f 756 	783 	726
f 709 	703 	740
f 513 	836 	510
f 837 	510 	836
f 688 	708 	760
f 769 	723 	836
f 837 	836 	723
f 774 	838 	839
f 742 	682 	745
f 842 	719 	670
f 798 	774 	703
f 718 	774 	798
f 842 	513 	719
f 739 	843 	720
f 839 	703 	774
f 836 	513 	842
f 641 	616 	844
f 622 	603 	632
f 766 	843 	797
f 751 	797 	843
f 622 	632 	617
f 848 	833 	516
f 845 	846 	555
f 553 	799 	555
f 845 	555 	799
f 850 	516 	833
f 833 	848 	850
f 902 	516 	550
f 853 	707 	854
f 706 	854 	707
f 857 	669 	856
f 858 	729 	853
f 516 	607 	550
f 547 	550 	607
f 752 	730 	860
f 874 	752 	860
f 849 	859 	852
f 623 	852 	859
f 856 	883 	857
f 648 	669 	857
f 912 	758 	877
f 780 	855 	840
f 593 	856 	594
f 780 	933 	855
f 781 	752 	877
f 873 	877 	752
f 834 	831 	713
f 860 	858 	664
f 664 	853 	854
f 796 	862 	782
f 804 	782 	863
f 853 	664 	858
f 815 	563 	814
f 705 	822 	861
f 664 	673 	874
f 864 	813 	931
f 861 	822 	831
f 841 	813 	864
f 767 	768 	866
f 874 	860 	664
f 651 	841 	864
f 651 	864 	865
f 768 	780 	866
f 804 	863 	791
f 522 	791 	863
f 522 	863 	534
f 767 	866 	868
f 867 	673 	624
f 637 	651 	638
f 868 	870 	773
f 732 	731 	891
f 773 	767 	868
f 865 	638 	651
f 840 	866 	780
f 796 	794 	862
f 657 	579 	794
f 579 	578 	794
f 638 	733 	736
f 638 	736 	784
f 638 	784 	633
f 932 	871 	872
f 784 	803 	736
f 646 	569 	568
f 906 	904 	866
f 661 	867 	624
f 859 	564 	552
f 736 	642 	784
f 640 	784 	642
f 873 	752 	874
f 876 	564 	875
f 859 	875 	564
f 781 	877 	758
f 803 	521 	736
f 633 	784 	640
f 872 	871 	573
f 638 	521 	733
f 912 	762 	758
f 876 	875 	878
f 673 	873 	874
f 821 	725 	503
f 873 	673 	877
f 636 	635 	573
f 872 	573 	635
f 511 	877 	673
f 876 	875 	880
f 879 	880 	875
f 522 	733 	521
f 638 	865 	521
f 791 	503 	735
f 779 	847 	916
f 504 	503 	521
f 773 	870 	881
f 522 	521 	503
f 522 	503 	791
f 875 	859 	882
f 857 	851 	648
f 522 	521 	803
f 642 	736 	521
f 857 	883 	851
f 674 	821 	509
f 884 	881 	870
f 879 	875 	882
f 879 	882 	885
f 822 	881 	884
f 856 	601 	886
f 883 	856 	886
f 927 	859 	849
f 731 	830 	884
f 585 	586 	672
f 599 	600 	672
f 596 	597 	672
f 919 	851 	883
f 889 	890 	883
f 597 	599 	672
f 886 	889 	883
f 932 	511 	867
f 596 	671 	602
f 622 	613 	603
f 932 	867 	871
f 891 	731 	884
f 875 	597 	878
f 867 	661 	894
f 871 	867 	894
f 891 	884 	909
f 673 	867 	511
f 613 	924 	889
f 596 	878 	597
f 602 	878 	596
f 516 	902 	848
f 596 	782 	597
f 906 	893 	892
f 894 	649 	841
f 862 	597 	782
f 863 	782 	596
f 863 	596 	602
f 894 	661 	649
f 579 	578 	872
f 635 	657 	872
f 657 	579 	872
f 660 	573 	894
f 891 	909 	892
f 893 	717 	895
f 604 	895 	713
f 894 	655 	660
f 888 	887 	859
f 927 	896 	859
f 888 	859 	896
f 895 	717 	713
f 859 	887 	897
f 882 	859 	897
f 892 	732 	891
f 585 	672 	600
f 841 	652 	894
f 892 	734 	732
f 895 	604 	734
f 846 	845 	898
f 600 	599 	882
f 799 	715 	900
f 893 	734 	892
f 734 	893 	895
f 515 	529 	762
f 901 	762 	529
f 868 	866 	904
f 599 	597 	882
f 875 	882 	597
f 898 	845 	799
f 898 	799 	900
f 898 	900 	903
f 898 	903 	905
f 597 	862 	599
f 907 	906 	866
f 840 	907 	866
f 529 	800 	901
f 905 	901 	801
f 600 	599 	862
f 800 	801 	901
f 868 	904 	909
f 528 	524 	908
f 534 	865 	924
f 521 	865 	534
f 563 	815 	675
f 892 	904 	906
f 559 	659 	802
f 802 	555 	559
f 892 	909 	904
f 924 	526 	534
f 644 	528 	908
f 909 	870 	868
f 586 	571 	672
f 560 	559 	555
f 846 	898 	555
f 589 	899 	539
f 589 	588 	899
f 543 	539 	899
f 516 	578 	567
f 516 	567 	607
f 659 	667 	802
f 667 	905 	802
f 801 	802 	905
f 587 	591 	899
f 675 	672 	563
f 899 	908 	543
f 524 	531 	908
f 585 	600 	628
f 516 	872 	578
f 519 	518 	746
f 716 	746 	518
f 560 	555 	667
f 667 	555 	898
f 905 	667 	898
f 571 	586 	628
f 586 	585 	628
f 882 	628 	600
f 507 	912 	877
f 600 	862 	585
f 899 	591 	592
f 893 	906 	907
f 571 	586 	862
f 586 	585 	862
f 829 	824 	850
f 912 	515 	762
f 507 	515 	912
f 592 	746 	899
f 603 	613 	886
f 603 	886 	601
f 893 	907 	869
f 896 	628 	888
f 887 	888 	628
f 882 	897 	628
f 886 	613 	889
f 821 	503 	509
f 887 	628 	897
f 828 	827 	913
f 888 	885 	887
f 890 	889 	606
f 889 	886 	606
f 601 	606 	886
f 884 	870 	909
f 674 	509 	671
f 516 	850 	824
f 834 	869 	907
f 882 	897 	885
f 897 	887 	885
f 896 	885 	888
f 915 	885 	896
f 838 	916 	917
f 536 	671 	509
f 582 	671 	536
f 834 	907 	840
f 838 	917 	609
f 582 	602 	671
f 536 	878 	582
f 855 	834 	840
f 548 	878 	583
f 548 	918 	878
f 876 	878 	918
f 536 	583 	878
f 917 	919 	920
f 917 	920 	921
f 615 	917 	921
f 602 	582 	878
f 834 	855 	861
f 876 	880 	918
f 916 	847 	919
f 861 	831 	834
f 582 	863 	602
f 536 	863 	582
f 547 	922 	549
f 847 	851 	919
f 890 	889 	924
f 923 	890 	924
f 916 	919 	917
f 928 	902 	925
f 926 	920 	925
f 916 	838 	779
f 925 	643 	641
f 925 	641 	926
f 932 	872 	811
f 811 	872 	824
f 645 	849 	557
f 922 	547 	628
f 643 	628 	647
f 927 	647 	628
f 925 	628 	643
f 922 	628 	925
f 849 	645 	927
f 647 	927 	645
f 550 	922 	902
f 549 	922 	550
f 922 	925 	902
f 614 	647 	927
f 883 	890 	928
f 920 	919 	928
f 883 	928 	919
f 628 	896 	927
f 911 	914 	923
f 616 	926 	844
f 887 	920 	927
f 896 	888 	927
f 888 	887 	927
f 929 	930 	828
f 812 	828 	930
f 647 	556 	927
f 896 	927 	556
f 896 	556 	915
f 897 	889 	887
f 616 	920 	926
f 614 	615 	616
f 826 	812 	930
f 875 	545 	882
f 918 	545 	876
f 875 	876 	545
f 545 	889 	882
f 897 	882 	889
f 928 	925 	920
f 921 	920 	616
f 615 	921 	616
f 915 	545 	885
f 918 	880 	545
f 879 	545 	880
f 879 	885 	545
f 556 	545 	915
f 910 	911 	923
f 921 	920 	618
f 928 	618 	920
f 902 	923 	914
f 923 	924 	910
f 913 	910 	924
f 647 	645 	643
f 645 	557 	556
f 645 	556 	647
f 844 	926 	641
f 902 	928 	923
f 902 	914 	848
f 662 	825 	558
f 890 	923 	928
f 630 	629 	558
f 865 	864 	931
f 931 	828 	865
f 929 	828 	931
f 924 	865 	828
f 606 	928 	890
f 828 	913 	924
f 808 	511 	932
f 921 	927 	920
f 615 	927 	921
f 811 	808 	932
f 516 	824 	872
f 755 	775 	753
f 786 	753 	775
f 786 	775 	778
f 889 	890 	928
f 889 	928 	920
f 889 	920 	887
f 827 	829 	850
f 827 	850 	848
f 827 	848 	914
f 911 	910 	914
f 827 	914 	910
f 827 	910 	913
f 654 	933 	780
f 584 	564 	583
f 548 	564 	918
f 876 	918 	564
f 564 	548 	583
f 683 	934 	742
f 742 	934 	682
f 682 	934 	683
f 855 	933 	935
f 562 	631 	630
f 938 	861 	935
f 562 	630 	558
f 564 	666 	562
f 935 	861 	855
f 662 	558 	629
f 650 	936 	937
f 654 	650 	937
f 650 	739 	936
f 530 	849 	852
f 557 	849 	530
f 517 	935 	933
f 517 	644 	935
f 908 	935 	644
f 720 	936 	739
f 720 	620 	936
f 937 	936 	620
f 938 	705 	861
f 899 	746 	938
f 705 	938 	746
f 935 	908 	938
f 938 	908 	899
f 654 	937 	517
f 517 	933 	654
# 1032 faces

 #end of obj_2

o obj_3
v -0.933965 1.212485 1.672742
v -0.963078 1.238531 1.583038
v -0.941130 1.252292 1.664771
v -0.934118 1.217485 1.674222
v 0.544071 2.139648 1.151308
v 0.888506 1.432053 1.145134
v 0.652607 1.403659 1.213397
v 0.667661 1.448698 1.221577
v 0.863273 1.472250 1.164965
v 0.888353 1.437053 1.146614
v 0.034801 1.983415 1.343187
v 0.033805 1.964816 1.325066
v 0.537770 2.124349 1.177259
v -0.911558 1.258412 1.678791
v -0.715944 1.281965 1.622178
v -0.698016 1.240934 1.604411
v 0.549590 2.107965 1.142594
v 0.881427 1.471821 1.137194
v 0.859392 1.458100 1.055429
v 0.630292 1.425433 1.082949
v 0.629936 1.425226 1.083698
v 0.825905 1.448984 1.026338
v -0.753312 1.258700 1.483552
v -0.752538 1.258670 1.483926
v 0.525756 2.077326 1.127204
v 0.549590 2.107965 1.142594
v -0.948926 1.235148 1.540163
v -0.551225 1.755349 1.511920
v -0.723355 1.255059 1.498908
v -0.723578 1.255295 1.498213
v 0.812069 1.464961 1.027254
v -0.510575 2.258651 1.416777
v 0.627685 1.433748 1.082839
v -0.230561 2.031908 1.406269
v -0.096687 1.844240 1.381439
v 0.054492 2.085010 1.077279
v 0.625347 1.442308 1.081949
v -0.074280 2.020883 1.123308
v -0.667817 2.329522 1.250587
v -0.562799 1.773371 1.533983
v 0.624980 1.442027 1.082632
v -0.338383 2.018916 1.437487
v -0.434005 2.026121 1.218741
v 0.033542 2.033876 1.092091
v -0.024612 1.946352 1.122730
v -0.500809 1.968504 1.246549
v 0.852761 1.462810 1.038822
v 0.852317 1.462928 1.038603
v 0.820505 1.465973 1.024819
v -0.656666 2.313622 1.228147
v 0.609778 1.433559 1.109141
v 0.648398 1.404032 1.211470
v -0.133346 2.110915 1.366017
v -0.712506 2.237340 1.256870
v -0.141708 2.120288 1.340976
v -0.014916 2.057892 1.343835
v -0.619062 1.738305 1.324965
v -0.596808 1.726414 1.342689
v -0.237039 2.041423 1.380627
v -0.072130 2.037350 1.144918
v 0.535183 2.082766 1.169342
v 0.092907 2.070885 1.312618
v -0.576999 2.235843 1.221238
v 0.517251 2.059199 1.155199
v -0.374340 2.067862 1.413183
v 0.051013 2.095181 1.102060
v -0.342919 2.028702 1.411240
v 0.113847 2.121943 1.297741
v 0.727814 1.956111 1.094026
v -0.675531 2.003691 1.287294
v -0.456586 1.880779 1.272133
v 0.714734 1.941851 1.122566
v -0.639864 2.004183 1.284225
v -0.597819 2.009226 1.272078
v -0.145595 1.813668 1.199767
v -0.153200 1.826068 1.178632
v -0.600234 2.012774 1.265481
v 0.033799 2.050127 1.114234
v -0.308662 1.898544 1.229372
v -0.419279 1.954026 1.463231
v -0.419349 1.953038 1.462845
v -0.025182 2.066975 1.319262
v -0.399378 1.931069 1.468925
v -0.803171 1.977309 1.541366
v 0.533025 1.787507 1.046184
v -0.419337 1.931178 1.452733
v -0.805362 1.944745 1.534829
v -0.780868 1.965471 1.559021
v -0.407950 1.911604 1.452944
v 0.509979 2.083932 0.995713
v 0.097999 2.124713 1.276506
v -0.787152 1.919149 1.507292
v -0.418525 1.928423 1.450571
v -0.417205 1.923687 1.446780
v 0.570384 1.810697 1.184746
v 0.518989 1.773062 1.074925
v 0.498324 2.111934 0.981468
v 0.080698 2.079696 1.288650
v 0.481546 2.089192 0.968342
v -0.967410 1.243505 1.565781
v 0.545345 1.789541 1.172586
v 0.499448 2.060903 1.029475
v -0.967129 1.243753 1.565302
v -0.949001 1.252793 1.537084
v -0.940565 1.253805 1.534648
v -0.616165 2.040699 1.507820
v -0.753473 1.276169 1.481144
v -0.552827 2.082343 1.240832
v 0.427943 1.918113 1.204364
v 0.210767 2.204186 1.257495
v -0.583610 2.039635 1.493104
v -0.541633 2.044476 1.480895
v -0.473062 2.013677 1.467565
v -0.445570 2.001111 1.462201
v -0.695771 1.242141 1.600549
v -0.441396 2.005567 1.467007
v -0.752710 1.276065 1.481454
v -0.724242 1.272611 1.496059
v 0.344379 2.231306 1.209710
v 0.344080 2.230693 1.210762
v -0.772258 1.630249 1.424063
v 0.409324 1.893252 1.191194
v -0.540822 2.049836 1.485939
v 0.420946 1.901446 1.231223
v 0.486906 2.051648 0.989423
v -0.773936 1.925023 1.548361
v -0.761371 1.905132 1.525386
v -0.734899 1.653440 1.562626
v -0.374650 2.063054 1.439203
v -0.716087 1.637582 1.537753
v 0.398793 1.870222 1.224956
v 0.479883 2.035934 1.016571
v 0.300671 2.117458 1.011983
v 0.293926 2.120511 1.006608
v -0.742443 1.621104 1.440092
v 0.345471 2.222026 1.211918
v 0.268550 2.113595 1.021274
v -0.535851 2.092827 1.260168
v 0.220862 2.107810 1.035124
v 0.218494 2.111413 1.028459
v -0.187671 2.417708 1.305824
v -0.621104 2.035064 1.504022
v -0.353964 2.392259 1.354513
v -0.617425 1.769549 1.488443
v 0.131588 1.996278 1.078563
v 0.164324 2.062195 1.058332
v -0.180093 2.406260 1.327249
v 0.141625 2.043754 1.067607
v -0.346288 2.380847 1.376034
v 0.132565 1.993723 1.080728
v -0.607698 1.777527 1.529007
v -0.585912 1.751563 1.510057
v 0.300261 2.220439 1.016062
v 0.192260 2.204384 1.237315
v 0.136608 2.045322 1.061990
v 0.119438 1.963724 1.081007
v -0.631198 1.790518 1.510980
v -0.844974 1.920713 1.387949
v -0.493462 2.119351 1.461359
v -0.849004 1.949633 1.371496
v 0.138786 1.976960 1.095459
v 0.291387 2.199752 1.004275
v 0.701555 1.939670 0.996462
v 0.677366 1.918586 0.983938
v 0.299993 2.210795 1.010950
v -0.236580 2.387137 1.124152
v 0.123881 2.311158 1.045122
v 0.138789 1.974786 1.098254
v -0.837179 1.930351 1.350073
v -0.402503 2.361469 1.173798
v 0.138802 1.971330 1.102664
v -0.813459 1.902726 1.409563
v 0.147601 1.976793 1.135252
v 0.325300 2.389238 1.172510
v 0.276625 2.358434 0.991833
v -0.314693 1.911432 1.206677
v 0.337260 2.243993 1.153498
v 0.345873 2.249208 1.185328
v -0.239449 2.369326 1.106788
v 0.383026 1.876903 1.093530
v -0.405654 2.343839 1.155506
v 0.372603 1.871300 1.051728
v 0.359171 1.845259 1.077920
v 0.245284 2.464425 1.181063
v 0.390574 1.894848 1.065736
v 0.238570 2.451322 1.206702
v 0.348718 2.241903 1.192188
v 0.345255 2.233599 1.205884
v -0.289926 1.994900 1.185741
v -0.397748 1.981908 1.216959
v 0.316306 2.391093 1.196646
v -0.822213 1.893905 1.368442
v -0.798740 1.881867 1.386759
v 0.186274 2.357958 1.236875
v -0.488961 2.122322 1.434517
v 0.188043 2.031309 1.286673
v 0.188162 2.028897 1.285597
v -0.943930 1.754726 1.577972
v -0.283939 2.011853 1.206213
v -0.915052 1.745549 1.594334
v -0.557475 2.229081 1.242362
v 0.178852 2.000786 1.301465
v 0.370456 1.866423 1.245057
v 0.170781 2.340728 1.219536
v 0.387573 1.887867 1.258853
v 0.187665 2.008376 1.276322
v -0.389867 1.999076 1.236895
v 0.181779 1.982635 1.282237
v -0.677580 1.999633 1.295151
v -0.970188 1.738286 1.480408
v 0.186205 2.004870 1.274446
v 0.196657 2.433676 1.000317
v -0.952332 1.722244 1.455736
v 0.184375 2.000191 1.271830
v -0.192701 2.073980 1.145555
v 0.179205 2.414314 0.986174
v -0.188608 2.090716 1.166560
v 0.288204 2.195453 1.001734
v 0.288465 2.195731 1.001989
v 0.256902 2.354108 0.976254
v 0.331310 1.852802 1.049836
v 0.324961 1.837449 1.075856
v -0.697127 2.096064 1.305504
v -0.668567 1.767252 1.372351
v 0.288663 2.192385 1.002122
v -0.643724 1.753200 1.390779
v -0.697443 2.086366 1.300461
v -0.655992 1.747435 1.349442
v 0.356519 2.152865 1.220977
v -0.691814 2.077563 1.290133
v 0.127230 2.320678 1.017373
v 0.353290 2.157520 1.227135
v 0.133142 1.951810 1.101426
v -0.421288 2.038238 1.238839
v -0.625486 1.726654 1.362952
v -0.689259 2.073329 1.285427
v -0.014831 1.933990 1.144256
v 0.151403 2.167178 1.036967
v 0.324755 2.148995 1.230221
v 0.197935 2.078624 1.275924
v 0.220615 2.097308 1.266680
v 0.277009 2.143153 1.243842
v 0.195973 2.082330 1.282517
v -0.501609 1.966272 1.253808
v -0.529120 1.978689 1.259042
v -0.474960 1.919179 1.254791
v 0.277859 2.148420 1.248985
v -0.019895 2.432493 1.257814
v -0.068570 2.401689 1.077138
v -0.672847 2.268996 1.461461
v -0.721386 2.238207 1.280746
v -0.474486 1.917683 1.256128
v -0.619191 2.360272 1.431332
v -0.458744 1.894060 1.248398
v -0.661347 2.118806 1.438555
v -0.597301 2.350630 1.448674
v -0.071720 2.384058 1.058846
v -0.093845 1.863002 1.399094
v 0.549638 2.108019 1.142524
v -0.467752 1.899938 1.271753
v -0.260064 1.929462 1.410084
v 0.549590 2.107965 1.142594
v -0.012356 2.421067 1.279373
v -0.653151 2.274274 1.477331
v -0.651564 2.124779 1.474838
v -0.462740 1.894805 1.277480
v -0.466156 1.898258 1.273586
v 0.145370 2.174889 1.062966
v -0.648718 2.117474 1.481699
v -0.255328 1.948440 1.427204
v -0.632648 2.108776 1.494259
v -0.633131 2.108984 1.493940
v -0.637553 2.111275 1.490462
v -0.456253 1.898904 1.301591
v -0.517868 2.273085 1.440770
v -0.631967 2.104293 1.494857
v -0.752982 1.267447 1.482501
# 277 vertices

g group_3_9772161

usemtl color_9772161
s 0

f 941 	942 	940
f 939 	940 	942
f 946 	947 	945
f 947 	948 	945
f 944 	945 	948
f 953 	954 	952
f 942 	952 	954
f 942 	954 	939
f 948 	956 	957
f 948 	957 	944
f 958 	959 	960
f 968 	961 	962
f 1040 	963 	964
f 962 	961 	965
f 967 	968 	962
f 969 	958 	960
f 979 	971 	1023
f 958 	1023 	971
f 963 	999 	964
f 958 	971 	959
f 971 	969 	959
f 975 	969 	971
f 960 	959 	969
f 975 	971 	979
f 982 	976 	983
f 972 	1208 	980
f 957 	985 	986
f 957 	986 	987
f 957 	987 	969
f 957 	969 	975
f 957 	975 	979
f 957 	979 	989
f 957 	989 	990
f 957 	990 	945
f 957 	945 	944
f 1119 	1108 	988
f 977 	988 	1108
f 976 	1014 	983
f 956 	1007 	957
f 948 	947 	956
f 992 	988 	977
f 976 	982 	1016
f 958 	969 	1023
f 997 	993 	991
f 997 	991 	972
f 955 	999 	951
f 1005 	997 	972
f 998 	976 	1016
f 979 	1034 	989
f 949 	994 	1000
f 946 	945 	990
f 996 	1204 	995
f 972 	980 	1005
f 1034 	1039 	989
f 985 	957 	1007
f 1005 	980 	1067
f 988 	992 	1001
f 947 	1010 	956
f 1010 	1007 	956
f 1012 	995 	1183
f 1011 	995 	1012
f 955 	964 	999
f 1183 	1015 	1012
f 1049 	1050 	978
f 1036 	1006 	1000
f 963 	1002 	999
f 987 	1102 	969
f 1020 	998 	1036
f 1016 	1036 	998
f 1018 	1019 	978
f 1019 	1024 	978
f 1016 	982 	974
f 1031 	1032 	978
f 1004 	1016 	974
f 1143 	1167 	951
f 1012 	1015 	1011
f 991 	993 	1020
f 947 	1033 	1010
f 1008 	1011 	1015
f 947 	946 	1033
f 1019 	1018 	1021
f 991 	1020 	994
f 1031 	978 	1024
f 966 	978 	1032
f 1015 	984 	1046
f 994 	1020 	1036
f 1000 	994 	1036
f 1029 	1036 	1004
f 1017 	1013 	1014
f 1022 	1026 	1025
f 1027 	1024 	1021
f 1021 	1024 	1019
f 1013 	1199 	973
f 1026 	1064 	1025
f 1027 	1031 	1024
f 1031 	1027 	1032
f 1127 	1114 	1014
f 979 	1023 	1034
f 1036 	1029 	1006
f 1022 	1211 	1026
f 1028 	1035 	1037
f 1038 	1136 	940
f 1028 	1063 	1040
f 942 	941 	952
f 1016 	1004 	1036
f 1039 	1033 	946
f 946 	990 	1039
f 1060 	1039 	1034
f 990 	989 	1039
f 1033 	1047 	1002
f 1051 	978 	1050
f 1052 	978 	1051
f 1018 	978 	1052
f 954 	953 	1053
f 1052 	1054 	1018
f 1021 	1018 	1054
f 1010 	1033 	1002
f 1057 	1058 	1129
f 1054 	1052 	1051
f 1046 	984 	981
f 1053 	1068 	1056
f 1101 	963 	1040
f 1039 	1047 	1033
f 1055 	1073 	1045
f 1047 	1039 	1060
f 1061 	1054 	1051
f 1061 	1051 	1050
f 1059 	1045 	1073
f 1046 	981 	1076
f 1037 	1063 	1028
f 1061 	1097 	1054
f 1101 	1040 	1102
f 952 	1066 	953
f 1062 	1047 	1060
f 1102 	1040 	1070
f 1060 	1069 	1062
f 1066 	1068 	953
f 1068 	1053 	953
f 1095 	1065 	1064
f 1076 	1172 	1133
f 1044 	1061 	1049
f 1049 	1080 	1044
f 1063 	1070 	1040
f 1065 	1030 	1064
f 1073 	1056 	1068
f 1047 	1062 	999
f 1172 	1076 	981
f 1050 	1049 	1061
f 1075 	1159 	1071
f 1064 	1030 	1025
f 1072 	1078 	1075
f 1072 	1075 	1071
f 999 	1062 	951
f 1075 	1078 	1077
f 1028 	1040 	1197
f 1097 	1067 	1054
f 1065 	1095 	1066
f 943 	1035 	1028
f 1002 	1047 	999
f 1066 	1095 	1068
f 1095 	1082 	1068
f 1005 	1067 	1003
f 1060 	1121 	1069
f 1049 	978 	1080
f 1084 	1159 	1077
f 1084 	1086 	1159
f 1083 	1159 	1086
f 1083 	1088 	1159
f 1088 	1099 	1159
f 1106 	1159 	1099
f 1116 	1115 	943
f 1085 	1087 	1081
f 1085 	1081 	1079
f 951 	1062 	1143
f 1148 	1110 	1030
f 1115 	1113 	1091
f 1003 	1133 	1172
f 1090 	1082 	1089
f 1088 	1083 	1094
f 1093 	1094 	1083
f 1093 	1083 	1086
f 1115 	1091 	1035
f 1214 	1209 	1044
f 1035 	1100 	1037
f 1100 	1157 	1037
f 1007 	1101 	985
f 1082 	1095 	1089
f 985 	1101 	986
f 1102 	986 	1101
f 1102 	987 	986
f 1099 	1094 	1171
f 1088 	1094 	1099
f 1035 	1091 	1103
f 1035 	1103 	1100
f 1082 	1090 	1173
f 1107 	1098 	1096
f 1133 	1067 	1097
f 1156 	1163 	1037
f 1110 	1025 	1030
f 1108 	1104 	1079
f 1163 	1071 	1037
f 1110 	1130 	1096
f 1171 	1109 	1106
f 1171 	1106 	1099
f 1110 	1096 	1025
f 1111 	1109 	1171
f 1023 	969 	1102
f 1081 	1108 	1079
f 1114 	1192 	1017
f 1103 	1091 	1113
f 1115 	1112 	1113
f 1115 	1116 	1112
f 1125 	1112 	1116
f 1095 	1064 	1089
f 1102 	1070 	1023
f 1104 	1108 	1117
f 1123 	1034 	1023
f 1118 	1034 	1123
f 1105 	1142 	1206
f 1034 	1118 	1060
f 1108 	1119 	1117
f 1121 	1118 	1120
f 1014 	1114 	1017
f 1057 	1129 	1112
f 1001 	1119 	988
f 1125 	1126 	1112
f 1035 	943 	1115
f 1121 	1060 	1118
f 1199 	1013 	1017
f 1001 	1117 	1119
f 1070 	1123 	1023
f 1150 	1113 	1122
f 1073 	1068 	1082
f 1093 	1086 	1084
f 1057 	1112 	1126
f 1110 	1148 	1151
f 1118 	1123 	1120
f 1126 	951 	1057
f 1058 	1057 	951
f 943 	951 	1126
f 1129 	1122 	1112
f 1120 	1159 	1121
f 1128 	981 	984
f 1107 	1096 	1130
f 1159 	1160 	1121
f 1129 	1124 	1122
f 943 	1125 	1116
f 1151 	1131 	1110
f 1105 	1169 	1139
f 1128 	1145 	981
f 1126 	1125 	943
f 1120 	1123 	1070
f 1026 	1089 	1064
f 1074 	1058 	951
f 1127 	1128 	1114
f 966 	996 	1090
f 1077 	1078 	1084
f 1093 	1084 	1078
f 1145 	1128 	1127
f 1143 	1177 	1167
f 1133 	1003 	1067
f 1134 	1178 	1143
f 1132 	1124 	1129
f 1153 	1127 	1014
f 1063 	1120 	1070
f 1026 	1080 	978
f 1143 	1135 	1134
f 1132 	970 	1213
f 941 	940 	1136
f 1136 	1038 	1148
f 1120 	1063 	1037
f 1136 	1148 	1030
f 1129 	1048 	1132
f 1037 	1159 	1120
f 1138 	941 	1136
f 1134 	1140 	1181
f 1153 	1137 	1127
f 1138 	952 	941
f 974 	982 	1093
f 1135 	1140 	1134
f 1030 	1138 	1136
f 1130 	1110 	1131
f 1030 	1065 	1138
f 1001 	1046 	1139
f 1127 	1137 	1145
f 1069 	1141 	1143
f 1144 	1143 	1149
f 1135 	1143 	1144
f 1143 	1062 	1069
f 1149 	1143 	1152
f 1046 	1076 	1139
f 1092 	1142 	1048
f 1160 	1069 	1121
f 1059 	1151 	1043
f 982 	1094 	1093
f 1142 	970 	1132
f 1160 	1141 	1069
f 1146 	1140 	1144
f 1066 	1138 	1065
f 1142 	1132 	1048
f 1147 	1107 	995
f 1135 	1144 	1140
f 1133 	970 	1076
f 970 	1139 	1076
f 1066 	952 	1138
f 1092 	1206 	1142
f 981 	1145 	1172
f 1141 	1152 	1143
f 1137 	1005 	1145
f 1141 	1111 	1152
f 1186 	1187 	1122
f 1145 	1005 	1172
f 1187 	1150 	1122
f 1151 	1041 	1042
f 1153 	1014 	976
f 1147 	1011 	1008
f 1112 	1122 	1113
f 1038 	1041 	1148
f 1151 	1148 	1041
f 1098 	1022 	1096
f 1203 	1022 	1193
f 1015 	992 	1008
f 1155 	1153 	998
f 1149 	1152 	1146
f 1144 	1149 	1146
f 1156 	1157 	1158
f 1113 	1158 	1157
f 1025 	1096 	1022
f 1187 	1154 	1150
f 1152 	1111 	1146
f 1013 	973 	950
f 993 	1155 	998
f 992 	1015 	1046
f 1042 	1043 	1151
f 1100 	1103 	1113
f 1100 	1113 	1157
f 1171 	1146 	1111
f 1154 	1158 	1150
f 1193 	1161 	1189
f 1059 	1131 	1151
f 1146 	950 	1140
f 949 	1140 	950
f 998 	1153 	976
f 1153 	1155 	1137
f 1171 	1175 	1146
f 1158 	1113 	1150
f 1162 	1131 	1059
f 1156 	1037 	1157
f 1161 	1193 	1098
f 1059 	1073 	1162
f 1075 	1077 	1159
f 1159 	1037 	1071
f 1164 	1162 	1073
f 1098 	1193 	1022
f 1000 	1140 	949
f 998 	1020 	993
f 1164 	1073 	1082
f 1158 	1072 	1156
f 1163 	1156 	1072
f 1165 	1189 	1161
f 1209 	1210 	1202
f 1106 	1109 	1159
f 1160 	1159 	1109
f 1165 	1168 	1189
f 1137 	993 	997
f 1155 	993 	1137
f 1109 	1111 	1160
f 1141 	1160 	1111
f 951 	1167 	1074
f 1169 	1176 	1158
f 1074 	1170 	1058
f 1129 	1058 	1170
f 1163 	1072 	1071
f 1098 	1168 	1165
f 1098 	1165 	1161
f 1078 	1158 	1176
f 1166 	1162 	1164
f 1078 	1072 	1158
f 1170 	1074 	1167
f 1189 	1168 	1174
f 1005 	1137 	997
f 1171 	1094 	1175
f 1173 	1166 	1164
f 1098 	1107 	1168
f 1174 	1168 	1107
f 1164 	1082 	1173
f 1178 	1179 	1143
f 1179 	1180 	1143
f 1177 	1143 	1180
f 1169 	1158 	1154
f 1013 	1175 	1014
f 1046 	1001 	992
f 1169 	1154 	1195
f 1176 	974 	1093
f 1090 	996 	1173
f 1181 	1178 	1134
f 1107 	1147 	1174
f 1097 	1202 	1213
f 1130 	1131 	1166
f 1005 	1003 	1172
f 1166 	1107 	1130
f 1174 	1147 	1008
f 1174 	1008 	1189
f 1044 	1202 	1061
f 1166 	1131 	1162
f 1182 	1183 	995
f 1182 	995 	1184
f 1061 	1202 	1097
f 1181 	1185 	1179
f 1205 	995 	1204
f 1180 	1179 	1185
f 1173 	995 	1166
f 977 	1108 	1081
f 950 	1175 	1013
f 1176 	1093 	1078
f 995 	1173 	996
f 1179 	1178 	1181
f 1122 	1124 	1186
f 1205 	1198 	995
f 995 	1190 	1184
f 977 	1191 	1189
f 1188 	1189 	1191
f 1079 	1104 	1187
f 995 	1107 	1166
f 1191 	977 	1081
f 1182 	1184 	984
f 1193 	1189 	1188
f 1207 	1203 	1188
f 1187 	1186 	1079
f 1189 	992 	977
f 1105 	1176 	1169
f 1192 	984 	1184
f 974 	1176 	1206
f 1187 	1104 	1117
f 1011 	1147 	995
f 1000 	1181 	1140
f 1192 	1184 	1190
f 1008 	992 	1189
f 950 	973 	1196
f 1206 	1176 	1105
f 1187 	1195 	1154
f 1006 	1048 	1181
f 943 	1028 	1197
f 1032 	1212 	966
f 1206 	1004 	974
f 1196 	949 	950
f 1087 	1194 	1081
f 1197 	951 	943
f 1187 	1117 	1195
f 1190 	995 	1198
f 1000 	1006 	1181
f 955 	1197 	1200
f 1081 	1194 	1191
f 996 	966 	1212
f 1027 	1021 	1199
f 1197 	955 	951
f 1201 	1085 	1186
f 1079 	1186 	1085
f 1197 	964 	1200
f 1193 	1188 	1203
f 1017 	1009 	1199
f 964 	1197 	1040
f 1009 	1192 	1198
f 1198 	1192 	1190
f 1194 	1202 	1191
f 1167 	1177 	1170
f 963 	1101 	1007
f 1201 	1186 	1124
f 1196 	973 	1199
f 1169 	1195 	1117
f 1199 	1021 	1208
f 1180 	1185 	1177
f 1170 	1177 	1185
f 1010 	963 	1007
f 1188 	1202 	1210
f 1021 	980 	1208
f 963 	1010 	1002
f 1199 	1208 	1196
f 1001 	1169 	1117
f 1029 	1004 	1092
f 1202 	1188 	1191
f 1188 	1210 	1211
f 1188 	1211 	1207
f 1204 	996 	1212
f 955 	1200 	964
f 1132 	1213 	1085
f 1201 	1132 	1085
f 1048 	1129 	1185
f 1204 	1009 	1205
f 1198 	1205 	1009
f 1132 	1201 	1124
f 1209 	1026 	1210
f 1210 	1026 	1211
f 1196 	1208 	972
f 1206 	1092 	1004
f 1080 	1026 	1214
f 1048 	1185 	1181
f 1204 	1212 	1009
f 991 	994 	1196
f 994 	949 	1196
f 1001 	1139 	1169
f 991 	1196 	972
f 1203 	1207 	1022
f 1185 	1129 	1170
f 1022 	1207 	1211
f 1175 	1094 	983
f 1209 	1214 	1026
f 1059 	1043 	961
f 965 	961 	1043
f 1067 	980 	1054
f 961 	968 	1215
f 950 	1146 	1175
f 1202 	1044 	1209
f 1032 	1027 	1212
f 1059 	961 	1045
f 1215 	1045 	961
f 1080 	1214 	1044
f 982 	983 	1094
f 1043 	1045 	1215
f 1043 	1215 	962
f 1043 	962 	965
f 1092 	1048 	1006
f 1017 	1192 	1009
f 980 	1021 	1054
f 1215 	968 	1055
f 1073 	1055 	968
f 968 	967 	1056
f 968 	1056 	1073
f 1014 	1175 	983
f 1029 	1092 	1006
f 1055 	1056 	1215
f 962 	1215 	1056
f 962 	1056 	967
f 1027 	1199 	1009
f 1202 	1194 	1213
f 1128 	984 	1192
f 1056 	1055 	1053
f 1055 	1043 	1053
f 1045 	1043 	1055
f 954 	1053 	1043
f 1042 	1041 	1043
f 954 	1043 	1041
f 954 	1041 	1038
f 954 	1038 	940
f 954 	940 	939
f 1213 	1194 	1087
f 1192 	1114 	1128
f 978 	966 	1090
f 1213 	1087 	1085
f 984 	1015 	1183
f 1090 	1089 	978
f 1089 	1026 	978
f 1183 	1182 	984
f 1139 	970 	1105
f 1142 	1105 	970
f 1097 	970 	1133
f 1097 	1213 	970
f 1009 	1212 	1027
# 558 faces

 #end of obj_3


# double-sided
f 3 2 1
f 4 3 1
f 9 11 10
f 9 12 11
f 9 13 12
f 13 9 5
f 16 26 13
f 12 15 14
f 11 12 14
f 9 21 5
f 19 22 20
f 16 22 19
f 17 22 16
f 7 25 23
f 26 16 19
f 16 13 5
f 16 5 6
f 41 66 64
f 45 34 32
f 28 20 22
f 29 28 22
f 24 27 30
f 16 6 18
f 30 31 24
f 33 22 17
f 22 33 29
f 29 8 13
f 29 26 28
f 26 29 13
f 8 29 33
f 35 30 27
f 44 40 7
f 36 53 32
f 41 38 40
f 42 37 21
f 14 43 10
f 11 14 10
f 40 44 41
f 38 45 40
f 5 21 37
f 4 47 46
f 3 4 46
f 49 51 50
f 51 49 48
f 45 53 40
f 17 16 51
f 42 54 37
f 16 18 51
f 40 53 7
f 48 17 51
f 18 37 51
f 5 37 6
f 50 37 39
f 37 50 51
f 32 34 55
f 45 62 59
f 55 36 32
f 18 6 37
f 54 48 49
f 36 55 34
f 47 23 46
f 23 47 56
f 33 14 15
f 25 65 57
f 63 25 7
f 1 57 56
f 4 1 56
f 47 4 56
f 25 1 2
f 1 25 57
f 20 26 19
f 26 20 28
f 33 17 48
f 52 48 42
f 54 39 37
f 39 54 58
f 56 44 23
f 58 50 39
f 21 52 42
f 56 57 44
f 31 30 35
f 50 58 49
f 59 24 31
f 60 59 31
f 54 49 58
f 48 54 42
f 44 57 65
f 61 60 31
f 3 23 2
f 52 33 48
f 62 45 38
f 65 25 63
f 23 3 46
f 2 23 25
f 59 62 24
f 62 41 64
f 62 38 41
f 36 61 53
f 34 59 36
f 61 36 60
f 33 12 8
f 12 33 15
f 31 63 61
f 63 31 35
f 10 43 52
f 10 21 9
f 21 10 52
f 66 41 65
f 14 52 43
f 14 33 52
f 27 62 64
f 62 27 24
f 63 53 61
f 60 36 59
f 45 32 53
f 44 7 23
f 53 63 7
f 12 13 8
f 35 65 63
f 66 27 64
f 34 45 59
f 27 65 35
f 65 27 66
f 65 41 44
f 84 85 86
f 68 359 90
f 91 85 86
f 94 408 224
f 95 93 92
f 93 95 96
f 97 92 93
f 327 245 81
f 100 99 98
f 101 100 98
f 95 97 96
f 97 95 92
f 72 317 74
f 105 100 99
f 107 105 99
f 85 84 86
f 91 89 85
f 317 78 74
f 106 104 103
f 82 78 317
f 91 88 89
f 108 140 110
f 100 108 110
f 139 82 317
f 85 451 89
f 110 112 111
f 114 113 109
f 115 114 109
f 84 86 451
f 117 120 119
f 120 117 116
f 88 327 80
f 127 117 124
f 124 117 119
f 122 106 109
f 122 104 106
f 104 122 121
f 104 97 126
f 104 96 97
f 96 104 121
f 89 451 88
f 149 167 102
f 67 132 73
f 451 85 84
f 80 451 81
f 451 80 88
f 132 67 69
f 128 127 129
f 128 124 127
f 129 127 134
f 128 119 124
f 128 120 119
f 128 135 120
f 135 128 105
f 135 105 107
f 82 217 78
f 140 111 112
f 111 140 440
f 133 387 384
f 131 339 145
f 325 138 139
f 138 325 142
f 143 196 135
f 140 112 110
f 142 425 226
f 154 158 155
f 149 186 423
f 171 118 156
f 159 153 160
f 158 154 159
f 153 159 154
f 156 118 136
f 161 151 162
f 125 151 161
f 157 152 170
f 147 91 146
f 450 423 451
f 423 450 149
f 170 152 150
f 166 165 164
f 450 453 149
f 147 133 91
f 171 400 118
f 80 81 258
f 149 453 457
f 167 201 182
f 85 254 84
f 84 254 86
f 86 254 173
f 164 174 162
f 85 222 221
f 223 254 212
f 178 145 179
f 145 178 169
f 85 258 222
f 88 80 258
f 148 491 181
f 137 177 67
f 266 171 268
f 94 184 70
f 178 179 180
f 131 145 177
f 468 170 464
f 193 414 187
f 181 171 156
f 195 194 145
f 145 205 195
f 163 130 172
f 187 70 184
f 193 187 184
f 175 102 182
f 169 130 163
f 194 179 145
f 144 196 143
f 196 429 445
f 102 167 182
f 197 304 189
f 189 304 190
f 304 193 303
f 163 67 177
f 439 194 195
f 194 436 179
f 192 304 197
f 185 149 102
f 177 145 163
f 201 188 83
f 94 202 184
f 69 67 163
f 135 196 120
f 191 196 204
f 196 191 127
f 201 223 188
f 188 89 88
f 196 119 120
f 196 124 119
f 124 196 127
f 205 145 339
f 169 163 145
f 198 76 200
f 204 196 207
f 83 182 201
f 195 442 439
f 211 210 201
f 210 212 201
f 193 184 202
f 214 176 137
f 211 167 215
f 215 167 255
f 213 176 214
f 130 216 217
f 216 130 169
f 216 169 178
f 307 245 294
f 176 218 131
f 218 176 213
f 158 220 155
f 220 158 221
f 75 203 148
f 88 80 307
f 208 209 219
f 206 422 83
f 220 221 222
f 190 313 498
f 226 224 142
f 212 223 201
f 168 165 222
f 227 219 228
f 228 219 262
f 219 227 170
f 94 230 202
f 230 94 224
f 226 230 224
f 131 177 176
f 307 188 88
f 226 425 230
f 425 142 325
f 233 161 237
f 233 235 234
f 233 237 235
f 235 237 236
f 161 233 232
f 161 232 229
f 161 229 159
f 211 91 210
f 231 181 156
f 228 239 227
f 239 228 240
f 225 231 156
f 210 211 212
f 118 400 382
f 378 151 125
f 151 378 377
f 244 170 227
f 243 250 241
f 231 250 242
f 213 214 253
f 451 223 211
f 244 391 392
f 391 244 227
f 250 231 225
f 215 450 451
f 211 215 451
f 211 223 212
f 223 451 173
f 147 146 154
f 137 176 177
f 227 247 244
f 245 307 81
f 247 227 239
f 218 357 131
f 327 294 245
f 147 154 155
f 155 424 147
f 241 250 249
f 250 243 242
f 245 451 294
f 451 245 81
f 244 191 248
f 248 191 469
f 254 158 159
f 244 247 248
f 255 167 340
f 257 162 174
f 242 243 256
f 483 215 255
f 215 483 91
f 257 161 162
f 209 79 334
f 255 279 215
f 285 181 231
f 209 337 219
f 146 91 483
f 219 260 259
f 258 257 174
f 258 165 168
f 258 164 165
f 164 258 174
f 211 254 346
f 254 211 210
f 258 89 88
f 259 262 219
f 212 254 210
f 264 263 261
f 265 246 171
f 315 293 206
f 108 259 260
f 218 251 357
f 215 346 255
f 346 215 211
f 267 225 263
f 225 267 250
f 262 108 228
f 258 245 257
f 254 221 158
f 254 85 221
f 173 254 223
f 213 251 218
f 262 240 228
f 269 268 499
f 270 253 371
f 258 85 89
f 222 258 168
f 270 213 253
f 274 250 256
f 256 250 275
f 250 274 249
f 278 197 189
f 213 270 251
f 280 279 167
f 180 217 216
f 180 216 178
f 148 181 285
f 272 141 183
f 242 363 231
f 296 282 172
f 183 277 272
f 284 130 217
f 294 315 307
f 282 69 163
f 192 197 278
f 435 279 280
f 281 363 256
f 256 363 242
f 132 69 282
f 278 189 192
f 282 163 172
f 206 83 307
f 281 274 256
f 280 215 279
f 285 75 148
f 266 265 171
f 172 288 286
f 365 315 368
f 130 297 288
f 288 172 130
f 315 294 295
f 292 287 289
f 115 299 298
f 299 115 109
f 290 291 434
f 172 286 296
f 287 292 252
f 296 301 282
f 225 156 300
f 156 136 300
f 302 314 318
f 303 306 304
f 306 309 302
f 141 252 292
f 273 185 276
f 185 273 186
f 183 141 292
f 306 302 122
f 299 306 122
f 276 102 175
f 305 130 284
f 130 305 393
f 300 308 225
f 294 291 295
f 291 294 290
f 294 472 290
f 109 299 122
f 276 185 102
f 260 271 240
f 259 240 262
f 240 259 260
f 309 306 303
f 273 283 238
f 311 440 140
f 311 418 440
f 307 83 188
f 263 312 261
f 306 313 304
f 225 308 263
f 307 315 206
f 198 316 199
f 186 273 238
f 314 302 309
f 180 179 436
f 217 180 78
f 312 320 319
f 312 308 320
f 308 312 263
f 238 283 293
f 312 263 264
f 198 200 317
f 328 286 288
f 317 200 325
f 322 286 328
f 265 326 246
f 326 268 324
f 297 321 288
f 327 88 91
f 327 81 80
f 327 91 329
f 288 321 328
f 266 326 265
f 317 325 139
f 235 472 234
f 133 329 91
f 136 325 200
f 324 268 269
f 325 136 118
f 291 399 434
f 332 311 333
f 311 332 310
f 327 377 378
f 330 250 267
f 250 335 275
f 335 394 391
f 311 140 108
f 333 311 108
f 336 333 108
f 337 336 108
f 260 337 108
f 436 194 439
f 290 331 291
f 331 290 235
f 236 331 235
f 321 297 420
f 337 334 336
f 337 209 334
f 301 296 323
f 268 326 266
f 219 337 260
f 308 467 320
f 372 141 272
f 337 260 259
f 286 322 338
f 279 483 340
f 296 286 338
f 260 341 271
f 341 260 337
f 341 337 336
f 338 323 296
f 263 330 267
f 263 452 330
f 342 263 312
f 279 340 167
f 262 429 443
f 344 228 227
f 344 244 248
f 344 227 244
f 429 262 228
f 343 496 345
f 280 340 346
f 340 280 279
f 443 259 262
f 289 361 292
f 205 345 496
f 335 256 275
f 281 256 335
f 332 347 310
f 336 334 333
f 241 349 243
f 349 241 249
f 350 349 249
f 229 232 346
f 341 334 79
f 334 341 336
f 241 249 274
f 302 121 122
f 351 354 355
f 319 320 353
f 106 299 109
f 106 306 299
f 154 152 488
f 96 440 93
f 247 344 248
f 344 271 341
f 240 344 239
f 239 344 247
f 97 144 126
f 440 97 93
f 355 352 351
f 352 355 357
f 249 358 356
f 358 249 241
f 345 339 343
f 339 348 343
f 243 281 256
f 339 345 205
f 355 339 357
f 241 360 358
f 344 240 271
f 356 350 249
f 340 483 255
f 339 131 357
f 348 339 359
f 388 272 277
f 351 137 354
f 360 243 349
f 281 243 360
f 340 279 255
f 137 351 214
f 104 143 103
f 359 369 348
f 351 253 214
f 363 360 364
f 363 281 360
f 306 367 366
f 306 366 313
f 143 106 103
f 368 315 295
f 366 497 498
f 354 137 67
f 399 368 327
f 331 365 399
f 360 241 274
f 360 274 281
f 368 399 365
f 367 306 386
f 368 295 327
f 295 365 368
f 365 295 291
f 365 291 331
f 285 231 363
f 498 313 366
f 375 206 293
f 383 270 371
f 229 254 159
f 254 229 346
f 397 270 383
f 375 293 459
f 346 340 255
f 371 352 383
f 365 236 237
f 236 365 331
f 359 370 369
f 495 348 369
f 369 498 495
f 365 257 368
f 365 161 257
f 161 365 237
f 96 458 440
f 422 415 182
f 370 359 414
f 361 362 292
f 206 375 422
f 245 294 257
f 245 258 81
f 352 371 351
f 114 373 113
f 294 368 257
f 368 294 295
f 351 371 253
f 67 73 354
f 374 141 372
f 294 327 295
f 306 106 143
f 76 379 462
f 379 76 380
f 394 380 76
f 374 287 252
f 224 395 393
f 394 87 391
f 372 375 374
f 397 352 357
f 408 70 406
f 141 374 252
f 228 380 227
f 380 228 379
f 377 327 329
f 406 70 187
f 70 408 94
f 382 318 425
f 318 403 302
f 381 372 272
f 189 190 370
f 362 361 438
f 414 193 192
f 406 187 414
f 378 399 327
f 192 370 414
f 370 192 189
f 330 379 380
f 397 383 352
f 389 376 130
f 90 354 73
f 398 385 150
f 208 219 385
f 299 390 298
f 87 394 76
f 68 73 132
f 73 68 90
f 393 142 224
f 170 150 219
f 391 87 392
f 150 385 219
f 251 270 397
f 395 224 408
f 381 272 388
f 394 227 380
f 391 227 394
f 396 385 398
f 393 389 130
f 395 389 393
f 397 357 251
f 298 390 373
f 298 114 115
f 299 113 373
f 299 373 390
f 392 335 391
f 144 97 440
f 208 399 378
f 382 400 403
f 208 401 399
f 404 402 377
f 362 388 277
f 246 400 171
f 400 246 403
f 114 298 373
f 183 362 277
f 113 299 109
f 405 150 152
f 403 318 382
f 405 398 150
f 389 359 68
f 183 292 362
f 389 408 406
f 408 389 395
f 261 246 326
f 384 404 329
f 407 282 301
f 404 384 410
f 403 458 302
f 410 384 387
f 282 407 132
f 404 410 402
f 407 68 132
f 404 377 329
f 411 386 412
f 389 414 359
f 414 389 406
f 416 402 417
f 417 402 410
f 402 416 482
f 297 130 376
f 410 387 428
f 476 415 409
f 376 71 297
f 269 411 412
f 411 269 499
f 376 68 71
f 418 417 410
f 418 428 444
f 428 418 410
f 374 375 413
f 193 304 192
f 347 419 310
f 71 420 297
f 374 413 287
f 412 360 349
f 306 412 386
f 202 303 193
f 381 409 415
f 417 311 310
f 311 417 418
f 349 269 412
f 303 202 309
f 407 301 71
f 417 419 416
f 417 310 419
f 269 349 324
f 313 190 304
f 420 71 301
f 385 396 401
f 208 385 401
f 328 321 433
f 166 482 416
f 424 155 485
f 238 423 186
f 314 202 230
f 202 314 309
f 186 149 185
f 361 289 421
f 425 314 230
f 426 147 424
f 381 415 422
f 420 433 321
f 381 422 372
f 314 425 318
f 429 424 427
f 421 289 287
f 412 143 454
f 412 454 360
f 372 422 375
f 424 429 428
f 427 424 430
f 425 118 382
f 118 425 325
f 428 387 426
f 420 301 323
f 287 413 421
f 387 133 426
f 328 433 322
f 396 435 434
f 316 198 317
f 428 426 424
f 261 403 246
f 403 342 452
f 433 323 338
f 433 338 322
f 440 458 111
f 205 494 442
f 442 195 205
f 428 429 443
f 376 389 68
f 444 428 443
f 420 323 433
f 495 496 343
f 207 196 445
f 496 493 205
f 445 430 486
f 458 96 121
f 394 335 250
f 250 380 394
f 380 250 330
f 144 143 104
f 196 443 429
f 445 429 427
f 443 144 444
f 443 196 144
f 339 90 359
f 484 75 285
f 398 435 396
f 429 220 443
f 90 355 354
f 126 144 104
f 87 449 448
f 431 447 480
f 427 430 220
f 220 429 427
f 444 443 220
f 90 339 355
f 448 392 87
f 438 361 437
f 437 432 438
f 432 437 431
f 484 87 75
f 388 362 446
f 447 431 441
f 191 448 449
f 448 191 392
f 68 407 71
f 403 312 342
f 403 261 312
f 458 403 452
f 144 440 418
f 144 418 444
f 335 448 449
f 448 335 392
f 418 444 220
f 438 446 362
f 423 238 492
f 458 452 99
f 361 421 441
f 429 490 427
f 441 431 437
f 421 413 441
f 427 490 430
f 455 454 143
f 456 455 143
f 135 456 143
f 409 446 432
f 291 492 331
f 472 492 290
f 417 337 259
f 361 441 437
f 446 438 432
f 381 388 446
f 143 412 306
f 429 344 464
f 167 457 280
f 457 167 149
f 381 446 409
f 467 77 76
f 418 443 444
f 443 418 417
f 443 417 259
f 110 99 100
f 99 110 111
f 447 413 459
f 460 467 76
f 461 76 462
f 76 461 460
f 167 211 201
f 419 347 332
f 458 121 302
f 413 447 441
f 99 111 458
f 463 204 207
f 445 463 207
f 462 108 461
f 461 108 460
f 108 462 379
f 108 262 259
f 228 108 379
f 450 451 434
f 450 435 453
f 435 450 434
f 462 330 461
f 349 326 324
f 326 349 350
f 326 264 261
f 264 326 350
f 435 280 457
f 422 182 83
f 413 375 459
f 330 462 379
f 460 461 330
f 453 435 457
f 319 342 312
f 432 431 465
f 465 431 480
f 77 467 300
f 170 469 464
f 450 215 457
f 450 457 453
f 457 215 280
f 350 312 264
f 312 350 342
f 451 423 471
f 358 107 356
f 423 475 471
f 475 423 472
f 353 320 473
f 473 467 474
f 467 473 320
f 467 308 300
f 464 191 468
f 468 191 466
f 353 452 319
f 470 432 465
f 290 492 291
f 467 460 474
f 191 464 469
f 191 244 392
f 432 470 476
f 434 471 475
f 452 353 473
f 319 452 342
f 98 477 101
f 464 469 468
f 434 451 471
f 474 477 473
f 477 474 101
f 98 99 452
f 477 98 452
f 473 477 452
f 469 466 468
f 466 469 478
f 409 432 476
f 452 263 342
f 151 377 479
f 455 456 364
f 364 454 455
f 472 434 475
f 474 100 101
f 100 474 460
f 290 434 472
f 402 479 377
f 479 402 481
f 360 454 364
f 108 100 460
f 482 481 402
f 294 475 472
f 294 471 475
f 471 294 451
f 460 330 452
f 100 460 452
f 99 100 452
f 482 419 481
f 465 273 470
f 419 482 416
f 364 484 363
f 363 484 285
f 484 364 456
f 484 120 116
f 120 484 456
f 273 276 470
f 484 116 117
f 398 405 435
f 470 276 476
f 166 416 417
f 166 417 418
f 479 164 162
f 166 481 482
f 481 166 164
f 481 164 479
f 479 162 151
f 456 135 107
f 455 456 107
f 454 455 107
f 360 454 107
f 358 360 107
f 356 452 350
f 350 452 342
f 452 356 99
f 99 356 107
f 449 484 127
f 127 484 117
f 484 449 87
f 405 483 435
f 348 495 343
f 276 175 476
f 449 127 191
f 485 486 424
f 273 465 480
f 190 369 370
f 486 430 424
f 120 456 455
f 120 454 119
f 480 283 273
f 72 316 317
f 316 72 436
f 486 485 445
f 127 454 449
f 415 175 182
f 439 316 436
f 445 427 430
f 316 439 442
f 415 476 175
f 454 335 449
f 454 120 455
f 119 454 124
f 454 127 124
f 316 203 199
f 485 155 220
f 486 485 220
f 486 220 430
f 281 335 454
f 360 281 454
f 447 459 480
f 434 399 401
f 128 462 461
f 418 165 166
f 418 222 165
f 222 418 220
f 203 316 487
f 396 434 401
f 480 459 283
f 333 334 481
f 333 419 332
f 419 333 481
f 460 128 461
f 128 460 100
f 105 128 100
f 283 459 293
f 451 233 471
f 233 451 450
f 494 487 316
f 449 134 127
f 134 449 448
f 203 487 148
f 489 463 445
f 485 489 445
f 128 380 462
f 380 128 129
f 462 380 379
f 380 129 394
f 148 487 491
f 475 234 472
f 234 475 471
f 134 394 129
f 134 391 394
f 391 134 448
f 392 391 448
f 488 153 154
f 450 232 233
f 232 450 453
f 76 199 87
f 199 76 198
f 204 490 191
f 191 490 466
f 490 204 463
f 489 490 463
f 399 291 331
f 490 157 170
f 200 76 77
f 489 485 486
f 490 489 486
f 199 203 87
f 290 472 235
f 170 466 490
f 203 75 87
f 483 279 435
f 77 300 136
f 346 457 280
f 490 468 466
f 490 464 468
f 430 490 486
f 490 429 464
f 457 232 453
f 232 457 346
f 482 336 337
f 336 482 481
f 336 481 334
f 77 136 200
f 494 205 493
f 293 492 238
f 337 417 416
f 337 416 482
f 495 497 496
f 490 488 489
f 490 478 488
f 488 478 153
f 153 478 160
f 478 490 466
f 492 472 423
f 464 344 469
f 429 228 344
f 492 365 331
f 365 492 315
f 498 369 190
f 495 498 497
f 293 315 492
f 494 493 487
f 133 384 329
f 497 487 496
f 487 497 367
f 493 496 487
f 344 478 469
f 497 366 367
f 133 147 426
f 491 367 386
f 79 123 341
f 341 478 344
f 442 494 316
f 81 307 80
f 188 86 85
f 188 173 86
f 173 188 223
f 89 188 85
f 367 491 487
f 91 211 215
f 210 91 212
f 161 123 125
f 91 86 173
f 91 223 212
f 223 91 173
f 86 173 451
f 478 341 159
f 478 159 160
f 159 123 161
f 159 341 123
f 499 181 491
f 499 491 411
f 386 411 491
f 483 405 152
f 499 171 181
f 268 171 499
f 170 244 248
f 248 469 170
f 180 72 74
f 180 436 72
f 488 152 157
f 152 154 146
f 180 74 78
f 146 483 152
f 284 139 138
f 284 82 139
f 217 82 284
f 489 488 157
f 142 305 284
f 138 142 284
f 157 490 489
f 142 393 305
f 170 468 466
f 471 233 500
f 125 208 378
f 208 123 209
f 234 471 500
f 234 500 233
f 123 208 125
f 79 209 123
f 503 505 504
f 506 505 503
f 508 503 509
f 503 508 506
f 501 513 502
f 514 508 509
f 507 515 511
f 507 511 877
f 513 501 510
f 509 536 523
f 509 523 514
f 508 514 506
f 520 505 506
f 514 523 506
f 506 526 520
f 526 506 523
f 534 522 521
f 537 644 528
f 852 530 538
f 526 542 540
f 526 533 523
f 523 532 544
f 523 533 532
f 533 526 540
f 529 806 515
f 531 908 543
f 550 549 547
f 528 595 537
f 595 528 524
f 553 812 802
f 812 553 826
f 555 553 802
f 554 545 548
f 672 525 527
f 525 672 671
f 671 535 525
f 551 681 512
f 527 541 672
f 531 595 524
f 561 560 559
f 541 675 672
f 528 543 743
f 536 534 523
f 534 536 863
f 526 523 534
f 543 595 531
f 539 743 543
f 543 528 531
f 531 528 524
f 537 528 743
f 537 726 727
f 562 564 558
f 564 552 558
f 567 565 563
f 567 569 568
f 569 567 563
f 563 814 569
f 556 530 557
f 571 563 565
f 563 571 672
f 530 556 575
f 530 574 538
f 537 825 570
f 502 512 501
f 537 727 570
f 530 575 574
f 566 501 512
f 571 565 628
f 556 554 575
f 575 554 576
f 554 556 545
f 578 862 571
f 567 578 571
f 565 567 571
f 578 794 862
f 537 756 528
f 546 581 580
f 539 543 832
f 536 544 582
f 544 536 523
f 531 832 543
f 533 586 585
f 546 580 577
f 588 899 587
f 612 580 581
f 590 746 519
f 608 577 580
f 533 572 565
f 572 533 540
f 533 565 571
f 533 571 586
f 548 584 554
f 548 583 584
f 590 592 746
f 593 856 598
f 597 596 532
f 599 597 532
f 600 599 532
f 585 600 532
f 533 585 532
f 598 856 601
f 587 595 588
f 588 595 589
f 582 596 602
f 596 582 544
f 532 596 544
f 598 603 593
f 603 598 601
f 591 595 587
f 592 774 595
f 587 743 588
f 594 593 606
f 606 598 601
f 606 593 598
f 536 583 584
f 917 610 614
f 614 615 917
f 535 605 807
f 614 610 616
f 588 743 589
f 526 613 924
f 613 526 523
f 613 523 536
f 617 613 536
f 536 666 617
f 774 592 590
f 774 590 519
f 617 622 613
f 619 609 621
f 621 609 611
f 619 610 609
f 610 619 618
f 614 610 618
f 618 921 615
f 618 615 614
f 517 620 937
f 592 595 591
f 607 572 540
f 542 607 540
f 591 743 587
f 625 928 627
f 627 928 618
f 928 625 606
f 547 572 607
f 547 565 572
f 547 628 565
f 590 743 592
f 743 590 519
f 743 591 592
f 603 632 631
f 593 603 631
f 580 612 626
f 634 636 635
f 636 634 633
f 636 638 637
f 638 636 633
f 517 644 620
f 630 629 639
f 595 539 589
f 595 543 539
f 580 626 608
f 643 641 616
f 643 610 645
f 610 643 616
f 546 653 566
f 541 624 675
f 647 645 610
f 614 647 610
f 679 546 566
f 589 743 539
f 504 534 521
f 534 504 505
f 505 520 526
f 534 505 526
f 646 579 578
f 652 651 841
f 568 578 567
f 578 568 646
f 579 646 657
f 559 659 658
f 561 559 658
f 577 653 546
f 573 894 871
f 551 512 719
f 657 633 634
f 633 657 579
f 512 502 719
f 653 501 566
f 607 640 567
f 578 640 633
f 578 633 579
f 640 578 567
f 640 607 542
f 542 642 640
f 521 642 542
f 534 521 542
f 526 534 542
f 615 927 614
f 665 664 527
f 617 666 632
f 632 666 631
f 666 536 584
f 667 658 659
f 666 562 631
f 667 560 561
f 658 667 561
f 598 593 631
f 666 598 631
f 564 666 584
f 652 894 655
f 666 584 583
f 666 601 598
f 666 886 601
f 886 666 583
f 664 541 527
f 666 554 584
f 554 639 576
f 630 554 666
f 639 554 630
f 630 666 631
f 664 673 541
f 535 671 674
f 669 595 648
f 669 662 595
f 674 605 535
f 859 623 552
f 541 673 624
f 832 589 539
f 832 587 588
f 587 832 695
f 832 588 589
f 679 581 546
f 889 886 583
f 889 548 545
f 548 889 583
f 674 821 605
f 685 719 670
f 684 574 680
f 574 684 683
f 680 574 575
f 683 686 574
f 683 688 686
f 686 688 687
f 688 683 682
f 691 681 551
f 623 677 678
f 689 551 685
f 574 611 538
f 611 574 621
f 681 690 512
f 678 552 623
f 689 691 551
f 692 629 594
f 629 692 575
f 639 629 575
f 576 639 575
f 729 681 730
f 606 692 594
f 692 606 695
f 619 627 618
f 679 566 698
f 739 663 656
f 606 625 695
f 710 679 698
f 685 699 693
f 700 625 627
f 512 690 698
f 685 670 699
f 619 621 702
f 566 512 698
f 663 705 822
f 703 704 852
f 707 690 729
f 707 698 690
f 698 707 706
f 623 704 677
f 591 835 592
f 587 835 591
f 740 677 704
f 689 685 693
f 704 623 852
f 689 693 694
f 740 704 703
f 697 701 691
f 701 668 691
f 689 694 697
f 715 714 712
f 696 678 738
f 697 691 689
f 558 552 696
f 718 716 751
f 705 663 751
f 719 685 551
f 678 696 552
f 671 672 596
f 716 774 518
f 710 714 723
f 502 513 719
f 518 743 519
f 712 710 711
f 722 741 724
f 714 710 712
f 605 821 649
f 722 653 577
f 708 718 709
f 718 742 743
f 718 743 716
f 743 518 716
f 724 653 722
f 644 727 726
f 725 661 649
f 681 691 668
f 761 644 570
f 722 577 608
f 681 729 690
f 724 501 653
f 725 728 661
f 729 730 858
f 729 853 707
f 715 748 749
f 537 783 726
f 733 782 735
f 843 708 709
f 734 732 731
f 677 738 678
f 751 746 705
f 741 721 737
f 710 741 737
f 677 740 738
f 650 739 656
f 741 722 721
f 743 742 720
f 720 770 743
f 770 720 620
f 744 608 626
f 626 759 744
f 682 760 688
f 742 745 720
f 747 626 612
f 723 749 748
f 749 723 714
f 772 770 620
f 759 626 747
f 715 749 714
f 748 715 900
f 612 581 737
f 604 830 831
f 759 747 721
f 723 795 769
f 747 612 737
f 681 752 730
f 747 737 721
f 750 734 731
f 755 754 753
f 730 860 858
f 734 750 604
f 722 608 744
f 644 783 620
f 783 644 726
f 680 756 684
f 722 744 721
f 843 709 766
f 843 760 708
f 760 843 720
f 751 716 746
f 581 679 737
f 727 825 738
f 720 745 760
f 843 751 663
f 739 843 663
f 758 763 762
f 644 761 727
f 744 759 721
f 764 698 765
f 698 771 710
f 740 742 743
f 698 706 765
f 726 761 727
f 761 726 756
f 740 745 742
f 762 763 788
f 510 501 724
f 745 740 760
f 789 762 788
f 762 789 901
f 676 706 790
f 703 766 709
f 742 718 745
f 724 837 510
f 901 795 905
f 905 795 903
f 765 676 764
f 740 708 760
f 708 740 709
f 765 706 676
f 758 681 769
f 724 741 837
f 745 718 760
f 760 718 708
f 679 710 737
f 766 687 688
f 766 708 709
f 708 766 688
f 758 769 763
f 771 698 764
f 711 710 771
f 768 780 654
f 837 741 710
f 777 776 775
f 778 777 775
f 595 779 648
f 676 816 771
f 676 771 764
f 723 837 710
f 779 595 774
f 768 654 650
f 781 681 758
f 681 781 752
f 779 774 838
f 650 767 768
f 782 725 735
f 725 782 728
f 782 733 736
f 784 782 736
f 783 772 620
f 785 757 668
f 777 786 753
f 777 754 776
f 754 777 753
f 656 773 650
f 769 681 757
f 757 681 668
f 650 773 767
f 775 776 754
f 755 775 754
f 785 668 787
f 770 772 738
f 770 740 743
f 740 770 738
f 670 785 787
f 725 649 821
f 665 527 525
f 788 763 769
f 789 788 769
f 769 795 789
f 783 738 772
f 738 726 727
f 726 738 783
f 854 790 706
f 735 791 733
f 699 670 787
f 676 790 792
f 816 676 817
f 792 793 676
f 635 794 634
f 852 839 703
f 818 711 771
f 816 818 771
f 795 723 748
f 712 818 819
f 795 901 789
f 782 796 728
f 842 785 670
f 538 839 852
f 818 712 711
f 715 712 819
f 748 903 795
f 903 748 900
f 798 751 797
f 715 553 799
f 715 826 553
f 656 663 881
f 798 718 751
f 810 694 693
f 810 697 694
f 881 773 656
f 703 797 766
f 703 798 797
f 796 794 728
f 665 854 664
f 665 790 854
f 699 810 693
f 803 782 784
f 782 803 791
f 804 782 791
f 665 793 792
f 665 792 790
f 675 624 815
f 806 805 511
f 806 511 515
f 535 665 525
f 709 797 766
f 797 709 718
f 798 797 718
f 728 815 661
f 808 511 805
f 787 668 701
f 794 635 657
f 805 809 808
f 570 644 537
f 535 807 665
f 806 529 800
f 570 825 761
f 811 808 809
f 807 817 665
f 570 727 761
f 794 814 728
f 595 662 825
f 807 605 813
f 831 713 604
f 569 657 646
f 657 569 814
f 657 814 794
f 687 766 797
f 686 687 797
f 930 820 929
f 750 731 830
f 574 797 823
f 797 574 686
f 798 823 797
f 657 634 794
f 832 528 756
f 528 832 524
f 624 661 815
f 605 649 813
f 756 537 570
f 756 570 761
f 817 676 793
f 814 815 728
f 518 835 823
f 518 823 716
f 636 660 573
f 716 798 718
f 798 716 823
f 820 819 818
f 652 637 651
f 652 636 637
f 669 856 594
f 669 594 629
f 636 655 660
f 779 847 648
f 662 669 629
f 851 648 847
f 917 609 610
f 636 652 655
f 791 522 733
f 777 778 786
f 881 663 822
f 611 839 538
f 611 838 839
f 838 611 609
f 783 537 770
f 770 537 743
f 783 770 772
f 800 801 828
f 800 828 824
f 558 696 825
f 503 735 725
f 829 828 827
f 825 696 738
f 522 791 803
f 713 834 869
f 826 715 819
f 820 826 819
f 713 869 717
f 828 829 824
f 701 697 810
f 817 793 665
f 869 893 717
f 810 699 787
f 802 812 828
f 802 828 801
f 824 805 806
f 800 824 806
f 621 574 823
f 621 823 702
f 811 805 824
f 805 811 809
f 810 787 701
f 832 575 692
f 832 756 680
f 832 680 575
f 695 832 692
f 807 816 817
f 832 531 524
f 835 700 627
f 807 820 818
f 807 818 816
f 822 830 884
f 702 835 619
f 835 702 823
f 619 835 627
f 835 519 590
f 835 518 519
f 835 625 700
f 820 807 929
f 757 836 769
f 590 592 835
f 820 930 826
f 683 743 742
f 743 683 770
f 842 836 785
f 625 587 695
f 835 587 625
f 649 841 813
f 682 745 760
f 836 757 785
f 929 813 931
f 770 683 684
f 772 770 684
f 825 727 761
f 825 537 595
f 774 716 718
f 774 519 518
f 830 822 831
f 783 684 756
f 684 783 772
f 813 929 807
f 830 604 750
f 726 783 756
f 740 703 709
f 510 836 513
f 836 510 837
f 760 708 688
f 836 723 769
f 723 836 837
f 839 838 774
f 745 682 742
f 670 719 842
f 703 774 798
f 798 774 718
f 719 513 842
f 720 843 739
f 774 703 839
f 842 513 836
f 844 616 641
f 632 603 622
f 797 843 766
f 843 797 751
f 617 632 622
f 516 833 848
f 555 846 845
f 555 799 553
f 799 555 845
f 833 516 850
f 850 848 833
f 550 516 902
f 854 707 853
f 707 854 706
f 856 669 857
f 853 729 858
f 550 607 516
f 607 550 547
f 860 730 752
f 860 752 874
f 852 859 849
f 859 852 623
f 857 883 856
f 857 669 648
f 877 758 912
f 840 855 780
f 594 856 593
f 855 933 780
f 877 752 781
f 752 877 873
f 713 831 834
f 664 858 860
f 854 853 664
f 782 862 796
f 863 782 804
f 858 664 853
f 814 563 815
f 861 822 705
f 874 673 664
f 931 813 864
f 831 822 861
f 864 813 841
f 866 768 767
f 664 860 874
f 864 841 651
f 865 864 651
f 866 780 768
f 791 863 804
f 863 791 522
f 534 863 522
f 868 866 767
f 624 673 867
f 638 651 637
f 773 870 868
f 891 731 732
f 868 767 773
f 651 638 865
f 780 866 840
f 862 794 796
f 794 579 657
f 794 578 579
f 736 733 638
f 784 736 638
f 633 784 638
f 872 871 932
f 736 803 784
f 568 569 646
f 866 904 906
f 624 867 661
f 552 564 859
f 784 642 736
f 642 784 640
f 874 752 873
f 875 564 876
f 564 875 859
f 758 877 781
f 736 521 803
f 640 784 633
f 573 871 872
f 733 521 638
f 758 762 912
f 878 875 876
f 874 873 673
f 503 725 821
f 877 673 873
f 573 635 636
f 635 573 872
f 673 877 511
f 880 875 876
f 875 880 879
f 521 733 522
f 521 865 638
f 735 503 791
f 916 847 779
f 521 503 504
f 881 870 773
f 503 521 522
f 791 503 522
f 882 859 875
f 648 851 857
f 803 521 522
f 521 736 642
f 851 883 857
f 509 821 674
f 870 881 884
f 882 875 879
f 885 882 879
f 884 881 822
f 886 601 856
f 886 856 883
f 849 859 927
f 884 830 731
f 672 586 585
f 672 600 599
f 672 597 596
f 883 851 919
f 883 890 889
f 672 599 597
f 883 889 886
f 867 511 932
f 602 671 596
f 603 613 622
f 871 867 932
f 884 731 891
f 878 597 875
f 894 661 867
f 894 867 871
f 909 884 891
f 511 867 673
f 889 924 613
f 597 878 596
f 596 878 602
f 848 902 516
f 597 782 596
f 892 893 906
f 841 649 894
f 782 597 862
f 596 782 863
f 602 596 863
f 649 661 894
f 872 578 579
f 872 657 635
f 872 579 657
f 894 573 660
f 892 909 891
f 895 717 893
f 713 895 604
f 660 655 894
f 859 887 888
f 859 896 927
f 896 859 888
f 713 717 895
f 897 887 859
f 897 859 882
f 891 732 892
f 600 672 585
f 894 652 841
f 732 734 892
f 734 604 895
f 898 845 846
f 882 599 600
f 900 715 799
f 892 734 893
f 895 893 734
f 762 529 515
f 529 762 901
f 904 866 868
f 882 597 599
f 597 882 875
f 799 845 898
f 900 799 898
f 903 900 898
f 905 903 898
f 599 862 597
f 866 906 907
f 866 907 840
f 901 800 529
f 801 901 905
f 862 599 600
f 901 801 800
f 909 904 868
f 908 524 528
f 924 865 534
f 534 865 521
f 675 815 563
f 906 904 892
f 802 659 559
f 559 555 802
f 904 909 892
f 534 526 924
f 908 528 644
f 868 870 909
f 672 571 586
f 555 559 560
f 555 898 846
f 539 899 589
f 899 588 589
f 899 539 543
f 567 578 516
f 607 567 516
f 802 667 659
f 802 905 667
f 905 802 801
f 899 591 587
f 563 672 675
f 543 908 899
f 908 531 524
f 628 600 585
f 578 872 516
f 746 518 519
f 518 746 716
f 667 555 560
f 898 555 667
f 898 667 905
f 628 586 571
f 628 585 586
f 600 628 882
f 877 912 507
f 585 862 600
f 592 591 899
f 907 906 893
f 862 586 571
f 862 585 586
f 850 824 829
f 762 515 912
f 912 515 507
f 899 746 592
f 886 613 603
f 601 886 603
f 869 907 893
f 888 628 896
f 628 888 887
f 628 897 882
f 889 613 886
f 509 503 821
f 897 628 887
f 913 827 828
f 887 885 888
f 606 889 890
f 606 886 889
f 886 606 601
f 909 870 884
f 671 509 674
f 824 850 516
f 907 869 834
f 885 897 882
f 885 887 897
f 888 885 896
f 896 885 915
f 917 916 838
f 509 671 536
f 536 671 582
f 840 907 834
f 609 917 838
f 671 602 582
f 582 878 536
f 840 834 855
f 583 878 548
f 878 918 548
f 918 878 876
f 878 583 536
f 920 919 917
f 921 920 917
f 921 917 615
f 878 582 602
f 861 855 834
f 918 880 876
f 919 847 916
f 834 831 861
f 602 863 582
f 582 863 536
f 549 922 547
f 919 851 847
f 924 889 890
f 924 890 923
f 917 919 916
f 925 902 928
f 925 920 926
f 779 838 916
f 641 643 925
f 926 641 925
f 811 872 932
f 824 872 811
f 557 849 645
f 628 547 922
f 647 628 643
f 628 647 927
f 643 628 925
f 925 628 922
f 927 645 849
f 645 927 647
f 902 922 550
f 550 922 549
f 902 925 922
f 927 647 614
f 928 890 883
f 928 919 920
f 919 928 883
f 927 896 628
f 923 914 911
f 844 926 616
f 927 920 887
f 927 888 896
f 927 887 888
f 828 930 929
f 930 828 812
f 927 556 647
f 556 927 896
f 915 556 896
f 887 889 897
f 926 920 616
f 616 615 614
f 930 812 826
f 882 545 875
f 876 545 918
f 545 876 875
f 882 889 545
f 889 882 897
f 920 925 928
f 616 920 921
f 616 921 615
f 885 545 915
f 545 880 918
f 880 545 879
f 545 885 879
f 915 545 556
f 923 911 910
f 618 920 921
f 920 618 928
f 914 923 902
f 910 924 923
f 924 910 913
f 643 645 647
f 556 557 645
f 647 556 645
f 641 926 844
f 923 928 902
f 848 914 902
f 558 825 662
f 928 923 890
f 558 629 630
f 931 864 865
f 865 828 931
f 931 828 929
f 828 865 924
f 890 928 606
f 924 913 828
f 932 511 808
f 920 927 921
f 921 927 615
f 932 808 811
f 872 824 516
f 753 775 755
f 775 753 786
f 778 775 786
f 928 890 889
f 920 928 889
f 887 920 889
f 850 829 827
f 848 850 827
f 914 848 827
f 914 910 911
f 910 914 827
f 913 910 827
f 780 933 654
f 583 564 584
f 918 564 548
f 564 918 876
f 583 548 564
f 742 934 683
f 682 934 742
f 683 934 682
f 935 933 855
f 630 631 562
f 935 861 938
f 558 630 562
f 562 666 564
f 855 861 935
f 629 558 662
f 937 936 650
f 937 650 654
f 936 739 650
f 852 849 530
f 530 849 557
f 933 935 517
f 935 644 517
f 644 935 908
f 739 936 720
f 936 620 720
f 620 936 937
f 861 705 938
f 938 746 899
f 746 938 705
f 938 908 935
f 899 908 938
f 517 937 654
f 654 933 517
f 940 942 941
f 942 940 939
f 945 947 946
f 945 948 947
f 948 945 944
f 952 954 953
f 954 952 942
f 939 954 942
f 957 956 948
f 944 957 948
f 960 959 958
f 962 961 968
f 964 963 1040
f 965 961 962
f 962 968 967
f 960 958 969
f 1023 971 979
f 971 1023 958
f 964 999 963
f 959 971 958
f 959 969 971
f 971 969 975
f 969 959 960
f 979 971 975
f 983 976 982
f 980 1208 972
f 986 985 957
f 987 986 957
f 969 987 957
f 975 969 957
f 979 975 957
f 989 979 957
f 990 989 957
f 945 990 957
f 944 945 957
f 988 1108 1119
f 1108 988 977
f 983 1014 976
f 957 1007 956
f 956 947 948
f 977 988 992
f 1016 982 976
f 1023 969 958
f 991 993 997
f 972 991 997
f 951 999 955
f 972 997 1005
f 1016 976 998
f 989 1034 979
f 1000 994 949
f 990 945 946
f 995 1204 996
f 1005 980 972
f 989 1039 1034
f 1007 957 985
f 1067 980 1005
f 1001 992 988
f 956 1010 947
f 956 1007 1010
f 1183 995 1012
f 1012 995 1011
f 999 964 955
f 1012 1015 1183
f 978 1050 1049
f 1000 1006 1036
f 999 1002 963
f 969 1102 987
f 1036 998 1020
f 998 1036 1016
f 978 1019 1018
f 978 1024 1019
f 974 982 1016
f 978 1032 1031
f 974 1016 1004
f 951 1167 1143
f 1011 1015 1012
f 1020 993 991
f 1010 1033 947
f 1015 1011 1008
f 1033 946 947
f 1021 1018 1019
f 994 1020 991
f 1024 978 1031
f 1032 978 966
f 1046 984 1015
f 1036 1020 994
f 1036 994 1000
f 1004 1036 1029
f 1014 1013 1017
f 1025 1026 1022
f 1021 1024 1027
f 1019 1024 1021
f 973 1199 1013
f 1025 1064 1026
f 1024 1031 1027
f 1032 1027 1031
f 1014 1114 1127
f 1034 1023 979
f 1006 1029 1036
f 1026 1211 1022
f 1037 1035 1028
f 940 1136 1038
f 1040 1063 1028
f 952 941 942
f 1036 1004 1016
f 946 1033 1039
f 1039 990 946
f 1034 1039 1060
f 1039 989 990
f 1002 1047 1033
f 1050 978 1051
f 1051 978 1052
f 1052 978 1018
f 1053 953 954
f 1018 1054 1052
f 1054 1018 1021
f 1002 1033 1010
f 1129 1058 1057
f 1051 1052 1054
f 981 984 1046
f 1056 1068 1053
f 1040 963 1101
f 1033 1047 1039
f 1045 1073 1055
f 1060 1039 1047
f 1051 1054 1061
f 1050 1051 1061
f 1073 1045 1059
f 1076 981 1046
f 1028 1063 1037
f 1054 1097 1061
f 1102 1040 1101
f 953 1066 952
f 1060 1047 1062
f 1070 1040 1102
f 1062 1069 1060
f 953 1068 1066
f 953 1053 1068
f 1064 1065 1095
f 1133 1172 1076
f 1049 1061 1044
f 1044 1080 1049
f 1040 1070 1063
f 1064 1030 1065
f 1068 1056 1073
f 999 1062 1047
f 981 1076 1172
f 1061 1049 1050
f 1071 1159 1075
f 1025 1030 1064
f 1075 1078 1072
f 1071 1075 1072
f 951 1062 999
f 1077 1078 1075
f 1197 1040 1028
f 1054 1067 1097
f 1066 1095 1065
f 1028 1035 943
f 999 1047 1002
f 1068 1095 1066
f 1068 1082 1095
f 1003 1067 1005
f 1069 1121 1060
f 1080 978 1049
f 1077 1159 1084
f 1159 1086 1084
f 1086 1159 1083
f 1159 1088 1083
f 1159 1099 1088
f 1099 1159 1106
f 943 1115 1116
f 1081 1087 1085
f 1079 1081 1085
f 1143 1062 951
f 1030 1110 1148
f 1091 1113 1115
f 1172 1133 1003
f 1089 1082 1090
f 1094 1083 1088
f 1083 1094 1093
f 1086 1083 1093
f 1035 1091 1115
f 1044 1209 1214
f 1037 1100 1035
f 1037 1157 1100
f 985 1101 1007
f 1089 1095 1082
f 986 1101 985
f 1101 986 1102
f 986 987 1102
f 1171 1094 1099
f 1099 1094 1088
f 1103 1091 1035
f 1100 1103 1035
f 1173 1090 1082
f 1096 1098 1107
f 1097 1067 1133
f 1037 1163 1156
f 1030 1025 1110
f 1079 1104 1108
f 1037 1071 1163
f 1096 1130 1110
f 1106 1109 1171
f 1099 1106 1171
f 1025 1096 1110
f 1171 1109 1111
f 1102 969 1023
f 1079 1108 1081
f 1017 1192 1114
f 1113 1091 1103
f 1113 1112 1115
f 1112 1116 1115
f 1116 1112 1125
f 1089 1064 1095
f 1023 1070 1102
f 1117 1108 1104
f 1023 1034 1123
f 1123 1034 1118
f 1206 1142 1105
f 1060 1118 1034
f 1117 1119 1108
f 1120 1118 1121
f 1017 1114 1014
f 1112 1129 1057
f 988 1119 1001
f 1112 1126 1125
f 1115 943 1035
f 1118 1060 1121
f 1017 1013 1199
f 1119 1117 1001
f 1023 1123 1070
f 1122 1113 1150
f 1082 1068 1073
f 1084 1086 1093
f 1126 1112 1057
f 1151 1148 1110
f 1120 1123 1118
f 1057 951 1126
f 951 1057 1058
f 1126 951 943
f 1112 1122 1129
f 1121 1159 1120
f 984 981 1128
f 1130 1096 1107
f 1121 1160 1159
f 1122 1124 1129
f 1116 1125 943
f 1110 1131 1151
f 1139 1169 1105
f 981 1145 1128
f 943 1125 1126
f 1070 1123 1120
f 1064 1089 1026
f 951 1058 1074
f 1114 1128 1127
f 1090 996 966
f 1084 1078 1077
f 1078 1084 1093
f 1127 1128 1145
f 1167 1177 1143
f 1067 1003 1133
f 1143 1178 1134
f 1129 1124 1132
f 1014 1127 1153
f 1070 1120 1063
f 978 1080 1026
f 1134 1135 1143
f 1213 970 1132
f 1136 940 941
f 1148 1038 1136
f 1037 1063 1120
f 1030 1148 1136
f 1132 1048 1129
f 1120 1159 1037
f 1136 941 1138
f 1181 1140 1134
f 1127 1137 1153
f 941 952 1138
f 1093 982 974
f 1134 1140 1135
f 1136 1138 1030
f 1131 1110 1130
f 1138 1065 1030
f 1139 1046 1001
f 1145 1137 1127
f 1143 1141 1069
f 1149 1143 1144
f 1144 1143 1135
f 1069 1062 1143
f 1152 1143 1149
f 1139 1076 1046
f 1048 1142 1092
f 1121 1069 1160
f 1043 1151 1059
f 1093 1094 982
f 1132 970 1142
f 1069 1141 1160
f 1144 1140 1146
f 1065 1138 1066
f 1048 1132 1142
f 995 1107 1147
f 1140 1144 1135
f 1076 970 1133
f 1076 1139 970
f 1138 952 1066
f 1142 1206 1092
f 1172 1145 981
f 1143 1152 1141
f 1145 1005 1137
f 1152 1111 1141
f 1122 1187 1186
f 1172 1005 1145
f 1122 1150 1187
f 1042 1041 1151
f 976 1014 1153
f 1008 1011 1147
f 1113 1122 1112
f 1148 1041 1038
f 1041 1148 1151
f 1096 1022 1098
f 1193 1022 1203
f 1008 992 1015
f 998 1153 1155
f 1146 1152 1149
f 1146 1149 1144
f 1158 1157 1156
f 1157 1158 1113
f 1022 1096 1025
f 1150 1154 1187
f 1146 1111 1152
f 950 973 1013
f 998 1155 993
f 1046 1015 992
f 1151 1043 1042
f 1113 1103 1100
f 1157 1113 1100
f 1111 1146 1171
f 1150 1158 1154
f 1189 1161 1193
f 1151 1131 1059
f 1140 950 1146
f 950 1140 949
f 976 1153 998
f 1137 1155 1153
f 1146 1175 1171
f 1150 1113 1158
f 1059 1131 1162
f 1157 1037 1156
f 1098 1193 1161
f 1162 1073 1059
f 1159 1077 1075
f 1071 1037 1159
f 1073 1162 1164
f 1022 1193 1098
f 949 1140 1000
f 993 1020 998
f 1082 1073 1164
f 1156 1072 1158
f 1072 1156 1163
f 1161 1189 1165
f 1202 1210 1209
f 1159 1109 1106
f 1109 1159 1160
f 1189 1168 1165
f 997 993 1137
f 1137 993 1155
f 1160 1111 1109
f 1111 1160 1141
f 1074 1167 951
f 1158 1176 1169
f 1058 1170 1074
f 1170 1058 1129
f 1071 1072 1163
f 1165 1168 1098
f 1161 1165 1098
f 1176 1158 1078
f 1164 1162 1166
f 1158 1072 1078
f 1167 1074 1170
f 1174 1168 1189
f 997 1137 1005
f 1175 1094 1171
f 1164 1166 1173
f 1168 1107 1098
f 1107 1168 1174
f 1173 1082 1164
f 1143 1179 1178
f 1143 1180 1179
f 1180 1143 1177
f 1154 1158 1169
f 1014 1175 1013
f 992 1001 1046
f 1195 1154 1169
f 1093 974 1176
f 1173 996 1090
f 1134 1178 1181
f 1174 1147 1107
f 1213 1202 1097
f 1166 1131 1130
f 1172 1003 1005
f 1130 1107 1166
f 1008 1147 1174
f 1189 1008 1174
f 1061 1202 1044
f 1162 1131 1166
f 995 1183 1182
f 1184 995 1182
f 1097 1202 1061
f 1179 1185 1181
f 1204 995 1205
f 1185 1179 1180
f 1166 995 1173
f 1081 1108 977
f 1013 1175 950
f 1078 1093 1176
f 996 1173 995
f 1181 1178 1179
f 1186 1124 1122
f 995 1198 1205
f 1184 1190 995
f 1189 1191 977
f 1191 1189 1188
f 1187 1104 1079
f 1166 1107 995
f 1081 977 1191
f 984 1184 1182
f 1188 1189 1193
f 1188 1203 1207
f 1079 1186 1187
f 977 992 1189
f 1169 1176 1105
f 1184 984 1192
f 1206 1176 974
f 1117 1104 1187
f 995 1147 1011
f 1140 1181 1000
f 1190 1184 1192
f 1189 992 1008
f 1196 973 950
f 1105 1176 1206
f 1154 1195 1187
f 1181 1048 1006
f 1197 1028 943
f 966 1212 1032
f 974 1004 1206
f 950 949 1196
f 1081 1194 1087
f 943 951 1197
f 1195 1117 1187
f 1198 995 1190
f 1181 1006 1000
f 1200 1197 955
f 1191 1194 1081
f 1212 966 996
f 1199 1021 1027
f 951 955 1197
f 1186 1085 1201
f 1085 1186 1079
f 1200 964 1197
f 1203 1188 1193
f 1199 1009 1017
f 1040 1197 964
f 1198 1192 1009
f 1190 1192 1198
f 1191 1202 1194
f 1170 1177 1167
f 1007 1101 963
f 1124 1186 1201
f 1199 973 1196
f 1117 1195 1169
f 1208 1021 1199
f 1177 1185 1180
f 1185 1177 1170
f 1007 963 1010
f 1210 1202 1188
f 1208 980 1021
f 1002 1010 963
f 1196 1208 1199
f 1117 1169 1001
f 1092 1004 1029
f 1191 1188 1202
f 1211 1210 1188
f 1207 1211 1188
f 1212 996 1204
f 964 1200 955
f 1085 1213 1132
f 1085 1132 1201
f 1185 1129 1048
f 1205 1009 1204
f 1009 1205 1198
f 1124 1201 1132
f 1210 1026 1209
f 1211 1026 1210
f 972 1208 1196
f 1004 1092 1206
f 1214 1026 1080
f 1181 1185 1048
f 1009 1212 1204
f 1196 994 991
f 1196 949 994
f 1169 1139 1001
f 972 1196 991
f 1022 1207 1203
f 1170 1129 1185
f 1211 1207 1022
f 983 1094 1175
f 1026 1214 1209
f 961 1043 1059
f 1043 961 965
f 1054 980 1067
f 1215 968 961
f 1175 1146 950
f 1209 1044 1202
f 1212 1027 1032
f 1045 961 1059
f 961 1045 1215
f 1044 1214 1080
f 1094 983 982
f 1215 1045 1043
f 962 1215 1043
f 965 962 1043
f 1006 1048 1092
f 1009 1192 1017
f 1054 1021 980
f 1055 968 1215
f 968 1055 1073
f 1056 967 968
f 1073 1056 968
f 983 1175 1014
f 1006 1092 1029
f 1215 1056 1055
f 1056 1215 962
f 967 1056 962
f 1009 1199 1027
f 1213 1194 1202
f 1192 984 1128
f 1053 1055 1056
f 1053 1043 1055
f 1055 1043 1045
f 1043 1053 954
f 1043 1041 1042
f 1041 1043 954
f 1038 1041 954
f 940 1038 954
f 939 940 954
f 1087 1194 1213
f 1128 1114 1192
f 1090 966 978
f 1085 1087 1213
f 1183 1015 984
f 978 1089 1090
f 978 1026 1089
f 984 1182 1183
f 1105 970 1139
f 970 1105 1142
f 1133 970 1097
f 970 1213 1097
f 1027 1212 1009
