# Object Export From Tinkercad Server 2015

mtllib obj.mtl

o obj_0
v -0.400931 1.109775 6.385945
v -0.378017 1.114775 6.375535
v -0.379062 1.115356 6.382587
v -0.401869 1.110430 6.393181
v -0.686136 0.923272 6.596133
v -0.704749 0.909051 6.623406
v -0.473230 0.965842 6.561889
v -0.659085 0.889215 6.507549
v -0.624426 0.923626 6.518343
v -0.607967 0.912870 6.500494
v -0.611694 0.902326 6.508057
v -0.614780 0.901967 6.512022
v -0.629412 0.900324 6.530939
v -0.608310 0.903499 6.509832
v -0.608567 0.903790 6.512657
v -0.675910 0.844640 6.604548
v -0.616585 0.843815 6.527246
v -0.698010 0.858381 6.628822
v -0.607357 0.844092 6.518258
v -0.607715 0.844047 6.518265
v -0.628031 0.923205 6.518585
v -0.616911 0.844170 6.529867
v -0.459351 0.935848 6.346887
v 0.045627 0.504682 3.178987
v -0.449670 0.930820 6.281028
v -0.610666 0.870029 6.515467
v -0.098596 0.533237 3.098130
v -0.611179 0.870310 6.515379
v -0.612264 0.871952 6.516291
v 0.008473 0.572607 2.870400
v 0.056706 0.655330 3.106962
v -0.387998 0.906672 6.348913
v -0.612243 0.870738 6.515229
v -0.387343 0.904921 6.345559
v -0.102437 0.694548 3.142686
v -0.387566 0.908487 6.343234
v -0.630604 0.856652 6.045495
v -0.457149 0.850701 6.574331
v -0.624259 0.851087 5.997222
v -0.472014 0.912616 6.617447
v -0.511511 0.872239 6.565383
v -0.571991 0.883557 6.081922
v -0.606074 0.913711 6.501246
v -0.519059 0.930010 6.559208
v -0.411507 0.887524 6.576837
v -0.411715 1.069278 6.438734
v -0.418721 1.082137 6.426876
v -0.560555 0.804235 6.090507
v -0.555854 0.811427 6.009561
v -0.618857 0.810298 6.001573
v -0.623904 0.805848 6.050932
v -0.605667 0.908506 6.494375
v -0.419054 0.945296 6.570658
v -0.564626 0.865141 6.018951
v -0.390970 0.898616 6.347605
v -0.464564 0.929949 6.337219
v -0.457410 0.924885 6.281272
v -0.563331 0.863237 6.003904
v 0.029746 0.575361 3.135548
v 0.025356 0.630682 3.105194
v 0.025220 0.630877 3.105250
v -0.015943 0.538539 3.133452
v -0.031949 0.653644 3.120433
v -0.067236 0.557820 3.099974
v -0.077844 0.617711 3.117940
v -0.067198 0.557955 3.099954
# 66 vertices

g group_0_15506754

usemtl color_15506754
s 0

f 1 	2 	3
f 1 	3 	4
f 10 	11 	9
f 11 	12 	9
f 12 	13 	9
f 5 	9 	13
f 13 	26 	16
f 14 	15 	12
f 14 	12 	11
f 5 	21 	9
f 20 	22 	19
f 19 	22 	16
f 16 	22 	17
f 23 	25 	7
f 19 	16 	26
f 5 	13 	16
f 6 	5 	16
f 64 	66 	41
f 32 	34 	45
f 22 	20 	28
f 22 	28 	29
f 30 	27 	24
f 18 	6 	16
f 24 	31 	30
f 17 	22 	33
f 29 	33 	22
f 13 	8 	29
f 28 	26 	29
f 13 	29 	26
f 33 	29 	8
f 27 	30 	35
f 7 	40 	44
f 32 	53 	36
f 40 	38 	41
f 21 	37 	42
f 10 	43 	14
f 10 	14 	11
f 41 	44 	40
f 40 	45 	38
f 37 	21 	5
f 46 	47 	4
f 46 	4 	3
f 50 	51 	49
f 48 	49 	51
f 40 	53 	45
f 51 	16 	17
f 37 	54 	42
f 51 	18 	16
f 7 	53 	40
f 51 	17 	48
f 51 	37 	18
f 6 	37 	5
f 39 	37 	50
f 51 	50 	37
f 55 	34 	32
f 59 	62 	45
f 32 	36 	55
f 37 	6 	18
f 49 	48 	54
f 34 	55 	36
f 46 	23 	47
f 56 	47 	23
f 15 	14 	33
f 57 	65 	25
f 7 	25 	63
f 56 	57 	1
f 56 	1 	4
f 56 	4 	47
f 2 	1 	25
f 57 	25 	1
f 19 	26 	20
f 28 	20 	26
f 48 	17 	33
f 42 	48 	52
f 37 	39 	54
f 58 	54 	39
f 23 	44 	56
f 39 	50 	58
f 42 	52 	21
f 44 	57 	56
f 35 	30 	31
f 49 	58 	50
f 31 	24 	59
f 31 	59 	60
f 58 	49 	54
f 42 	54 	48
f 65 	57 	44
f 31 	60 	61
f 2 	23 	3
f 48 	33 	52
f 38 	45 	62
f 63 	25 	65
f 46 	3 	23
f 25 	23 	2
f 24 	62 	59
f 64 	41 	62
f 41 	38 	62
f 53 	61 	36
f 36 	59 	34
f 60 	36 	61
f 8 	12 	33
f 15 	33 	12
f 61 	63 	31
f 35 	31 	63
f 52 	43 	10
f 9 	21 	10
f 52 	10 	21
f 65 	41 	66
f 43 	52 	14
f 52 	33 	14
f 64 	62 	27
f 24 	27 	62
f 61 	53 	63
f 59 	36 	60
f 53 	32 	45
f 23 	7 	44
f 7 	63 	53
f 8 	13 	12
f 63 	65 	35
f 64 	27 	66
f 59 	45 	34
f 35 	65 	27
f 66 	27 	65
f 44 	41 	65
# 124 faces

 #end of obj_0

o obj_1
v -0.682656 0.361376 3.624917
v -0.969785 0.459523 3.937256
v -0.711328 0.468557 3.605190
v -1.372947 0.327901 3.831089
v -0.974367 0.492232 3.896512
v -1.424625 0.260759 3.724027
v -0.720556 0.393548 3.862353
v -1.428849 0.276325 3.721238
v -1.927168 0.080363 3.956859
v -1.985172 0.170923 3.950915
v -1.959479 0.201197 3.934594
v -1.428678 0.278445 3.722266
v -2.076762 0.282931 4.459776
v -2.100011 0.275105 4.732521
v -2.108406 0.281308 4.725975
v -1.428630 0.279216 3.722535
v -2.470024 0.131168 4.861017
v -2.083688 0.213592 4.743607
v -2.083649 0.213727 4.743586
v -2.086112 0.206344 4.741332
v -1.965446 0.097382 3.964522
v -2.090235 0.238329 4.739131
v -2.084195 0.215538 4.743240
v -0.940792 0.351316 3.956714
v -2.031371 0.200619 4.785530
v -0.931608 0.460790 4.019245
v -0.937221 0.463672 4.019838
v -1.373392 0.327886 3.831135
v -1.057546 0.462144 4.015090
v -1.133628 0.442155 4.043334
v -1.131109 0.419234 4.077288
v -1.652104 0.327620 4.168074
v -1.652104 0.327620 4.168074
v -1.673800 0.320283 4.169073
v -1.673800 0.320283 4.169073
v -2.445011 0.084808 4.756618
v -0.985214 0.338440 4.025410
v -1.101337 0.321378 4.064984
v -1.654617 0.313079 4.216955
v -1.098353 0.313997 4.058408
v -1.653940 0.313269 4.217031
v -1.851955 0.260353 4.177544
v -1.083572 0.300933 3.967102
v -1.663289 0.342566 4.225181
v -1.658594 0.344471 4.225959
v -1.664513 0.345972 4.226185
v -1.079697 0.297401 3.942555
v -1.079838 0.295443 3.949268
v -1.082026 0.295798 3.965615
v -1.666670 0.190782 4.180831
v -1.651644 0.195191 4.182692
v -1.554367 0.276701 3.748199
v -1.634599 0.200238 4.184712
v -1.632249 0.200722 4.184956
v -1.134232 0.447541 4.035308
v -1.129783 0.443719 4.007093
v -2.083197 0.288496 4.499784
v -1.654720 0.196321 4.182887
v -2.098994 0.302107 4.597975
v -1.112398 0.349514 4.089696
v -1.655223 0.196303 4.182805
v -1.668676 0.303248 4.213563
v -1.697173 0.213582 4.186375
v -1.097383 0.401325 3.570627
v -1.048245 0.217752 3.603242
v -0.749511 0.501656 3.842803
v -1.964185 0.218043 4.777441
v -1.698654 0.209179 4.184992
v -1.618351 0.203350 4.186212
v -1.824592 0.214478 3.809965
v -0.703712 0.317462 3.644721
v -1.451748 0.301740 3.745007
v -1.436271 0.285908 3.729526
v -1.664463 0.343927 4.230796
v -2.258945 0.185382 4.848931
v -1.451671 0.301846 3.745357
v -1.558037 0.215350 4.196047
v -1.549234 0.255603 4.217504
v -1.084348 0.245141 3.576572
v -2.030432 0.178991 4.751163
v -1.962896 0.195588 4.742707
v -1.792312 0.093930 3.831148
v -2.263566 0.157861 4.701127
v -2.155106 0.096991 4.391242
v -2.091775 0.304202 4.598848
v -2.148222 0.089267 4.430956
v -2.041072 0.140081 4.552838
v -2.032414 0.142526 4.553828
v -1.977101 0.158585 4.560531
v -1.793686 0.202006 3.835543
v -2.080724 0.105730 4.422520
v -1.977197 0.175754 4.565535
v -2.051141 0.154090 4.556534
v -2.046272 0.139096 4.552264
v -2.093941 0.286518 4.593561
v -2.061230 0.296030 4.597539
v -0.893691 0.394188 3.462282
v -2.014591 0.283467 4.595599
v -2.005409 0.279538 4.594820
v -2.006960 0.281459 4.595236
v -2.242596 0.134397 4.731497
v -1.999179 0.276843 4.594177
v -1.112933 0.352293 3.556804
v -2.087674 0.113265 4.383851
v -1.562437 0.255194 3.788528
v -0.909353 0.436943 3.489832
v -2.087334 0.202784 4.740119
v -2.050630 0.299079 4.598799
v -2.554759 0.083814 4.912938
v -0.860128 0.253339 3.522408
v -0.864650 0.286049 3.481793
v -1.116301 0.340502 3.612205
v -1.097745 0.271180 3.624982
v -1.189111 0.325526 3.637590
v -1.774048 0.128498 3.849188
v -2.489120 0.088541 4.843653
v -2.141870 0.214286 4.834523
v -1.373501 0.272517 3.814937
v -2.467875 0.107737 4.726032
v -2.484499 0.169765 4.714367
v -1.362866 0.316544 3.845321
v -2.139655 0.212359 4.820536
v -1.344397 0.247020 3.858065
v -1.344616 0.244831 3.856983
v -1.804999 0.167168 4.168914
v -1.345909 0.252792 3.857038
v -1.352407 0.277365 3.852542
v -1.095481 0.254536 3.646306
v -1.094318 0.253688 3.647278
v -1.884037 0.166340 4.475980
v -1.344348 0.247088 3.858119
v -1.941905 0.140806 3.716433
v -1.922218 0.067130 3.730060
v -1.923668 0.175084 3.735422
v -2.144022 0.174012 4.800825
v -1.364564 0.318130 3.843326
v -1.891405 0.054180 3.757634
v -1.908192 0.161356 4.466150
v -1.091186 0.251330 3.650275
v -2.486627 0.192976 4.850358
v -1.909055 0.154054 4.491111
v -2.189273 0.242457 4.403288
v -2.121813 0.259021 4.394944
v -2.095851 0.174377 4.732176
v -2.132796 0.158760 4.701407
v -2.095813 0.174512 4.732156
v -0.876452 0.267472 3.623927
v -0.798718 0.299401 3.685030
v -2.140059 0.155737 4.695458
v -1.124241 0.361983 3.626686
v -1.123790 0.363573 3.627215
v -0.970511 0.249679 3.664345
v -2.120910 0.237168 4.361454
v -1.952752 0.212759 4.577145
v -1.963142 0.216514 4.577931
v -1.986197 0.255205 4.588366
v -2.090018 0.194925 4.737746
v -1.404832 0.329725 3.832634
v -1.809417 0.212820 3.922604
v -1.405604 0.329469 3.832913
v -2.055024 0.163928 4.412179
v -2.072310 0.228536 4.400588
v -2.092877 0.141918 4.551429
v -1.391029 0.325083 3.837161
v -1.789713 0.139501 3.935205
v -2.142790 0.164174 4.556132
v -2.173179 0.211414 4.568866
v -2.182028 0.225063 4.572488
v -2.174445 0.257128 4.582149
v -2.172608 0.263686 4.584166
v -2.155698 0.268694 4.586170
v -2.478238 0.208647 4.734295
v -2.065787 0.161140 4.424646
v -2.110774 0.225809 4.441866
v -1.639160 0.200978 4.051314
v -1.681556 0.183717 4.018628
v -1.642201 0.192605 4.048805
v -2.052907 0.156113 4.413612
v -2.109414 0.282065 4.725167
v -1.470191 0.322931 3.959597
v -2.061804 0.155520 4.423081
v -2.042053 0.150052 4.422226
v -1.633867 0.215725 4.055890
v -1.691832 0.214736 4.011859
v -0.956505 0.272681 3.675778
v -2.275521 0.247480 4.837321
v -0.824862 0.310789 3.691637
v -2.032904 0.174896 4.642491
v -2.151916 0.150536 4.685279
v -1.680191 0.184015 4.020177
v -2.066141 0.298801 4.620093
v -2.017641 0.276480 4.619524
v -2.057390 0.263533 4.413839
v -2.059062 0.266937 4.418770
v -1.630907 0.299326 4.059545
v -2.070895 0.231903 4.401874
v -1.698582 0.258213 4.007501
v -1.627620 0.287292 4.061805
v -1.485312 0.305701 3.954018
v -1.484405 0.260645 3.940957
v -1.702885 0.255658 4.004238
v -1.483256 0.220717 3.929275
v -1.478689 0.218367 3.928751
v -0.884640 0.287158 3.645012
v -2.090175 0.268003 4.454915
v -2.222277 0.166247 4.878066
v -2.606708 0.168393 4.888824
v -1.639517 0.200698 4.051251
v -1.683345 0.183344 4.017739
v -2.590219 0.106326 4.900473
v -2.157958 0.182578 4.870606
v -1.369052 0.242185 3.867783
v -2.183493 0.137733 4.659459
v -2.194547 0.146888 4.650772
v -1.654610 0.190162 4.047647
v -0.752937 0.501066 3.612144
v -2.587909 0.207686 4.890504
v -1.122453 0.368076 3.628970
v -1.814779 0.110519 3.951907
v -0.925677 0.451077 3.591351
v -2.255514 0.290150 4.855669
v -1.019649 0.433254 3.631730
v -2.191195 0.306482 4.848208
v -2.221160 0.246161 4.633202
v -2.216854 0.260668 4.637299
v -2.158521 0.276025 4.823810
v -2.522299 0.212448 4.821385
v -2.114281 0.285621 4.721447
v -2.128332 0.297714 4.710385
v -0.847943 0.483005 3.652453
v -1.035974 0.447389 3.733248
v -1.093392 0.293526 3.964602
v -1.085601 0.300359 3.966872
v -1.847108 0.230999 3.930669
v -0.864267 0.497140 3.753972
v -1.271031 0.403133 3.990209
v -1.293862 0.290770 3.956586
v -1.294088 0.275566 3.952139
v -1.136062 0.380483 3.714873
v -1.139058 0.284699 3.960404
v -2.156180 0.274203 4.809764
v -1.666858 0.304127 4.067967
v -1.293671 0.361136 3.977066
v -1.952250 0.318916 4.474723
v -1.862025 0.328395 4.394588
v -1.634543 0.304161 4.078127
v -1.320698 0.249229 3.943464
v -1.330649 0.377350 3.980517
v -2.177123 0.297955 4.778443
v -1.460304 0.174492 3.639374
v -1.479896 0.248070 3.625782
v -1.332506 0.378356 3.980708
v -1.636585 0.309153 4.083027
v -1.646172 0.312499 4.083618
v -1.009595 0.435005 3.726408
v -0.925163 0.438272 3.617860
v -0.877953 0.473113 3.742265
v -1.584547 0.197730 3.919006
v -1.500622 0.274334 3.655608
v -1.607200 0.267700 3.938564
v -2.064598 0.324457 4.763207
v -0.997038 0.423860 3.648552
v -1.997062 0.341055 4.754751
v -1.705075 0.255678 4.006545
v -2.215958 0.261425 4.636640
v -1.954598 0.318197 4.474407
v -1.993078 0.307112 4.469817
v -2.037828 0.294201 4.464465
v -1.685757 0.182960 4.020392
v -2.028022 0.292971 4.464493
v -2.048074 0.276215 4.434895
v -0.865348 0.462038 3.664464
v -1.080922 0.245731 3.807231
v -2.182478 0.137397 4.659164
v -2.074030 0.274491 4.457378
v -1.635264 0.305182 4.081918
v -1.106919 0.264749 3.751623
v -2.037887 0.162550 4.426054
v -1.104570 0.262716 3.736726
v -2.119660 0.140582 4.583433
v -1.955142 0.319685 4.474843
v -1.113041 0.269502 3.756587
v -1.601405 0.200525 4.052589
v -1.618996 0.254839 4.067808
v -0.815070 0.313246 3.787500
v -0.909127 0.295453 3.827917
v -1.638365 0.314816 4.084606
v -0.736388 0.345442 3.848709
v -0.925452 0.309588 3.929435
v -1.608644 0.216054 4.074990
v -0.986863 0.263526 3.766815
v -1.608030 0.213714 4.075397
v -1.122210 0.277214 3.813914
v -1.607213 0.201478 4.098496
v -2.145574 0.320266 5.045706
v -2.128998 0.258168 5.057316
v -1.634469 0.183328 4.090118
v -1.606840 0.194577 4.111633
v -2.165909 0.282551 4.677559
v -1.308254 0.253279 3.981117
v -1.303149 0.254931 3.995763
v -2.128249 0.298331 4.708778
v -1.119152 0.286226 3.766803
v -1.120886 0.290743 3.770178
v -0.837446 0.321644 3.770444
v -2.247058 0.229095 5.071707
v -1.102773 0.290640 3.939968
v -2.263595 0.291095 5.060005
v -2.475942 0.239075 5.086186
v -1.130059 0.429306 3.774616
v -2.004034 0.348810 4.715075
v -2.071444 0.332317 4.723472
v -1.797953 0.248743 4.106203
v -1.793611 0.232484 4.109036
v -2.210438 0.209891 5.100789
v -1.337665 0.376405 3.980220
v -0.909545 0.308162 3.801444
v -1.886818 0.346311 4.618500
v -2.188322 0.220674 4.369850
v -1.308643 0.254013 3.998891
v -1.853668 0.222437 4.640936
v -2.148520 0.217678 5.055219
v -1.151203 0.385421 3.794457
v -1.113008 0.288956 3.945726
v -1.778181 0.176534 4.119365
v -1.778172 0.176234 4.119369
v -1.138489 0.382482 3.729885
v -1.784756 0.200603 4.114841
v -1.141966 0.377340 3.736799
v -2.298587 0.215639 4.505096
v -0.969088 0.283536 3.754587
v -2.265350 0.091735 4.527494
v -2.261186 0.252919 4.566341
v -1.425332 0.360645 4.024368
v -2.266706 0.238671 4.498442
v -1.932120 0.338349 4.552022
v -1.423860 0.361702 4.027633
v -1.926579 0.352378 4.620926
v -2.225616 0.085380 4.526019
v -1.139714 0.360924 3.757655
v -0.785613 0.529046 3.816134
v -1.140106 0.364522 3.752844
v -2.432670 0.168857 5.200598
v -1.891390 0.332330 4.550710
v -1.393079 0.239806 4.046504
v -1.392459 0.240210 4.047843
v -2.243540 0.333833 5.078408
v -1.136319 0.348495 3.759957
v -2.476216 0.144172 5.133553
v -1.954843 0.307906 4.501344
v -1.951807 0.307272 4.500921
v -1.924929 0.290139 4.522162
v -1.955039 0.318616 4.477232
v -0.958353 0.479058 3.795340
v -2.181980 0.342511 5.033131
v -2.459453 0.177008 5.097834
v -2.280141 0.219959 4.689517
v -1.890982 0.185127 4.579652
v -1.333301 0.377093 3.977842
v -1.885576 0.199117 4.648541
v -1.919277 0.183842 4.523160
v -1.858522 0.209383 4.573325
v -1.919142 0.183879 4.523175
v -1.921216 0.182283 4.523923
v -2.467019 0.264184 5.212632
v -2.450416 0.202376 5.223290
v -0.950078 0.459342 3.774218
v -2.293760 0.228404 4.573658
v -2.260865 0.105747 4.595322
v -1.410342 0.206934 3.733962
v -2.253677 0.316541 5.186613
v -2.237074 0.254733 5.197271
v -1.409185 0.205593 3.735572
v -1.568579 0.328032 4.204609
v -2.275343 0.339096 5.154875
v -1.409137 0.205662 3.735625
v -1.907009 0.214483 4.534159
v -1.905700 0.217777 4.535261
v -1.913921 0.165219 4.504179
v -2.242106 0.215192 5.177273
v -2.465896 0.292695 5.178275
v -1.777775 0.176018 4.119660
v -1.765191 0.172443 4.119275
v -2.217597 0.185149 4.633739
v -2.227439 0.221356 4.627176
v -1.639610 0.310974 4.104367
v -2.211021 0.160611 4.638121
v -1.610490 0.202004 4.123944
v -1.616651 0.203111 4.172568
v -1.617120 0.203168 4.175881
v -2.198368 0.150057 4.647909
v -1.594034 0.349517 4.172440
v -2.509650 0.269295 5.110514
v -1.788377 0.258315 4.103554
v -1.797220 0.249803 4.106230
v -1.797770 0.249321 4.106415
v -1.909682 0.161613 4.477916
v -2.024057 0.140001 4.436416
v -2.597866 0.208575 5.101043
v -2.024160 0.138194 4.441791
v -1.713656 0.303635 4.135922
v -2.024055 0.139839 4.436808
v -2.033243 0.145069 4.429249
v -2.581513 0.147407 5.112961
v -2.227771 0.222610 4.626980
v -2.223025 0.240105 4.631495
v -1.649748 0.324453 4.155921
v -1.673800 0.320283 4.169073
v -2.227684 0.223047 4.627084
v -2.546659 0.120884 5.104390
v -1.649950 0.324622 4.156627
v -2.033806 0.136873 4.453791
v -2.057859 0.307807 4.568682
v -2.579808 0.244757 5.081954
v -1.987517 0.315145 4.506125
v -1.978863 0.313292 4.504828
v -2.220183 0.099660 4.593956
v -1.681345 0.182800 4.158187
v -1.946766 0.161839 4.533467
v -1.940005 0.167178 4.530964
v -1.468233 0.153533 3.677760
v -2.034275 0.141169 4.548883
v -1.971428 0.151405 4.513073
v -2.009190 0.141921 4.462013
v -1.521978 0.155900 3.770351
v -2.275746 0.258271 4.709061
v -1.420306 0.184229 3.766021
v -1.413187 0.198867 3.745171
v -1.373302 0.212183 3.853610
v -1.420093 0.184374 3.766387
v -1.374973 0.211801 3.854298
v -1.364093 0.224299 3.855635
v -1.542684 0.181942 3.801183
v -2.147680 0.226551 4.531473
# 434 vertices

g group_1_6970902

usemtl color_6970902
s 0

f 86 	85 	84
f 90 	359 	68
f 86 	85 	91
f 224 	408 	94
f 92 	93 	95
f 96 	95 	93
f 93 	92 	97
f 81 	245 	327
f 98 	99 	100
f 98 	100 	101
f 96 	97 	95
f 92 	95 	97
f 74 	317 	72
f 99 	100 	105
f 99 	105 	107
f 86 	84 	85
f 85 	89 	91
f 74 	78 	317
f 103 	104 	106
f 317 	78 	82
f 89 	88 	91
f 110 	140 	108
f 110 	108 	100
f 317 	82 	139
f 89 	451 	85
f 111 	112 	110
f 109 	113 	114
f 109 	114 	115
f 451 	86 	84
f 119 	120 	117
f 116 	117 	120
f 80 	327 	88
f 124 	117 	127
f 119 	117 	124
f 109 	106 	122
f 106 	104 	122
f 121 	122 	104
f 126 	97 	104
f 97 	96 	104
f 121 	104 	96
f 88 	451 	89
f 102 	167 	149
f 73 	132 	67
f 84 	85 	451
f 81 	451 	80
f 88 	80 	451
f 69 	67 	132
f 129 	127 	128
f 127 	124 	128
f 134 	127 	129
f 124 	119 	128
f 119 	120 	128
f 120 	135 	128
f 105 	128 	135
f 107 	105 	135
f 78 	217 	82
f 112 	111 	140
f 440 	140 	111
f 384 	387 	133
f 145 	339 	131
f 139 	138 	325
f 142 	325 	138
f 135 	196 	143
f 110 	112 	140
f 226 	425 	142
f 155 	158 	154
f 423 	186 	149
f 156 	118 	171
f 160 	153 	159
f 159 	154 	158
f 154 	159 	153
f 136 	118 	156
f 162 	151 	161
f 161 	151 	125
f 170 	152 	157
f 146 	91 	147
f 451 	423 	450
f 149 	450 	423
f 150 	152 	170
f 164 	165 	166
f 149 	453 	450
f 91 	133 	147
f 118 	400 	171
f 258 	81 	80
f 457 	453 	149
f 182 	201 	167
f 84 	254 	85
f 86 	254 	84
f 173 	254 	86
f 162 	174 	164
f 221 	222 	85
f 212 	254 	223
f 179 	145 	178
f 169 	178 	145
f 222 	258 	85
f 258 	80 	88
f 181 	491 	148
f 67 	177 	137
f 268 	171 	266
f 70 	184 	94
f 180 	179 	178
f 177 	145 	131
f 464 	170 	468
f 187 	414 	193
f 156 	171 	181
f 145 	194 	195
f 195 	205 	145
f 172 	130 	163
f 184 	70 	187
f 184 	187 	193
f 182 	102 	175
f 163 	130 	169
f 145 	179 	194
f 143 	196 	144
f 445 	429 	196
f 182 	167 	102
f 189 	304 	197
f 190 	304 	189
f 303 	193 	304
f 177 	67 	163
f 195 	194 	439
f 179 	436 	194
f 197 	304 	192
f 102 	149 	185
f 163 	145 	177
f 83 	188 	201
f 184 	202 	94
f 163 	67 	69
f 120 	196 	135
f 204 	196 	191
f 127 	191 	196
f 188 	223 	201
f 88 	89 	188
f 120 	119 	196
f 119 	124 	196
f 127 	196 	124
f 339 	145 	205
f 145 	163 	169
f 200 	76 	198
f 207 	196 	204
f 201 	182 	83
f 439 	442 	195
f 201 	210 	211
f 201 	212 	210
f 202 	184 	193
f 137 	176 	214
f 215 	167 	211
f 255 	167 	215
f 214 	176 	213
f 217 	216 	130
f 169 	130 	216
f 178 	169 	216
f 294 	245 	307
f 131 	218 	176
f 213 	176 	218
f 155 	220 	158
f 221 	158 	220
f 148 	203 	75
f 307 	80 	88
f 219 	209 	208
f 83 	422 	206
f 222 	221 	220
f 498 	313 	190
f 142 	224 	226
f 201 	223 	212
f 222 	165 	168
f 228 	219 	227
f 262 	219 	228
f 170 	227 	219
f 202 	230 	94
f 224 	94 	230
f 224 	230 	226
f 176 	177 	131
f 88 	188 	307
f 230 	425 	226
f 325 	142 	425
f 237 	161 	233
f 234 	235 	233
f 235 	237 	233
f 236 	237 	235
f 232 	233 	161
f 229 	232 	161
f 159 	229 	161
f 210 	91 	211
f 156 	181 	231
f 227 	239 	228
f 240 	228 	239
f 156 	231 	225
f 212 	211 	210
f 382 	400 	118
f 125 	151 	378
f 377 	378 	151
f 227 	170 	244
f 241 	250 	243
f 242 	250 	231
f 253 	214 	213
f 211 	223 	451
f 392 	391 	244
f 227 	244 	391
f 225 	231 	250
f 451 	450 	215
f 451 	215 	211
f 212 	223 	211
f 173 	451 	223
f 154 	146 	147
f 177 	176 	137
f 244 	247 	227
f 81 	307 	245
f 239 	227 	247
f 131 	357 	218
f 245 	294 	327
f 155 	154 	147
f 147 	424 	155
f 249 	250 	241
f 242 	243 	250
f 294 	451 	245
f 81 	245 	451
f 248 	191 	244
f 469 	191 	248
f 159 	158 	254
f 248 	247 	244
f 340 	167 	255
f 174 	162 	257
f 256 	243 	242
f 255 	215 	483
f 91 	483 	215
f 162 	161 	257
f 334 	79 	209
f 215 	279 	255
f 231 	181 	285
f 219 	337 	209
f 483 	91 	146
f 259 	260 	219
f 174 	257 	258
f 168 	165 	258
f 165 	164 	258
f 174 	258 	164
f 346 	254 	211
f 210 	211 	254
f 88 	89 	258
f 219 	262 	259
f 210 	254 	212
f 261 	263 	264
f 171 	246 	265
f 206 	293 	315
f 260 	259 	108
f 357 	251 	218
f 255 	346 	215
f 211 	215 	346
f 263 	225 	267
f 250 	267 	225
f 228 	108 	262
f 257 	245 	258
f 158 	221 	254
f 221 	85 	254
f 223 	254 	173
f 218 	251 	213
f 228 	240 	262
f 499 	268 	269
f 371 	253 	270
f 89 	85 	258
f 168 	258 	222
f 253 	213 	270
f 256 	250 	274
f 275 	250 	256
f 249 	274 	250
f 189 	197 	278
f 251 	270 	213
f 167 	279 	280
f 216 	217 	180
f 178 	216 	180
f 285 	181 	148
f 183 	141 	272
f 231 	363 	242
f 172 	282 	296
f 272 	277 	183
f 217 	130 	284
f 307 	315 	294
f 163 	69 	282
f 278 	197 	192
f 280 	279 	435
f 256 	363 	281
f 242 	363 	256
f 282 	69 	132
f 192 	189 	278
f 172 	163 	282
f 307 	83 	206
f 256 	274 	281
f 279 	215 	280
f 148 	75 	285
f 171 	265 	266
f 286 	288 	172
f 368 	315 	365
f 288 	297 	130
f 130 	172 	288
f 295 	294 	315
f 289 	287 	292
f 298 	299 	115
f 109 	115 	299
f 434 	291 	290
f 296 	286 	172
f 252 	292 	287
f 282 	301 	296
f 300 	156 	225
f 300 	136 	156
f 318 	314 	302
f 304 	306 	303
f 302 	309 	306
f 292 	252 	141
f 276 	185 	273
f 186 	273 	185
f 292 	141 	183
f 122 	302 	306
f 122 	306 	299
f 175 	102 	276
f 284 	130 	305
f 393 	305 	130
f 225 	308 	300
f 295 	291 	294
f 290 	294 	291
f 290 	472 	294
f 122 	299 	109
f 102 	185 	276
f 240 	271 	260
f 262 	240 	259
f 260 	259 	240
f 303 	306 	309
f 238 	283 	273
f 140 	440 	311
f 440 	418 	311
f 188 	83 	307
f 261 	312 	263
f 304 	313 	306
f 263 	308 	225
f 206 	315 	307
f 199 	316 	198
f 238 	273 	186
f 309 	302 	314
f 436 	179 	180
f 78 	180 	217
f 319 	320 	312
f 320 	308 	312
f 263 	312 	308
f 293 	283 	238
f 264 	263 	312
f 317 	200 	198
f 288 	286 	328
f 325 	200 	317
f 328 	286 	322
f 246 	326 	265
f 324 	268 	326
f 288 	321 	297
f 91 	88 	327
f 80 	81 	327
f 329 	91 	327
f 328 	321 	288
f 265 	326 	266
f 139 	325 	317
f 234 	472 	235
f 91 	329 	133
f 200 	325 	136
f 269 	268 	324
f 118 	136 	325
f 434 	399 	291
f 333 	311 	332
f 310 	332 	311
f 378 	377 	327
f 267 	250 	330
f 275 	335 	250
f 391 	394 	335
f 108 	140 	311
f 108 	311 	333
f 108 	333 	336
f 108 	336 	337
f 108 	337 	260
f 439 	194 	436
f 291 	331 	290
f 235 	290 	331
f 235 	331 	236
f 420 	297 	321
f 336 	334 	337
f 334 	209 	337
f 323 	296 	301
f 266 	326 	268
f 260 	337 	219
f 320 	467 	308
f 272 	141 	372
f 259 	260 	337
f 338 	322 	286
f 340 	483 	279
f 338 	286 	296
f 271 	341 	260
f 337 	260 	341
f 336 	337 	341
f 296 	323 	338
f 267 	330 	263
f 330 	452 	263
f 312 	263 	342
f 167 	340 	279
f 443 	429 	262
f 227 	228 	344
f 248 	244 	344
f 244 	227 	344
f 228 	262 	429
f 345 	496 	343
f 346 	340 	280
f 279 	280 	340
f 262 	259 	443
f 292 	361 	289
f 496 	345 	205
f 275 	256 	335
f 335 	256 	281
f 310 	347 	332
f 333 	334 	336
f 243 	349 	241
f 249 	241 	349
f 249 	349 	350
f 346 	232 	229
f 79 	334 	341
f 336 	341 	334
f 274 	249 	241
f 122 	121 	302
f 355 	354 	351
f 353 	320 	319
f 109 	299 	106
f 299 	306 	106
f 488 	152 	154
f 93 	440 	96
f 248 	344 	247
f 341 	271 	344
f 239 	344 	240
f 247 	344 	239
f 126 	144 	97
f 93 	97 	440
f 351 	352 	355
f 357 	355 	352
f 356 	358 	249
f 241 	249 	358
f 343 	339 	345
f 343 	348 	339
f 256 	281 	243
f 205 	345 	339
f 357 	339 	355
f 358 	360 	241
f 271 	240 	344
f 249 	350 	356
f 255 	483 	340
f 357 	131 	339
f 359 	339 	348
f 277 	272 	388
f 354 	137 	351
f 349 	243 	360
f 360 	243 	281
f 255 	279 	340
f 214 	351 	137
f 103 	143 	104
f 348 	369 	359
f 214 	253 	351
f 364 	360 	363
f 360 	281 	363
f 366 	367 	306
f 313 	366 	306
f 103 	106 	143
f 295 	315 	368
f 498 	497 	366
f 67 	137 	354
f 327 	368 	399
f 399 	365 	331
f 274 	241 	360
f 281 	274 	360
f 365 	399 	368
f 386 	306 	367
f 327 	295 	368
f 368 	365 	295
f 291 	295 	365
f 331 	291 	365
f 363 	231 	285
f 366 	313 	498
f 293 	206 	375
f 371 	270 	383
f 159 	254 	229
f 346 	229 	254
f 383 	270 	397
f 459 	293 	375
f 255 	340 	346
f 383 	352 	371
f 237 	236 	365
f 331 	365 	236
f 369 	370 	359
f 369 	348 	495
f 495 	498 	369
f 368 	257 	365
f 257 	161 	365
f 237 	365 	161
f 440 	458 	96
f 182 	415 	422
f 414 	359 	370
f 292 	362 	361
f 422 	375 	206
f 257 	294 	245
f 81 	258 	245
f 351 	371 	352
f 113 	373 	114
f 257 	368 	294
f 295 	294 	368
f 253 	371 	351
f 354 	73 	67
f 372 	141 	374
f 295 	327 	294
f 143 	106 	306
f 462 	379 	76
f 380 	76 	379
f 76 	380 	394
f 252 	287 	374
f 393 	395 	224
f 391 	87 	394
f 374 	375 	372
f 357 	352 	397
f 406 	70 	408
f 252 	374 	141
f 227 	380 	228
f 379 	228 	380
f 329 	327 	377
f 187 	70 	406
f 94 	408 	70
f 425 	318 	382
f 302 	403 	318
f 272 	372 	381
f 370 	190 	189
f 438 	361 	362
f 192 	193 	414
f 414 	187 	406
f 327 	399 	378
f 414 	370 	192
f 189 	192 	370
f 380 	379 	330
f 352 	383 	397
f 130 	376 	389
f 73 	354 	90
f 150 	385 	398
f 385 	219 	208
f 298 	390 	299
f 76 	394 	87
f 132 	73 	68
f 90 	68 	73
f 224 	142 	393
f 219 	150 	170
f 392 	87 	391
f 219 	385 	150
f 397 	270 	251
f 408 	224 	395
f 388 	272 	381
f 380 	227 	394
f 394 	227 	391
f 398 	385 	396
f 130 	389 	393
f 393 	389 	395
f 251 	357 	397
f 373 	390 	298
f 115 	114 	298
f 373 	113 	299
f 390 	373 	299
f 391 	335 	392
f 440 	97 	144
f 378 	399 	208
f 403 	400 	382
f 399 	401 	208
f 377 	402 	404
f 277 	388 	362
f 171 	400 	246
f 403 	246 	400
f 373 	298 	114
f 277 	362 	183
f 109 	299 	113
f 152 	150 	405
f 382 	318 	403
f 150 	398 	405
f 68 	359 	389
f 362 	292 	183
f 406 	408 	389
f 395 	389 	408
f 326 	246 	261
f 329 	404 	384
f 301 	282 	407
f 410 	384 	404
f 302 	458 	403
f 387 	384 	410
f 132 	407 	282
f 402 	410 	404
f 132 	68 	407
f 329 	377 	404
f 412 	386 	411
f 359 	414 	389
f 406 	389 	414
f 417 	402 	416
f 410 	402 	417
f 482 	416 	402
f 376 	130 	297
f 428 	387 	410
f 409 	415 	476
f 297 	71 	376
f 412 	411 	269
f 499 	269 	411
f 71 	68 	376
f 410 	417 	418
f 444 	428 	418
f 410 	418 	428
f 413 	375 	374
f 192 	304 	193
f 310 	419 	347
f 297 	420 	71
f 287 	413 	374
f 349 	360 	412
f 386 	412 	306
f 193 	303 	202
f 415 	409 	381
f 310 	311 	417
f 418 	417 	311
f 412 	269 	349
f 309 	202 	303
f 71 	301 	407
f 416 	419 	417
f 419 	310 	417
f 324 	349 	269
f 304 	190 	313
f 301 	71 	420
f 401 	396 	385
f 401 	385 	208
f 433 	321 	328
f 416 	482 	166
f 485 	155 	424
f 186 	423 	238
f 230 	202 	314
f 309 	314 	202
f 185 	149 	186
f 421 	289 	361
f 230 	314 	425
f 424 	147 	426
f 422 	415 	381
f 321 	433 	420
f 372 	422 	381
f 318 	425 	314
f 427 	424 	429
f 287 	289 	421
f 454 	143 	412
f 360 	454 	412
f 375 	422 	372
f 428 	429 	424
f 430 	424 	427
f 382 	118 	425
f 325 	425 	118
f 426 	387 	428
f 323 	301 	420
f 421 	413 	287
f 426 	133 	387
f 322 	433 	328
f 434 	435 	396
f 317 	198 	316
f 424 	426 	428
f 246 	403 	261
f 452 	342 	403
f 338 	323 	433
f 322 	338 	433
f 111 	458 	440
f 442 	494 	205
f 205 	195 	442
f 443 	429 	428
f 68 	389 	376
f 443 	428 	444
f 433 	323 	420
f 343 	496 	495
f 445 	196 	207
f 205 	493 	496
f 486 	430 	445
f 121 	96 	458
f 250 	335 	394
f 394 	380 	250
f 330 	250 	380
f 104 	143 	144
f 429 	443 	196
f 427 	429 	445
f 444 	144 	443
f 144 	196 	443
f 359 	90 	339
f 285 	75 	484
f 396 	435 	398
f 443 	220 	429
f 354 	355 	90
f 104 	144 	126
f 448 	449 	87
f 480 	447 	431
f 220 	430 	427
f 427 	429 	220
f 220 	443 	444
f 355 	339 	90
f 87 	392 	448
f 437 	361 	438
f 438 	432 	437
f 431 	437 	432
f 75 	87 	484
f 446 	362 	388
f 441 	431 	447
f 449 	448 	191
f 392 	191 	448
f 71 	407 	68
f 342 	312 	403
f 312 	261 	403
f 452 	403 	458
f 418 	440 	144
f 444 	418 	144
f 449 	448 	335
f 392 	335 	448
f 220 	444 	418
f 362 	446 	438
f 492 	238 	423
f 99 	452 	458
f 441 	421 	361
f 427 	490 	429
f 437 	431 	441
f 441 	413 	421
f 430 	490 	427
f 143 	454 	455
f 143 	455 	456
f 143 	456 	135
f 432 	446 	409
f 331 	492 	291
f 290 	492 	472
f 259 	337 	417
f 437 	441 	361
f 432 	438 	446
f 446 	388 	381
f 306 	412 	143
f 464 	344 	429
f 280 	457 	167
f 149 	167 	457
f 409 	446 	381
f 76 	77 	467
f 444 	443 	418
f 417 	418 	443
f 259 	417 	443
f 100 	99 	110
f 111 	110 	99
f 459 	413 	447
f 76 	467 	460
f 462 	76 	461
f 460 	461 	76
f 201 	211 	167
f 332 	347 	419
f 302 	121 	458
f 441 	447 	413
f 458 	111 	99
f 207 	204 	463
f 207 	463 	445
f 461 	108 	462
f 460 	108 	461
f 379 	462 	108
f 259 	262 	108
f 379 	108 	228
f 434 	451 	450
f 453 	435 	450
f 434 	450 	435
f 461 	330 	462
f 324 	326 	349
f 350 	349 	326
f 261 	264 	326
f 350 	326 	264
f 457 	280 	435
f 83 	182 	422
f 459 	375 	413
f 379 	462 	330
f 330 	461 	460
f 457 	435 	453
f 312 	342 	319
f 465 	431 	432
f 480 	431 	465
f 300 	467 	77
f 464 	469 	170
f 457 	215 	450
f 453 	457 	450
f 280 	215 	457
f 264 	312 	350
f 342 	350 	312
f 471 	423 	451
f 356 	107 	358
f 471 	475 	423
f 472 	423 	475
f 473 	320 	353
f 474 	467 	473
f 320 	473 	467
f 300 	308 	467
f 468 	191 	464
f 466 	191 	468
f 319 	452 	353
f 465 	432 	470
f 291 	492 	290
f 474 	460 	467
f 469 	464 	191
f 392 	244 	191
f 476 	470 	432
f 475 	471 	434
f 473 	353 	452
f 342 	452 	319
f 101 	477 	98
f 468 	469 	464
f 471 	451 	434
f 473 	477 	474
f 101 	474 	477
f 452 	99 	98
f 452 	98 	477
f 452 	477 	473
f 468 	466 	469
f 478 	469 	466
f 476 	432 	409
f 342 	263 	452
f 479 	377 	151
f 364 	456 	455
f 455 	454 	364
f 475 	434 	472
f 101 	100 	474
f 460 	474 	100
f 472 	434 	290
f 377 	479 	402
f 481 	402 	479
f 364 	454 	360
f 460 	100 	108
f 402 	481 	482
f 472 	475 	294
f 475 	471 	294
f 451 	294 	471
f 452 	330 	460
f 452 	460 	100
f 452 	100 	99
f 481 	419 	482
f 470 	273 	465
f 416 	482 	419
f 363 	484 	364
f 285 	484 	363
f 456 	364 	484
f 116 	120 	484
f 456 	484 	120
f 470 	276 	273
f 117 	116 	484
f 435 	405 	398
f 476 	276 	470
f 417 	416 	166
f 418 	417 	166
f 162 	164 	479
f 482 	481 	166
f 164 	166 	481
f 479 	164 	481
f 151 	162 	479
f 107 	135 	456
f 107 	456 	455
f 107 	455 	454
f 107 	454 	360
f 107 	360 	358
f 350 	452 	356
f 342 	452 	350
f 99 	356 	452
f 107 	356 	99
f 127 	484 	449
f 117 	484 	127
f 87 	449 	484
f 435 	483 	405
f 343 	495 	348
f 476 	175 	276
f 191 	127 	449
f 424 	486 	485
f 480 	465 	273
f 370 	369 	190
f 424 	430 	486
f 455 	456 	120
f 119 	454 	120
f 273 	283 	480
f 317 	316 	72
f 436 	72 	316
f 445 	485 	486
f 449 	454 	127
f 182 	175 	415
f 436 	316 	439
f 430 	427 	445
f 442 	439 	316
f 175 	476 	415
f 449 	335 	454
f 455 	120 	454
f 124 	454 	119
f 124 	127 	454
f 199 	203 	316
f 220 	155 	485
f 220 	485 	486
f 430 	220 	486
f 454 	335 	281
f 454 	281 	360
f 480 	459 	447
f 401 	399 	434
f 461 	462 	128
f 166 	165 	418
f 165 	222 	418
f 220 	418 	222
f 487 	316 	203
f 401 	434 	396
f 283 	459 	480
f 481 	334 	333
f 332 	419 	333
f 481 	333 	419
f 461 	128 	460
f 100 	460 	128
f 100 	128 	105
f 293 	459 	283
f 471 	233 	451
f 450 	451 	233
f 316 	487 	494
f 127 	134 	449
f 448 	449 	134
f 148 	487 	203
f 445 	463 	489
f 445 	489 	485
f 462 	380 	128
f 129 	128 	380
f 379 	380 	462
f 394 	129 	380
f 491 	487 	148
f 472 	234 	475
f 471 	475 	234
f 129 	394 	134
f 394 	391 	134
f 448 	134 	391
f 448 	391 	392
f 154 	153 	488
f 233 	232 	450
f 453 	450 	232
f 87 	199 	76
f 198 	76 	199
f 191 	490 	204
f 466 	490 	191
f 463 	204 	490
f 463 	490 	489
f 331 	291 	399
f 170 	157 	490
f 77 	76 	200
f 486 	485 	489
f 486 	489 	490
f 87 	203 	199
f 235 	472 	290
f 490 	466 	170
f 87 	75 	203
f 435 	279 	483
f 136 	300 	77
f 280 	457 	346
f 466 	468 	490
f 468 	464 	490
f 486 	490 	430
f 464 	429 	490
f 453 	232 	457
f 346 	457 	232
f 337 	336 	482
f 481 	482 	336
f 334 	481 	336
f 200 	136 	77
f 493 	205 	494
f 238 	492 	293
f 416 	417 	337
f 482 	416 	337
f 496 	497 	495
f 489 	488 	490
f 488 	478 	490
f 153 	478 	488
f 160 	478 	153
f 466 	490 	478
f 423 	472 	492
f 469 	344 	464
f 344 	228 	429
f 331 	365 	492
f 315 	492 	365
f 190 	369 	498
f 497 	498 	495
f 492 	315 	293
f 487 	493 	494
f 329 	384 	133
f 496 	487 	497
f 367 	497 	487
f 487 	496 	493
f 469 	478 	344
f 367 	366 	497
f 426 	147 	133
f 386 	367 	491
f 341 	123 	79
f 344 	478 	341
f 316 	494 	442
f 80 	307 	81
f 85 	86 	188
f 86 	173 	188
f 223 	188 	173
f 85 	188 	89
f 487 	491 	367
f 215 	211 	91
f 212 	91 	210
f 125 	123 	161
f 173 	86 	91
f 212 	223 	91
f 173 	91 	223
f 451 	173 	86
f 159 	341 	478
f 160 	159 	478
f 161 	123 	159
f 123 	341 	159
f 491 	181 	499
f 411 	491 	499
f 491 	411 	386
f 152 	405 	483
f 181 	171 	499
f 499 	171 	268
f 248 	244 	170
f 170 	469 	248
f 74 	72 	180
f 72 	436 	180
f 157 	152 	488
f 146 	154 	152
f 78 	74 	180
f 152 	483 	146
f 138 	139 	284
f 139 	82 	284
f 284 	82 	217
f 157 	488 	489
f 284 	305 	142
f 284 	142 	138
f 489 	490 	157
f 305 	393 	142
f 466 	468 	170
f 500 	233 	471
f 378 	208 	125
f 209 	123 	208
f 500 	471 	234
f 233 	500 	234
f 125 	208 	123
f 123 	209 	79
# 1036 faces

 #end of obj_1

o obj_2
v 0.587906 0.721474 3.723063
v 0.559061 0.828861 3.704338
v 1.362483 1.037977 4.396881
v 1.329167 1.031397 4.411026
v 1.319148 1.039427 4.475015
v 1.331714 1.044982 4.487814
v 1.153145 1.059945 4.087630
v 1.365284 1.054793 4.491939
v 1.386460 1.057401 4.473531
v 0.550551 0.751599 3.960774
v 1.083722 1.056116 4.161937
v 0.779062 0.872017 3.609747
v 0.521424 0.859913 3.942228
v 1.350171 1.050415 4.490116
v 1.142585 1.048187 4.088765
v 1.223601 1.151655 4.458812
v 1.935368 1.333024 5.230932
v 1.562388 1.325939 5.115072
v 1.561772 1.324725 5.115694
v 1.317782 1.039643 4.485795
v 1.328658 1.038494 4.397943
v 1.384522 1.057466 4.359612
v 1.352467 1.053173 4.491020
v 1.606562 1.227108 5.124697
v 1.738110 1.116873 4.116605
v 1.317782 1.039643 4.485795
v 1.718356 1.190520 4.103628
v 1.651948 1.235523 5.103885
v 1.123256 1.027917 4.089362
v 1.586465 1.333760 4.889453
v 1.606562 1.227108 5.124697
v 1.377079 1.089786 4.502799
v 1.300363 1.148771 4.518053
v 1.325575 1.038828 4.423464
v 1.713689 1.087663 4.137290
v 1.469141 1.095445 4.454848
v 1.660745 1.237144 5.099868
v 1.570883 1.346580 4.987724
v 1.582949 1.246128 5.129095
v 1.282930 1.149434 4.517604
v 1.681272 1.208643 4.116232
v 1.282167 1.149273 4.517565
v 1.589813 1.240976 5.127689
v 1.380932 1.086876 4.502148
v 1.631713 1.208531 4.814490
v 0.812915 0.730660 3.668593
v 1.272760 1.178403 4.525979
v 1.636434 1.191086 4.817571
v 1.271672 1.181847 4.526997
v 1.267754 1.177459 4.525550
v 0.763452 0.914444 3.637672
v 1.770125 1.217177 4.810250
v 1.159467 0.949961 4.104803
v 1.635871 1.182655 4.842041
v 1.160003 0.956007 4.084525
v 1.595466 1.320148 4.846878
v 1.592745 1.328523 4.849350
v 1.760003 1.204072 4.847781
v 1.141007 0.956078 4.103116
v 1.141007 0.956078 4.103116
v 1.141007 0.956078 4.103116
v 1.697655 1.183293 4.823739
v 1.353908 1.178343 4.452458
v 1.707759 1.196042 4.787235
v 1.305250 1.169100 4.474848
v 0.808180 0.763767 3.628219
v 1.286223 1.160888 4.456580
v 1.297392 1.151807 4.385115
v 1.305287 1.154091 4.386065
v 1.675452 1.239734 5.092843
v 1.446303 1.181572 4.439972
v 1.305250 1.169100 4.474848
v 1.182129 1.079213 4.225664
v 1.575926 1.331057 4.983235
v 1.618762 1.199015 4.944940
v 1.623630 1.184020 4.940671
v 0.702874 0.725684 3.810798
v 1.296184 1.147865 4.404785
v 1.300569 1.142210 4.382314
v 0.796815 0.743937 3.770267
v 0.874667 0.775404 3.831485
v 1.477545 1.105043 4.457850
v 1.630015 1.181322 4.822835
v 1.629901 1.179580 4.828135
v 1.458198 1.178643 4.445313
v 1.457434 1.178879 4.444952
v 1.573424 1.253161 5.131031
v 1.573512 1.253131 5.130992
v 1.579794 1.248396 5.129760
v 1.556765 1.314570 5.120564
v 1.572879 1.254973 5.130684
v 1.566810 1.277799 5.126742
v 1.534045 1.152186 4.898967
v 1.554693 1.163534 4.932170
v 1.528326 1.211510 5.160933
v 1.471250 1.129988 4.453253
v 1.462975 1.161994 4.447882
v 1.526138 1.153395 4.894667
v 1.458868 1.177565 4.445350
v 1.458644 1.178423 4.445196
v 1.504331 1.156873 4.882844
v 1.477825 1.105449 4.457635
v 1.511605 1.139940 4.862950
v 1.709385 1.313795 5.274088
v 1.595408 1.063817 4.184701
v 1.502530 1.195389 4.939952
v 1.283819 1.163986 4.468681
v 0.716851 0.748719 3.822401
v 1.540498 1.331837 4.949777
v 1.492387 1.305575 4.872887
v 1.563664 1.344488 4.986851
v 0.848580 0.786795 3.838219
v 1.492622 1.127235 4.828877
v 1.486604 1.299534 4.869844
v 1.470453 1.282667 4.861383
v 1.470267 1.293546 4.837417
v 1.517180 1.136404 4.824827
v 1.506787 1.280836 4.965867
v 1.511921 1.286506 4.967739
v 1.759775 1.303554 5.132626
v 1.543265 1.321613 4.979312
v 1.516375 1.128871 4.849847
v 1.736757 1.340936 4.790011
v 1.562868 1.184604 4.164558
v 1.505227 1.248209 4.955984
v 0.788648 0.763492 3.791502
v 1.506704 1.278525 4.965190
v 1.489178 1.218068 4.545178
v 1.610092 1.179563 4.938837
v 1.613422 1.179727 4.934535
v 1.564096 1.157890 4.885157
v 1.515786 1.136564 4.836628
v 1.316828 1.092092 4.367737
v 1.308145 1.124614 4.362070
v 1.304878 1.136518 4.359957
v 1.328379 1.106015 4.238650
v 1.350992 1.036235 4.218329
v 1.334368 1.037872 4.352073
v 1.618799 1.182077 4.939878
v 1.327236 1.053240 4.374585
v 1.470621 1.293158 4.834628
v 1.327851 1.050898 4.374993
v 1.509101 1.304244 4.839217
v 1.748382 1.270456 5.158864
v 1.553812 1.317254 4.844662
v 1.299296 1.146248 4.383477
v 1.546465 1.311139 4.842562
v 1.465716 1.191525 5.137220
v 1.558341 1.082295 4.196277
v 1.995245 1.479569 5.390932
v 1.251043 0.997325 4.203312
v 1.253471 1.001762 4.204732
v 0.624075 0.693950 3.749473
v 2.011907 1.417368 5.402041
v 1.230793 1.035351 4.214128
v 1.958674 1.502872 5.386242
v 1.301252 1.141287 4.378616
v 1.161740 0.964212 4.118284
v 1.140919 0.956109 4.103155
v 1.204897 1.073079 4.224629
v 1.538499 1.155974 4.183339
v 1.546418 1.195163 5.128375
v 1.917281 1.477211 5.304049
v 1.302109 1.044985 3.906970
v 1.321911 0.971171 3.919929
v 1.611176 1.173393 4.844293
v 1.139369 0.961747 4.102148
v 0.809093 0.972529 3.902162
v 1.484079 1.174317 5.104408
v 0.637386 0.922778 3.881438
v 1.706898 1.148361 4.352822
v 1.687144 1.222008 4.339845
v 1.298700 1.075974 3.939167
v 1.686085 1.114308 4.337704
v 1.653524 1.235313 4.316557
v 1.148787 0.921814 3.944308
v 1.800559 1.384971 4.946408
v 1.833900 1.260924 4.967598
v 0.968609 0.793659 3.790952
v 1.660633 1.210988 4.949989
v 0.919145 0.977441 3.760032
v 1.685219 1.326805 4.985597
v 1.686029 1.310901 4.980935
v 1.688711 1.255725 4.964402
v 0.653400 0.909532 3.779804
v 1.637645 1.348980 4.990720
v 1.654615 1.353757 4.992780
v 1.659987 1.349358 4.991561
v 0.747352 0.927721 3.739346
v 0.960800 0.945164 3.752738
v 0.825193 0.959252 3.800488
v 1.544596 1.177811 4.936106
v 0.676184 0.900076 3.796549
v 0.747903 0.914815 3.765763
v 1.508839 1.204080 4.942839
v 1.804919 1.234793 4.957813
v 0.807827 0.938185 3.812406
v 0.989646 0.837776 3.771464
v 0.663745 0.910525 3.874450
v 1.503098 1.272942 4.963327
v 0.795387 0.948634 3.890306
v 1.532616 1.318496 4.977998
v 1.736843 1.392545 4.995625
v 1.763637 1.388259 4.931483
v 1.892027 1.439941 5.325409
v 0.976337 0.863387 3.820156
v 0.957666 0.932846 3.808047
v 1.693101 1.360934 5.052269
v 1.680952 1.370616 5.054462
v 0.936382 0.819923 3.995252
v 0.962141 0.851825 3.930968
v 0.959753 0.853723 3.945887
v 1.683136 1.276189 5.295287
v 0.961255 0.860683 3.951769
v 1.131654 0.927187 4.073910
v 1.565271 1.331807 5.112211
v 1.623330 1.256784 5.272775
v 1.572981 1.350251 5.103951
v 0.574697 0.877702 3.718513
v 1.743113 1.365755 5.121518
v 0.764589 0.770203 3.974567
v 0.686747 0.738671 3.913425
v 0.952204 0.867933 4.009213
v 0.591935 0.720184 3.953736
v 1.546688 1.093744 4.282954
v 1.719847 1.261554 5.068927
v 1.713662 1.247310 5.075451
v 1.526819 1.167132 4.270969
v 0.949735 0.954263 3.822605
v 0.948438 0.955291 3.823006
v 1.649785 1.400303 5.274022
v 1.589988 1.380831 5.251586
v 1.372927 1.052909 4.357835
v 1.584452 1.339527 5.222239
v 1.416357 1.068237 4.337717
v 1.365426 1.058239 4.359214
v 0.858541 0.788392 3.934110
v 1.808102 1.265545 5.031901
v 1.902017 1.457138 5.209667
v 1.774957 1.388375 5.011354
v 0.748489 0.783480 4.076241
v 1.712272 1.344909 5.048941
v 1.712603 1.343655 5.049136
v 0.704386 0.758877 3.901252
v 1.711962 1.345167 5.049072
v 1.586696 1.337802 5.208156
v 0.836115 0.796954 3.917072
v 0.953479 0.881862 3.965564
v 0.955165 0.877276 3.962134
v 1.692675 1.375927 5.262926
v 1.598116 1.371189 5.180965
v 0.944499 0.958305 3.824159
v 0.878494 0.851347 4.130592
v 0.901836 0.860010 4.126795
v 0.878769 0.853344 4.123893
v 1.676310 1.221613 4.987089
v 0.886917 1.003706 3.964331
v 0.928281 0.971737 3.925184
v 0.764084 0.783176 3.948203
v 1.698223 1.356796 5.051311
v 1.713189 1.246555 5.074987
v 0.977656 0.976387 3.976486
v 0.932244 0.968698 3.932946
v 0.977995 0.845230 3.842105
v 0.978580 0.846641 3.841258
v 1.680002 1.370907 5.053642
v 1.920620 1.493679 5.593297
v 1.937049 1.432473 5.604639
v 0.923164 0.976217 3.990628
v 1.722232 1.307302 5.055335
v 0.975977 0.841486 3.844439
v 1.728913 1.282766 5.059435
v 1.890883 1.516244 5.568775
v 1.494985 1.335557 5.139743
v 0.875249 0.856252 4.145582
v 0.907078 0.862323 4.132124
v 0.881455 0.853557 4.147743
v 0.875537 0.854354 4.147755
v 1.432676 1.314678 5.115609
v 1.924235 1.392130 5.590039
v 0.930611 0.969835 3.910136
v 1.409899 1.100365 4.331677
v 1.721980 1.266404 5.066745
v 1.352321 1.067557 4.361617
v 0.699383 0.966372 4.045027
v 0.876489 0.851575 4.146937
v 0.715124 0.953985 3.943646
v 0.934105 0.955645 3.948919
v 0.934584 0.952017 3.953693
v 1.243238 0.965681 3.999082
v 1.414822 1.067732 4.338812
v 1.242636 0.963843 4.000492
v 1.242646 0.963777 4.000566
v 1.393436 1.141130 4.326503
v 0.937910 0.939648 3.955791
v 1.399059 1.141432 4.324420
v 1.618855 1.359561 5.081187
v 1.572929 1.350830 5.102328
v 1.148393 0.948109 4.098912
v 1.013294 1.017544 4.201488
v 1.055031 0.959480 4.185400
v 1.064265 0.947015 4.181960
v 1.365881 1.058188 4.359244
v 1.418220 1.068896 4.337245
v 1.034942 1.051610 4.212502
v 1.034354 1.050451 4.212102
v 1.331212 0.954900 3.960261
v 1.037345 1.051897 4.210168
v 1.035077 1.051648 4.212519
v 0.723369 0.934466 3.922298
v 1.035473 1.052296 4.212633
v 1.101838 0.939255 4.180881
v 1.353973 0.978622 4.062178
v 1.329980 1.158986 4.375862
v 1.546413 1.201779 4.286231
v 1.256457 0.949342 4.033766
v 1.247437 0.959534 4.011170
v 1.256177 0.949403 4.034124
v 1.184130 0.942033 4.107152
v 1.185426 0.942556 4.108105
v 1.578944 1.081058 4.306299
v 1.807716 1.456522 5.550165
v 1.540848 1.324841 5.002201
v 0.969684 1.040258 4.206824
v 1.778116 1.239144 5.021880
v 1.169704 0.947364 4.106382
v 0.874808 0.856672 4.148410
v 0.930391 0.872573 4.155073
v 0.828620 0.999076 4.189795
v 1.611529 1.390760 5.474659
v 1.628191 1.328557 5.485767
v 1.574237 1.200861 5.023445
v 0.725636 0.965937 4.158605
v 1.601990 1.291021 5.507020
v 1.512929 1.280663 4.992125
v 0.704118 0.933264 4.085401
v 0.733149 0.825047 4.103910
v 1.442808 1.327718 5.078152
v 1.505107 1.348662 5.102211
v 1.784497 1.365901 5.655823
v 1.350537 1.009323 4.095326
v 0.542471 0.903966 3.922813
v 1.714993 1.394434 5.137621
v 1.470164 1.294615 4.835027
v 1.179703 0.969887 4.058943
v 1.179973 0.969963 4.058975
v 1.368901 1.270931 4.958261
v 0.824785 0.997212 4.226040
v 1.656383 1.336693 4.797483
v 0.824276 1.002591 4.217196
v 1.402301 1.146887 4.979580
v 1.718770 1.357608 4.821504
v 1.224627 1.035144 3.987102
v 1.228743 1.019507 3.989710
v 1.847748 1.372759 5.601529
v 1.465957 1.139312 4.930233
v 1.439049 1.143339 4.995365
v 1.223116 1.036801 3.987817
v 1.674448 1.320056 4.765878
v 1.222544 1.037386 3.988136
v 1.824378 1.394321 5.561273
v 1.400434 1.142514 4.327184
v 1.419828 1.069757 4.340454
v 1.143862 0.961986 4.297795
v 1.142858 0.961932 4.298948
v 1.776395 1.402102 5.679985
v 1.321509 1.099532 4.041067
v 1.759716 1.463948 5.669903
v 1.556925 1.268253 5.448525
v 1.751145 1.490013 5.634559
v 1.111349 1.083062 4.276702
v 1.108810 1.082809 4.279484
v 1.224852 1.066994 4.013831
v 1.223756 1.046565 3.996260
v 1.648060 1.219750 4.804777
v 1.650118 1.211932 4.806081
v 1.224523 1.066987 4.014134
v 1.623455 1.195424 4.752220
v 1.655705 1.222092 4.819421
v 1.655765 1.215364 4.817407
v 1.814151 1.498023 5.579567
v 1.630686 1.284462 4.793688
v 1.427778 1.143292 4.915548
v 1.568599 1.415001 5.485775
v 1.654775 1.299289 4.842550
v 1.501940 1.157209 4.881586
v 1.597051 1.305212 4.801325
v 1.597022 1.305246 4.801492
v 1.473449 1.175985 4.887884
v 1.470392 1.177921 4.888514
v 1.523301 1.393228 5.427515
v 1.502385 1.354382 5.432912
v 1.519048 1.292180 5.444020
v 1.330756 1.082680 4.083301
v 1.601190 1.277684 5.232450
v 1.595572 1.308658 4.806399
v 1.627464 1.286396 4.794469
v 1.160827 0.996108 4.066206
v 1.603434 1.275958 5.218366
v 1.140765 0.955966 4.102919
v 1.122433 1.025674 4.091116
v 1.207175 1.117792 4.485714
v 1.139224 0.961774 4.102056
v 1.562581 1.397919 5.594288
v 1.132842 0.986354 4.097821
v 1.579318 1.336076 5.604498
v 1.608619 1.306668 5.588271
v 1.631428 1.247175 5.202324
v 1.575219 1.430713 5.566953
v 0.857317 0.876329 4.246500
v 0.846208 0.904234 4.271549
v 1.152515 1.059751 4.087142
v 0.860097 0.869116 4.240631
v 0.826708 0.976664 4.259345
v 1.612661 1.323294 4.848416
v 1.397826 1.296808 4.969163
v 1.424734 1.292780 4.904032
v 1.642526 1.200374 4.812468
v 1.394747 1.266379 4.894011
v 1.468388 1.280481 4.860281
v 1.468668 1.280727 4.860458
v 1.271721 1.179803 4.531610
v 1.226684 1.045295 4.497994
v 1.259847 1.017316 4.481300
v 1.406598 1.258845 4.735732
v 1.468273 1.292439 4.834313
v 1.578189 1.309580 4.819116
v 1.450727 1.250276 4.875998
v 1.073119 0.931191 4.227682
v 1.081360 0.933486 4.214583
v 1.077453 0.932992 4.231883
v 1.040644 1.053317 4.213373
v 1.992025 1.378759 5.407506
v 1.665230 1.312937 4.937962
v 1.950670 1.353232 5.325294
v 1.932040 1.428928 5.193857
v 1.948616 1.366757 5.205004
v 1.908716 1.378030 5.335567
# 438 vertices

g group_2_14528853

usemtl color_14528853
s 0

f 504 	505 	503
f 503 	505 	506
f 509 	503 	508
f 506 	508 	503
f 502 	513 	501
f 509 	508 	514
f 511 	515 	507
f 877 	511 	507
f 510 	501 	513
f 523 	536 	509
f 514 	523 	509
f 506 	514 	508
f 506 	505 	520
f 506 	523 	514
f 520 	526 	506
f 523 	506 	526
f 521 	522 	534
f 528 	644 	537
f 538 	530 	852
f 540 	542 	526
f 523 	533 	526
f 544 	532 	523
f 532 	533 	523
f 540 	526 	533
f 515 	806 	529
f 543 	908 	531
f 547 	549 	550
f 537 	595 	528
f 524 	528 	595
f 802 	812 	553
f 826 	553 	812
f 802 	553 	555
f 548 	545 	554
f 527 	525 	672
f 671 	672 	525
f 525 	535 	671
f 512 	681 	551
f 672 	541 	527
f 524 	595 	531
f 559 	560 	561
f 672 	675 	541
f 743 	543 	528
f 523 	534 	536
f 863 	536 	534
f 534 	523 	526
f 531 	595 	543
f 543 	743 	539
f 531 	528 	543
f 524 	528 	531
f 743 	528 	537
f 727 	726 	537
f 558 	564 	562
f 558 	552 	564
f 563 	565 	567
f 568 	569 	567
f 563 	567 	569
f 569 	814 	563
f 557 	530 	556
f 565 	563 	571
f 672 	571 	563
f 575 	556 	530
f 538 	574 	530
f 570 	825 	537
f 501 	512 	502
f 570 	727 	537
f 574 	575 	530
f 512 	501 	566
f 628 	565 	571
f 575 	554 	556
f 576 	554 	575
f 545 	556 	554
f 571 	862 	578
f 571 	578 	567
f 571 	567 	565
f 862 	794 	578
f 528 	756 	537
f 580 	581 	546
f 832 	543 	539
f 582 	544 	536
f 523 	536 	544
f 543 	832 	531
f 585 	586 	533
f 577 	580 	546
f 587 	899 	588
f 581 	580 	612
f 519 	746 	590
f 580 	577 	608
f 565 	572 	533
f 540 	533 	572
f 571 	565 	533
f 586 	571 	533
f 554 	584 	548
f 584 	583 	548
f 746 	592 	590
f 598 	856 	593
f 532 	596 	597
f 532 	597 	599
f 532 	599 	600
f 532 	600 	585
f 532 	585 	533
f 601 	856 	598
f 588 	595 	587
f 589 	595 	588
f 602 	596 	582
f 544 	582 	596
f 544 	596 	532
f 593 	603 	598
f 601 	598 	603
f 587 	595 	591
f 595 	774 	592
f 588 	743 	587
f 606 	593 	594
f 601 	598 	606
f 598 	593 	606
f 584 	583 	536
f 614 	610 	917
f 917 	615 	614
f 807 	605 	535
f 616 	610 	614
f 589 	743 	588
f 924 	613 	526
f 523 	526 	613
f 536 	523 	613
f 536 	613 	617
f 617 	666 	536
f 590 	592 	774
f 519 	590 	774
f 613 	622 	617
f 621 	609 	619
f 611 	609 	621
f 609 	610 	619
f 618 	619 	610
f 618 	610 	614
f 615 	921 	618
f 614 	615 	618
f 937 	620 	517
f 591 	595 	592
f 540 	572 	607
f 540 	607 	542
f 587 	743 	591
f 627 	928 	625
f 618 	928 	627
f 606 	625 	928
f 607 	572 	547
f 572 	565 	547
f 565 	628 	547
f 592 	743 	590
f 519 	590 	743
f 592 	591 	743
f 631 	632 	603
f 631 	603 	593
f 626 	612 	580
f 635 	636 	634
f 633 	634 	636
f 637 	638 	636
f 633 	636 	638
f 620 	644 	517
f 639 	629 	630
f 589 	539 	595
f 539 	543 	595
f 608 	626 	580
f 616 	641 	643
f 645 	610 	643
f 616 	643 	610
f 566 	653 	546
f 675 	624 	541
f 610 	645 	647
f 610 	647 	614
f 566 	546 	679
f 539 	743 	589
f 521 	534 	504
f 505 	504 	534
f 526 	520 	505
f 526 	505 	534
f 578 	579 	646
f 841 	651 	652
f 567 	578 	568
f 646 	568 	578
f 657 	646 	579
f 658 	659 	559
f 658 	559 	561
f 546 	653 	577
f 871 	894 	573
f 719 	512 	551
f 634 	633 	657
f 579 	657 	633
f 719 	502 	512
f 566 	501 	653
f 567 	640 	607
f 633 	640 	578
f 579 	633 	578
f 567 	578 	640
f 542 	607 	640
f 640 	642 	542
f 542 	642 	521
f 542 	521 	534
f 542 	534 	526
f 614 	927 	615
f 527 	664 	665
f 632 	666 	617
f 631 	666 	632
f 584 	536 	666
f 659 	658 	667
f 631 	562 	666
f 561 	560 	667
f 561 	667 	658
f 631 	593 	598
f 631 	598 	666
f 584 	666 	564
f 655 	894 	652
f 583 	584 	666
f 598 	601 	666
f 601 	886 	666
f 583 	666 	886
f 527 	541 	664
f 584 	554 	666
f 576 	639 	554
f 666 	554 	630
f 630 	554 	639
f 631 	666 	630
f 541 	673 	664
f 674 	671 	535
f 648 	595 	669
f 595 	662 	669
f 535 	605 	674
f 552 	623 	859
f 624 	673 	541
f 539 	589 	832
f 588 	587 	832
f 695 	832 	587
f 589 	588 	832
f 546 	581 	679
f 583 	886 	889
f 545 	548 	889
f 583 	889 	548
f 605 	821 	674
f 670 	719 	685
f 680 	574 	684
f 683 	684 	574
f 575 	574 	680
f 574 	686 	683
f 686 	688 	683
f 687 	688 	686
f 682 	683 	688
f 551 	681 	691
f 678 	677 	623
f 685 	551 	689
f 538 	611 	574
f 621 	574 	611
f 512 	690 	681
f 623 	552 	678
f 551 	691 	689
f 594 	629 	692
f 575 	692 	629
f 575 	629 	639
f 575 	639 	576
f 730 	681 	729
f 594 	692 	606
f 695 	606 	692
f 618 	627 	619
f 698 	566 	679
f 656 	663 	739
f 695 	625 	606
f 698 	679 	710
f 693 	699 	685
f 627 	625 	700
f 698 	690 	512
f 699 	670 	685
f 702 	621 	619
f 698 	512 	566
f 822 	705 	663
f 852 	704 	703
f 729 	690 	707
f 690 	698 	707
f 706 	707 	698
f 677 	704 	623
f 592 	835 	591
f 591 	835 	587
f 704 	677 	740
f 693 	685 	689
f 852 	623 	704
f 694 	693 	689
f 703 	704 	740
f 691 	701 	697
f 691 	668 	701
f 697 	694 	689
f 712 	714 	715
f 738 	678 	696
f 689 	691 	697
f 696 	552 	558
f 751 	716 	718
f 751 	663 	705
f 551 	685 	719
f 552 	696 	678
f 596 	672 	671
f 518 	774 	716
f 723 	714 	710
f 719 	513 	502
f 519 	743 	518
f 711 	710 	712
f 724 	741 	722
f 712 	710 	714
f 649 	821 	605
f 577 	653 	722
f 709 	718 	708
f 743 	742 	718
f 716 	743 	718
f 716 	518 	743
f 722 	653 	724
f 726 	727 	644
f 649 	661 	725
f 668 	691 	681
f 570 	644 	761
f 608 	577 	722
f 690 	729 	681
f 653 	501 	724
f 661 	728 	725
f 858 	730 	729
f 707 	853 	729
f 749 	748 	715
f 726 	783 	537
f 735 	782 	733
f 709 	708 	843
f 731 	732 	734
f 678 	738 	677
f 705 	746 	751
f 737 	721 	741
f 737 	741 	710
f 738 	740 	677
f 656 	739 	650
f 721 	722 	741
f 720 	742 	743
f 743 	770 	720
f 620 	720 	770
f 626 	608 	744
f 744 	759 	626
f 688 	760 	682
f 720 	745 	742
f 612 	626 	747
f 748 	749 	723
f 714 	723 	749
f 620 	770 	772
f 747 	626 	759
f 714 	749 	715
f 900 	715 	748
f 737 	581 	612
f 831 	830 	604
f 721 	747 	759
f 769 	795 	723
f 737 	612 	747
f 730 	752 	681
f 721 	737 	747
f 731 	734 	750
f 753 	754 	755
f 858 	860 	730
f 604 	750 	734
f 744 	608 	722
f 620 	783 	644
f 726 	644 	783
f 684 	756 	680
f 721 	744 	722
f 766 	709 	843
f 708 	760 	843
f 720 	843 	760
f 746 	716 	751
f 737 	679 	581
f 738 	825 	727
f 760 	745 	720
f 663 	751 	843
f 663 	843 	739
f 762 	763 	758
f 727 	761 	644
f 721 	759 	744
f 765 	698 	764
f 710 	771 	698
f 743 	742 	740
f 765 	706 	698
f 727 	761 	726
f 756 	726 	761
f 742 	745 	740
f 788 	763 	762
f 724 	501 	510
f 760 	740 	745
f 788 	762 	789
f 901 	789 	762
f 790 	706 	676
f 709 	766 	703
f 745 	718 	742
f 510 	837 	724
f 905 	795 	901
f 903 	795 	905
f 764 	676 	765
f 760 	708 	740
f 709 	740 	708
f 676 	706 	765
f 769 	681 	758
f 837 	741 	724
f 760 	718 	745
f 708 	718 	760
f 737 	710 	679
f 688 	687 	766
f 709 	708 	766
f 688 	766 	708
f 763 	769 	758
f 764 	698 	771
f 771 	710 	711
f 654 	780 	768
f 710 	741 	837
f 775 	776 	777
f 775 	777 	778
f 648 	779 	595
f 771 	816 	676
f 764 	771 	676
f 710 	837 	723
f 774 	595 	779
f 650 	654 	768
f 758 	681 	781
f 752 	781 	681
f 838 	774 	779
f 768 	767 	650
f 735 	725 	782
f 728 	782 	725
f 736 	733 	782
f 736 	782 	784
f 620 	772 	783
f 668 	757 	785
f 753 	786 	777
f 776 	754 	777
f 753 	777 	754
f 650 	773 	656
f 757 	681 	769
f 668 	681 	757
f 767 	773 	650
f 754 	776 	775
f 754 	775 	755
f 787 	668 	785
f 738 	772 	770
f 743 	740 	770
f 738 	770 	740
f 787 	785 	670
f 821 	649 	725
f 525 	527 	665
f 769 	763 	788
f 769 	788 	789
f 789 	795 	769
f 772 	738 	783
f 727 	726 	738
f 783 	738 	726
f 706 	790 	854
f 733 	791 	735
f 787 	670 	699
f 792 	790 	676
f 817 	676 	816
f 676 	793 	792
f 634 	794 	635
f 703 	839 	852
f 771 	711 	818
f 771 	818 	816
f 748 	723 	795
f 819 	818 	712
f 789 	901 	795
f 728 	796 	782
f 670 	785 	842
f 852 	839 	538
f 711 	712 	818
f 819 	712 	715
f 795 	903 	748
f 900 	748 	903
f 797 	751 	798
f 799 	553 	715
f 553 	826 	715
f 881 	663 	656
f 751 	718 	798
f 693 	694 	810
f 694 	697 	810
f 656 	773 	881
f 766 	797 	703
f 797 	798 	703
f 728 	794 	796
f 664 	854 	665
f 854 	790 	665
f 693 	810 	699
f 784 	782 	803
f 791 	803 	782
f 791 	782 	804
f 792 	793 	665
f 790 	792 	665
f 815 	624 	675
f 511 	805 	806
f 515 	511 	806
f 525 	665 	535
f 766 	797 	709
f 718 	709 	797
f 718 	797 	798
f 661 	815 	728
f 805 	511 	808
f 701 	668 	787
f 657 	635 	794
f 808 	809 	805
f 537 	644 	570
f 665 	807 	535
f 800 	529 	806
f 761 	825 	570
f 809 	808 	811
f 665 	817 	807
f 761 	727 	570
f 728 	814 	794
f 825 	662 	595
f 813 	605 	807
f 604 	713 	831
f 646 	657 	569
f 814 	569 	657
f 794 	814 	657
f 797 	766 	687
f 797 	687 	686
f 929 	820 	930
f 830 	731 	750
f 823 	797 	574
f 686 	574 	797
f 797 	823 	798
f 794 	634 	657
f 756 	528 	832
f 524 	832 	528
f 815 	661 	624
f 813 	649 	605
f 570 	537 	756
f 761 	570 	756
f 793 	676 	817
f 728 	815 	814
f 823 	835 	518
f 716 	823 	518
f 573 	660 	636
f 718 	798 	716
f 823 	716 	798
f 818 	819 	820
f 651 	637 	652
f 637 	636 	652
f 594 	856 	669
f 629 	594 	669
f 660 	655 	636
f 648 	847 	779
f 629 	669 	662
f 847 	648 	851
f 610 	609 	917
f 655 	652 	636
f 733 	522 	791
f 786 	778 	777
f 822 	663 	881
f 538 	839 	611
f 839 	838 	611
f 609 	611 	838
f 770 	537 	783
f 743 	537 	770
f 772 	770 	783
f 828 	801 	800
f 824 	828 	800
f 825 	696 	558
f 725 	735 	503
f 827 	828 	829
f 738 	696 	825
f 803 	791 	522
f 869 	834 	713
f 819 	715 	826
f 819 	826 	820
f 717 	869 	713
f 824 	829 	828
f 810 	697 	701
f 665 	793 	817
f 717 	893 	869
f 787 	699 	810
f 828 	812 	802
f 801 	828 	802
f 806 	805 	824
f 806 	824 	800
f 823 	574 	621
f 702 	823 	621
f 824 	805 	811
f 809 	811 	805
f 701 	787 	810
f 692 	575 	832
f 680 	756 	832
f 575 	680 	832
f 692 	832 	695
f 817 	816 	807
f 524 	531 	832
f 627 	700 	835
f 818 	820 	807
f 816 	818 	807
f 884 	830 	822
f 619 	835 	702
f 823 	702 	835
f 627 	835 	619
f 590 	519 	835
f 519 	518 	835
f 700 	625 	835
f 929 	807 	820
f 769 	836 	757
f 835 	592 	590
f 826 	930 	820
f 742 	743 	683
f 770 	683 	743
f 785 	836 	842
f 695 	587 	625
f 625 	587 	835
f 813 	841 	649
f 760 	745 	682
f 785 	757 	836
f 931 	813 	929
f 684 	683 	770
f 684 	770 	772
f 761 	727 	825
f 595 	537 	825
f 718 	716 	774
f 518 	519 	774
f 831 	822 	830
f 756 	684 	783
f 772 	783 	684
f 807 	929 	813
f 750 	604 	830
f 756 	783 	726
f 709 	703 	740
f 513 	836 	510
f 837 	510 	836
f 688 	708 	760
f 769 	723 	836
f 837 	836 	723
f 774 	838 	839
f 742 	682 	745
f 842 	719 	670
f 798 	774 	703
f 718 	774 	798
f 842 	513 	719
f 739 	843 	720
f 839 	703 	774
f 836 	513 	842
f 641 	616 	844
f 622 	603 	632
f 766 	843 	797
f 751 	797 	843
f 622 	632 	617
f 848 	833 	516
f 845 	846 	555
f 553 	799 	555
f 845 	555 	799
f 850 	516 	833
f 833 	848 	850
f 902 	516 	550
f 853 	707 	854
f 706 	854 	707
f 857 	669 	856
f 858 	729 	853
f 516 	607 	550
f 547 	550 	607
f 752 	730 	860
f 874 	752 	860
f 849 	859 	852
f 623 	852 	859
f 856 	883 	857
f 648 	669 	857
f 912 	758 	877
f 780 	855 	840
f 593 	856 	594
f 780 	933 	855
f 781 	752 	877
f 873 	877 	752
f 834 	831 	713
f 860 	858 	664
f 664 	853 	854
f 796 	862 	782
f 804 	782 	863
f 853 	664 	858
f 815 	563 	814
f 705 	822 	861
f 664 	673 	874
f 864 	813 	931
f 861 	822 	831
f 841 	813 	864
f 767 	768 	866
f 874 	860 	664
f 651 	841 	864
f 651 	864 	865
f 768 	780 	866
f 804 	863 	791
f 522 	791 	863
f 522 	863 	534
f 767 	866 	868
f 867 	673 	624
f 637 	651 	638
f 868 	870 	773
f 732 	731 	891
f 773 	767 	868
f 865 	638 	651
f 840 	866 	780
f 796 	794 	862
f 657 	579 	794
f 579 	578 	794
f 638 	733 	736
f 638 	736 	784
f 638 	784 	633
f 932 	871 	872
f 784 	803 	736
f 646 	569 	568
f 906 	904 	866
f 661 	867 	624
f 859 	564 	552
f 736 	642 	784
f 640 	784 	642
f 873 	752 	874
f 876 	564 	875
f 859 	875 	564
f 781 	877 	758
f 803 	521 	736
f 633 	784 	640
f 872 	871 	573
f 638 	521 	733
f 912 	762 	758
f 876 	875 	878
f 673 	873 	874
f 821 	725 	503
f 873 	673 	877
f 636 	635 	573
f 872 	573 	635
f 511 	877 	673
f 876 	875 	880
f 879 	880 	875
f 522 	733 	521
f 638 	865 	521
f 791 	503 	735
f 779 	847 	916
f 504 	503 	521
f 773 	870 	881
f 522 	521 	503
f 522 	503 	791
f 875 	859 	882
f 857 	851 	648
f 522 	521 	803
f 642 	736 	521
f 857 	883 	851
f 674 	821 	509
f 884 	881 	870
f 879 	875 	882
f 879 	882 	885
f 822 	881 	884
f 856 	601 	886
f 883 	856 	886
f 927 	859 	849
f 731 	830 	884
f 585 	586 	672
f 599 	600 	672
f 596 	597 	672
f 919 	851 	883
f 889 	890 	883
f 597 	599 	672
f 886 	889 	883
f 932 	511 	867
f 596 	671 	602
f 622 	613 	603
f 932 	867 	871
f 891 	731 	884
f 875 	597 	878
f 867 	661 	894
f 871 	867 	894
f 891 	884 	909
f 673 	867 	511
f 613 	924 	889
f 596 	878 	597
f 602 	878 	596
f 516 	902 	848
f 596 	782 	597
f 906 	893 	892
f 894 	649 	841
f 862 	597 	782
f 863 	782 	596
f 863 	596 	602
f 894 	661 	649
f 579 	578 	872
f 635 	657 	872
f 657 	579 	872
f 660 	573 	894
f 891 	909 	892
f 893 	717 	895
f 604 	895 	713
f 894 	655 	660
f 888 	887 	859
f 927 	896 	859
f 888 	859 	896
f 895 	717 	713
f 859 	887 	897
f 882 	859 	897
f 892 	732 	891
f 585 	672 	600
f 841 	652 	894
f 892 	734 	732
f 895 	604 	734
f 846 	845 	898
f 600 	599 	882
f 799 	715 	900
f 893 	734 	892
f 734 	893 	895
f 515 	529 	762
f 901 	762 	529
f 868 	866 	904
f 599 	597 	882
f 875 	882 	597
f 898 	845 	799
f 898 	799 	900
f 898 	900 	903
f 898 	903 	905
f 597 	862 	599
f 907 	906 	866
f 840 	907 	866
f 529 	800 	901
f 905 	901 	801
f 600 	599 	862
f 800 	801 	901
f 868 	904 	909
f 528 	524 	908
f 534 	865 	924
f 521 	865 	534
f 563 	815 	675
f 892 	904 	906
f 559 	659 	802
f 802 	555 	559
f 892 	909 	904
f 924 	526 	534
f 644 	528 	908
f 909 	870 	868
f 586 	571 	672
f 560 	559 	555
f 846 	898 	555
f 589 	899 	539
f 589 	588 	899
f 543 	539 	899
f 516 	578 	567
f 516 	567 	607
f 659 	667 	802
f 667 	905 	802
f 801 	802 	905
f 587 	591 	899
f 675 	672 	563
f 899 	908 	543
f 524 	531 	908
f 585 	600 	628
f 516 	872 	578
f 519 	518 	746
f 716 	746 	518
f 560 	555 	667
f 667 	555 	898
f 905 	667 	898
f 571 	586 	628
f 586 	585 	628
f 882 	628 	600
f 507 	912 	877
f 600 	862 	585
f 899 	591 	592
f 893 	906 	907
f 571 	586 	862
f 586 	585 	862
f 829 	824 	850
f 912 	515 	762
f 507 	515 	912
f 592 	746 	899
f 603 	613 	886
f 603 	886 	601
f 893 	907 	869
f 896 	628 	888
f 887 	888 	628
f 882 	897 	628
f 886 	613 	889
f 821 	503 	509
f 887 	628 	897
f 828 	827 	913
f 888 	885 	887
f 890 	889 	606
f 889 	886 	606
f 601 	606 	886
f 884 	870 	909
f 674 	509 	671
f 516 	850 	824
f 834 	869 	907
f 882 	897 	885
f 897 	887 	885
f 896 	885 	888
f 915 	885 	896
f 838 	916 	917
f 536 	671 	509
f 582 	671 	536
f 834 	907 	840
f 838 	917 	609
f 582 	602 	671
f 536 	878 	582
f 855 	834 	840
f 548 	878 	583
f 548 	918 	878
f 876 	878 	918
f 536 	583 	878
f 917 	919 	920
f 917 	920 	921
f 615 	917 	921
f 602 	582 	878
f 834 	855 	861
f 876 	880 	918
f 916 	847 	919
f 861 	831 	834
f 582 	863 	602
f 536 	863 	582
f 547 	922 	549
f 847 	851 	919
f 890 	889 	924
f 923 	890 	924
f 916 	919 	917
f 928 	902 	925
f 926 	920 	925
f 916 	838 	779
f 925 	643 	641
f 925 	641 	926
f 932 	872 	811
f 811 	872 	824
f 645 	849 	557
f 922 	547 	628
f 643 	628 	647
f 927 	647 	628
f 925 	628 	643
f 922 	628 	925
f 849 	645 	927
f 647 	927 	645
f 550 	922 	902
f 549 	922 	550
f 922 	925 	902
f 614 	647 	927
f 883 	890 	928
f 920 	919 	928
f 883 	928 	919
f 628 	896 	927
f 911 	914 	923
f 616 	926 	844
f 887 	920 	927
f 896 	888 	927
f 888 	887 	927
f 929 	930 	828
f 812 	828 	930
f 647 	556 	927
f 896 	927 	556
f 896 	556 	915
f 897 	889 	887
f 616 	920 	926
f 614 	615 	616
f 826 	812 	930
f 875 	545 	882
f 918 	545 	876
f 875 	876 	545
f 545 	889 	882
f 897 	882 	889
f 928 	925 	920
f 921 	920 	616
f 615 	921 	616
f 915 	545 	885
f 918 	880 	545
f 879 	545 	880
f 879 	885 	545
f 556 	545 	915
f 910 	911 	923
f 921 	920 	618
f 928 	618 	920
f 902 	923 	914
f 923 	924 	910
f 913 	910 	924
f 647 	645 	643
f 645 	557 	556
f 645 	556 	647
f 844 	926 	641
f 902 	928 	923
f 902 	914 	848
f 662 	825 	558
f 890 	923 	928
f 630 	629 	558
f 865 	864 	931
f 931 	828 	865
f 929 	828 	931
f 924 	865 	828
f 606 	928 	890
f 828 	913 	924
f 808 	511 	932
f 921 	927 	920
f 615 	927 	921
f 811 	808 	932
f 516 	824 	872
f 755 	775 	753
f 786 	753 	775
f 786 	775 	778
f 889 	890 	928
f 889 	928 	920
f 889 	920 	887
f 827 	829 	850
f 827 	850 	848
f 827 	848 	914
f 911 	910 	914
f 827 	914 	910
f 827 	910 	913
f 654 	933 	780
f 584 	564 	583
f 548 	564 	918
f 876 	918 	564
f 564 	548 	583
f 683 	934 	742
f 742 	934 	682
f 682 	934 	683
f 855 	933 	935
f 562 	631 	630
f 938 	861 	935
f 562 	630 	558
f 564 	666 	562
f 935 	861 	855
f 662 	558 	629
f 650 	936 	937
f 654 	650 	937
f 650 	739 	936
f 530 	849 	852
f 557 	849 	530
f 517 	935 	933
f 517 	644 	935
f 908 	935 	644
f 720 	936 	739
f 720 	620 	936
f 937 	936 	620
f 938 	705 	861
f 899 	746 	938
f 705 	938 	746
f 935 	908 	938
f 938 	908 	899
f 654 	937 	517
f 517 	933 	654
# 1032 faces

 #end of obj_2

o obj_3
v -0.933965 0.270265 3.510278
v -0.963078 0.359969 3.536324
v -0.941130 0.278236 3.550085
v -0.934118 0.268785 3.515278
v 0.544071 0.791699 4.437441
v 0.888506 0.797873 3.729846
v 0.652607 0.729610 3.701452
v 0.667661 0.721430 3.746491
v 0.863273 0.778042 3.770043
v 0.888353 0.796393 3.734846
v 0.034801 0.599820 4.281208
v 0.033805 0.617941 4.262609
v 0.537770 0.765748 4.422142
v -0.911558 0.264216 3.556205
v -0.715944 0.320829 3.579758
v -0.698016 0.338596 3.538727
v 0.549590 0.800413 4.405758
v 0.881427 0.805813 3.769614
v 0.859392 0.887578 3.755893
v 0.630292 0.860058 3.723226
v 0.629936 0.859309 3.723019
v 0.825905 0.916669 3.746777
v -0.753312 0.459455 3.556493
v -0.752538 0.459081 3.556463
v 0.525756 0.815803 4.375119
v 0.549590 0.800413 4.405758
v -0.948926 0.402844 3.532941
v -0.551225 0.431087 4.053142
v -0.723355 0.444099 3.552852
v -0.723578 0.444794 3.553088
v 0.812069 0.915753 3.762754
v -0.510575 0.526230 4.556444
v 0.627685 0.860168 3.731541
v -0.230561 0.536738 4.329701
v -0.096687 0.561568 4.142033
v 0.054492 0.865728 4.382803
v 0.625347 0.861058 3.740101
v -0.074280 0.819699 4.318676
v -0.667817 0.692420 4.627315
v -0.562799 0.409024 4.071164
v 0.624980 0.860375 3.739820
v -0.338383 0.505520 4.316709
v -0.434005 0.724266 4.323914
v 0.033542 0.850916 4.331669
v -0.024612 0.820277 4.244145
v -0.500809 0.696458 4.266297
v 0.852761 0.904185 3.760603
v 0.852317 0.904404 3.760721
v 0.820505 0.918188 3.763766
v -0.656666 0.714860 4.611415
v 0.609778 0.833866 3.731352
v 0.648398 0.731537 3.701825
v -0.133346 0.576990 4.408708
v -0.712506 0.686137 4.535133
v -0.141708 0.602031 4.418081
v -0.014916 0.599172 4.355685
v -0.619062 0.618042 4.036098
v -0.596808 0.600318 4.024207
v -0.237039 0.562380 4.339216
v -0.072130 0.798089 4.335143
v 0.535183 0.773665 4.380559
v 0.092907 0.630389 4.368678
v -0.576999 0.721769 4.533636
v 0.517251 0.787808 4.356992
v -0.374340 0.529824 4.365655
v 0.051013 0.840947 4.392974
v -0.342919 0.531767 4.326495
v 0.113847 0.645266 4.419736
v 0.727814 0.848981 4.253904
v -0.675531 0.655713 4.301484
v -0.456586 0.670874 4.178572
v 0.714734 0.820441 4.239644
v -0.639864 0.658782 4.301976
v -0.597819 0.670929 4.307019
v -0.145595 0.743240 4.111461
v -0.153200 0.764375 4.123861
v -0.600234 0.677526 4.310567
v 0.033799 0.828773 4.347920
v -0.308662 0.713635 4.196337
v -0.419279 0.479776 4.251819
v -0.419349 0.480162 4.250831
v -0.025182 0.623745 4.364768
v -0.399378 0.474082 4.228862
v -0.803171 0.401641 4.275102
v 0.533025 0.896823 4.085300
v -0.419337 0.490274 4.228971
v -0.805362 0.408178 4.242538
v -0.780868 0.383986 4.263264
v -0.407950 0.490063 4.209397
v 0.509979 0.947294 4.381725
v 0.097999 0.666501 4.422506
v -0.787152 0.435715 4.216942
v -0.418525 0.492436 4.226216
v -0.417205 0.496227 4.221480
v 0.570384 0.758261 4.108490
v 0.518989 0.868082 4.070855
v 0.498324 0.961539 4.409727
v 0.080698 0.654357 4.377489
v 0.481546 0.974665 4.386985
v -0.967410 0.377226 3.541298
v 0.545345 0.770421 4.087334
v 0.499448 0.913532 4.358696
v -0.967129 0.377705 3.541546
v -0.949001 0.405923 3.550586
v -0.940565 0.408359 3.551598
v -0.616165 0.435187 4.338492
v -0.753473 0.461863 3.573962
v -0.552827 0.702175 4.380136
v 0.427943 0.738643 4.215906
v 0.210767 0.685512 4.501979
v -0.583610 0.449903 4.337428
v -0.541633 0.462112 4.342269
v -0.473062 0.475442 4.311470
v -0.445570 0.480806 4.298904
v -0.695771 0.342458 3.539934
v -0.441396 0.476000 4.303360
v -0.752710 0.461553 3.573858
v -0.724242 0.446948 3.570404
v 0.344379 0.733297 4.529099
v 0.344080 0.732245 4.528486
v -0.772258 0.518944 3.928042
v 0.409324 0.751813 4.191045
v -0.540822 0.457068 4.347629
v 0.420946 0.711784 4.199239
v 0.486906 0.953584 4.349441
v -0.773936 0.394646 4.222816
v -0.761371 0.417621 4.202925
v -0.734899 0.380381 3.951233
v -0.374650 0.503804 4.360847
v -0.716087 0.405254 3.935375
v 0.398793 0.718051 4.168015
v 0.479883 0.926436 4.333727
v 0.300671 0.931024 4.415251
v 0.293926 0.936399 4.418304
v -0.742443 0.502915 3.918897
v 0.345471 0.731089 4.519819
v 0.268550 0.921733 4.411388
v -0.535851 0.682839 4.390620
v 0.220862 0.907883 4.405603
v 0.218494 0.914548 4.409206
v -0.187671 0.637183 4.715501
v -0.621104 0.438985 4.332857
v -0.353964 0.588494 4.690052
v -0.617425 0.454564 4.067342
v 0.131588 0.864444 4.294071
v 0.164324 0.884675 4.359988
v -0.180093 0.615758 4.704053
v 0.141625 0.875400 4.341547
v -0.346288 0.566973 4.678640
v 0.132565 0.862279 4.291516
v -0.607698 0.414000 4.075320
v -0.585912 0.432950 4.049356
v 0.300261 0.926945 4.518232
v 0.192260 0.705692 4.502177
v 0.136608 0.881017 4.343115
v 0.119438 0.862000 4.261517
v -0.631198 0.432027 4.088311
v -0.844974 0.555058 4.218506
v -0.493462 0.481648 4.417144
v -0.849004 0.571511 4.247426
v 0.138786 0.847548 4.274753
v 0.291387 0.938732 4.497545
v 0.701555 0.946545 4.237463
v 0.677366 0.959069 4.216379
v 0.299993 0.932057 4.508588
v -0.236580 0.818855 4.684930
v 0.123881 0.897885 4.608951
v 0.138789 0.844753 4.272579
v -0.837179 0.592934 4.228144
v -0.402503 0.769209 4.659262
v 0.138802 0.840343 4.269123
v -0.813459 0.533444 4.200519
v 0.147601 0.807755 4.274586
v 0.325300 0.770497 4.687031
v 0.276625 0.951174 4.656227
v -0.314693 0.736330 4.209225
v 0.337260 0.789509 4.541786
v 0.345873 0.757679 4.547001
v -0.239449 0.836219 4.667119
v 0.383026 0.849477 4.174696
v -0.405654 0.787501 4.641632
v 0.372603 0.891279 4.169093
v 0.359171 0.865087 4.143052
v 0.245284 0.761944 4.762218
v 0.390574 0.877271 4.192641
v 0.238570 0.736305 4.749115
v 0.348718 0.750819 4.539696
v 0.345255 0.737123 4.531392
v -0.289926 0.757266 4.292693
v -0.397748 0.726048 4.279701
v 0.316306 0.746361 4.688886
v -0.822213 0.574565 4.191698
v -0.798740 0.556248 4.179660
v 0.186274 0.706132 4.655751
v -0.488961 0.508490 4.420115
v 0.188043 0.656334 4.329102
v 0.188162 0.657410 4.326690
v -0.943930 0.365035 4.052519
v -0.283939 0.736794 4.309646
v -0.915052 0.348673 4.043342
v -0.557475 0.700645 4.526874
v 0.178852 0.641542 4.298579
v 0.370456 0.697950 4.164216
v 0.170781 0.723471 4.638521
v 0.387573 0.684154 4.185660
v 0.187665 0.666685 4.306169
v -0.389867 0.706112 4.296869
v 0.181779 0.660770 4.280428
v -0.677580 0.647856 4.297426
v -0.970188 0.462599 4.036079
v 0.186205 0.668561 4.302663
v 0.196657 0.942690 4.731469
v -0.952332 0.487271 4.020037
v 0.184375 0.671177 4.297984
v -0.192701 0.797452 4.371773
v 0.179205 0.956833 4.712107
v -0.188608 0.776447 4.388509
v 0.288204 0.941273 4.493246
v 0.288465 0.941018 4.493524
v 0.256902 0.966753 4.651901
v 0.331310 0.893171 4.150595
v 0.324961 0.867151 4.135242
v -0.697127 0.637503 4.393857
v -0.668567 0.570656 4.065045
v 0.288663 0.940885 4.490178
v -0.643724 0.552228 4.050993
v -0.697443 0.642546 4.384159
v -0.655992 0.593565 4.045228
v 0.356519 0.722030 4.450658
v -0.691814 0.652874 4.375356
v 0.127230 0.925634 4.618471
v 0.353290 0.715872 4.455313
v 0.133142 0.841581 4.249603
v -0.421288 0.704168 4.336031
v -0.625486 0.580055 4.024447
v -0.689259 0.657580 4.371122
v -0.014831 0.798751 4.231783
v 0.151403 0.906040 4.464971
v 0.324755 0.712786 4.446788
v 0.197935 0.667083 4.376417
v 0.220615 0.676327 4.395101
v 0.277009 0.699165 4.440946
v 0.195973 0.660490 4.380123
v -0.501609 0.689199 4.264065
v -0.529120 0.683965 4.276482
v -0.474960 0.688216 4.216972
v 0.277859 0.694022 4.446213
v -0.019895 0.685193 4.730286
v -0.068570 0.865869 4.699482
v -0.672847 0.481546 4.566789
v -0.721386 0.662261 4.536000
v -0.474486 0.686879 4.215476
v -0.619191 0.511675 4.658065
v -0.458744 0.694609 4.191853
v -0.661347 0.504452 4.416599
v -0.597301 0.494333 4.648423
v -0.071720 0.884161 4.681851
v -0.093845 0.543913 4.160795
v 0.549638 0.800483 4.405812
v -0.467752 0.671254 4.197731
v -0.260064 0.532923 4.227255
v 0.549590 0.800413 4.405758
v -0.012356 0.663634 4.718860
v -0.653151 0.465676 4.572067
v -0.651564 0.468169 4.422572
v -0.462740 0.665527 4.192598
v -0.466156 0.669421 4.196051
v 0.145370 0.880041 4.472682
v -0.648718 0.461308 4.415267
v -0.255328 0.515803 4.246233
v -0.632648 0.448748 4.406569
v -0.633131 0.449067 4.406777
v -0.637553 0.452545 4.409068
v -0.456253 0.641416 4.196697
v -0.517868 0.502237 4.570878
v -0.631967 0.448150 4.402086
v -0.752982 0.460506 3.565240
# 277 vertices

g group_3_9772161

usemtl color_9772161
s 0

f 941 	942 	940
f 939 	940 	942
f 946 	947 	945
f 947 	948 	945
f 944 	945 	948
f 953 	954 	952
f 942 	952 	954
f 942 	954 	939
f 948 	956 	957
f 948 	957 	944
f 958 	959 	960
f 968 	961 	962
f 1040 	963 	964
f 962 	961 	965
f 967 	968 	962
f 969 	958 	960
f 979 	971 	1023
f 958 	1023 	971
f 963 	999 	964
f 958 	971 	959
f 971 	969 	959
f 975 	969 	971
f 960 	959 	969
f 975 	971 	979
f 982 	976 	983
f 972 	1208 	980
f 957 	985 	986
f 957 	986 	987
f 957 	987 	969
f 957 	969 	975
f 957 	975 	979
f 957 	979 	989
f 957 	989 	990
f 957 	990 	945
f 957 	945 	944
f 1119 	1108 	988
f 977 	988 	1108
f 976 	1014 	983
f 956 	1007 	957
f 948 	947 	956
f 992 	988 	977
f 976 	982 	1016
f 958 	969 	1023
f 997 	993 	991
f 997 	991 	972
f 955 	999 	951
f 1005 	997 	972
f 998 	976 	1016
f 979 	1034 	989
f 949 	994 	1000
f 946 	945 	990
f 996 	1204 	995
f 972 	980 	1005
f 1034 	1039 	989
f 985 	957 	1007
f 1005 	980 	1067
f 988 	992 	1001
f 947 	1010 	956
f 1010 	1007 	956
f 1012 	995 	1183
f 1011 	995 	1012
f 955 	964 	999
f 1183 	1015 	1012
f 1049 	1050 	978
f 1036 	1006 	1000
f 963 	1002 	999
f 987 	1102 	969
f 1020 	998 	1036
f 1016 	1036 	998
f 1018 	1019 	978
f 1019 	1024 	978
f 1016 	982 	974
f 1031 	1032 	978
f 1004 	1016 	974
f 1143 	1167 	951
f 1012 	1015 	1011
f 991 	993 	1020
f 947 	1033 	1010
f 1008 	1011 	1015
f 947 	946 	1033
f 1019 	1018 	1021
f 991 	1020 	994
f 1031 	978 	1024
f 966 	978 	1032
f 1015 	984 	1046
f 994 	1020 	1036
f 1000 	994 	1036
f 1029 	1036 	1004
f 1017 	1013 	1014
f 1022 	1026 	1025
f 1027 	1024 	1021
f 1021 	1024 	1019
f 1013 	1199 	973
f 1026 	1064 	1025
f 1027 	1031 	1024
f 1031 	1027 	1032
f 1127 	1114 	1014
f 979 	1023 	1034
f 1036 	1029 	1006
f 1022 	1211 	1026
f 1028 	1035 	1037
f 1038 	1136 	940
f 1028 	1063 	1040
f 942 	941 	952
f 1016 	1004 	1036
f 1039 	1033 	946
f 946 	990 	1039
f 1060 	1039 	1034
f 990 	989 	1039
f 1033 	1047 	1002
f 1051 	978 	1050
f 1052 	978 	1051
f 1018 	978 	1052
f 954 	953 	1053
f 1052 	1054 	1018
f 1021 	1018 	1054
f 1010 	1033 	1002
f 1057 	1058 	1129
f 1054 	1052 	1051
f 1046 	984 	981
f 1053 	1068 	1056
f 1101 	963 	1040
f 1039 	1047 	1033
f 1055 	1073 	1045
f 1047 	1039 	1060
f 1061 	1054 	1051
f 1061 	1051 	1050
f 1059 	1045 	1073
f 1046 	981 	1076
f 1037 	1063 	1028
f 1061 	1097 	1054
f 1101 	1040 	1102
f 952 	1066 	953
f 1062 	1047 	1060
f 1102 	1040 	1070
f 1060 	1069 	1062
f 1066 	1068 	953
f 1068 	1053 	953
f 1095 	1065 	1064
f 1076 	1172 	1133
f 1044 	1061 	1049
f 1049 	1080 	1044
f 1063 	1070 	1040
f 1065 	1030 	1064
f 1073 	1056 	1068
f 1047 	1062 	999
f 1172 	1076 	981
f 1050 	1049 	1061
f 1075 	1159 	1071
f 1064 	1030 	1025
f 1072 	1078 	1075
f 1072 	1075 	1071
f 999 	1062 	951
f 1075 	1078 	1077
f 1028 	1040 	1197
f 1097 	1067 	1054
f 1065 	1095 	1066
f 943 	1035 	1028
f 1002 	1047 	999
f 1066 	1095 	1068
f 1095 	1082 	1068
f 1005 	1067 	1003
f 1060 	1121 	1069
f 1049 	978 	1080
f 1084 	1159 	1077
f 1084 	1086 	1159
f 1083 	1159 	1086
f 1083 	1088 	1159
f 1088 	1099 	1159
f 1106 	1159 	1099
f 1116 	1115 	943
f 1085 	1087 	1081
f 1085 	1081 	1079
f 951 	1062 	1143
f 1148 	1110 	1030
f 1115 	1113 	1091
f 1003 	1133 	1172
f 1090 	1082 	1089
f 1088 	1083 	1094
f 1093 	1094 	1083
f 1093 	1083 	1086
f 1115 	1091 	1035
f 1214 	1209 	1044
f 1035 	1100 	1037
f 1100 	1157 	1037
f 1007 	1101 	985
f 1082 	1095 	1089
f 985 	1101 	986
f 1102 	986 	1101
f 1102 	987 	986
f 1099 	1094 	1171
f 1088 	1094 	1099
f 1035 	1091 	1103
f 1035 	1103 	1100
f 1082 	1090 	1173
f 1107 	1098 	1096
f 1133 	1067 	1097
f 1156 	1163 	1037
f 1110 	1025 	1030
f 1108 	1104 	1079
f 1163 	1071 	1037
f 1110 	1130 	1096
f 1171 	1109 	1106
f 1171 	1106 	1099
f 1110 	1096 	1025
f 1111 	1109 	1171
f 1023 	969 	1102
f 1081 	1108 	1079
f 1114 	1192 	1017
f 1103 	1091 	1113
f 1115 	1112 	1113
f 1115 	1116 	1112
f 1125 	1112 	1116
f 1095 	1064 	1089
f 1102 	1070 	1023
f 1104 	1108 	1117
f 1123 	1034 	1023
f 1118 	1034 	1123
f 1105 	1142 	1206
f 1034 	1118 	1060
f 1108 	1119 	1117
f 1121 	1118 	1120
f 1014 	1114 	1017
f 1057 	1129 	1112
f 1001 	1119 	988
f 1125 	1126 	1112
f 1035 	943 	1115
f 1121 	1060 	1118
f 1199 	1013 	1017
f 1001 	1117 	1119
f 1070 	1123 	1023
f 1150 	1113 	1122
f 1073 	1068 	1082
f 1093 	1086 	1084
f 1057 	1112 	1126
f 1110 	1148 	1151
f 1118 	1123 	1120
f 1126 	951 	1057
f 1058 	1057 	951
f 943 	951 	1126
f 1129 	1122 	1112
f 1120 	1159 	1121
f 1128 	981 	984
f 1107 	1096 	1130
f 1159 	1160 	1121
f 1129 	1124 	1122
f 943 	1125 	1116
f 1151 	1131 	1110
f 1105 	1169 	1139
f 1128 	1145 	981
f 1126 	1125 	943
f 1120 	1123 	1070
f 1026 	1089 	1064
f 1074 	1058 	951
f 1127 	1128 	1114
f 966 	996 	1090
f 1077 	1078 	1084
f 1093 	1084 	1078
f 1145 	1128 	1127
f 1143 	1177 	1167
f 1133 	1003 	1067
f 1134 	1178 	1143
f 1132 	1124 	1129
f 1153 	1127 	1014
f 1063 	1120 	1070
f 1026 	1080 	978
f 1143 	1135 	1134
f 1132 	970 	1213
f 941 	940 	1136
f 1136 	1038 	1148
f 1120 	1063 	1037
f 1136 	1148 	1030
f 1129 	1048 	1132
f 1037 	1159 	1120
f 1138 	941 	1136
f 1134 	1140 	1181
f 1153 	1137 	1127
f 1138 	952 	941
f 974 	982 	1093
f 1135 	1140 	1134
f 1030 	1138 	1136
f 1130 	1110 	1131
f 1030 	1065 	1138
f 1001 	1046 	1139
f 1127 	1137 	1145
f 1069 	1141 	1143
f 1144 	1143 	1149
f 1135 	1143 	1144
f 1143 	1062 	1069
f 1149 	1143 	1152
f 1046 	1076 	1139
f 1092 	1142 	1048
f 1160 	1069 	1121
f 1059 	1151 	1043
f 982 	1094 	1093
f 1142 	970 	1132
f 1160 	1141 	1069
f 1146 	1140 	1144
f 1066 	1138 	1065
f 1142 	1132 	1048
f 1147 	1107 	995
f 1135 	1144 	1140
f 1133 	970 	1076
f 970 	1139 	1076
f 1066 	952 	1138
f 1092 	1206 	1142
f 981 	1145 	1172
f 1141 	1152 	1143
f 1137 	1005 	1145
f 1141 	1111 	1152
f 1186 	1187 	1122
f 1145 	1005 	1172
f 1187 	1150 	1122
f 1151 	1041 	1042
f 1153 	1014 	976
f 1147 	1011 	1008
f 1112 	1122 	1113
f 1038 	1041 	1148
f 1151 	1148 	1041
f 1098 	1022 	1096
f 1203 	1022 	1193
f 1015 	992 	1008
f 1155 	1153 	998
f 1149 	1152 	1146
f 1144 	1149 	1146
f 1156 	1157 	1158
f 1113 	1158 	1157
f 1025 	1096 	1022
f 1187 	1154 	1150
f 1152 	1111 	1146
f 1013 	973 	950
f 993 	1155 	998
f 992 	1015 	1046
f 1042 	1043 	1151
f 1100 	1103 	1113
f 1100 	1113 	1157
f 1171 	1146 	1111
f 1154 	1158 	1150
f 1193 	1161 	1189
f 1059 	1131 	1151
f 1146 	950 	1140
f 949 	1140 	950
f 998 	1153 	976
f 1153 	1155 	1137
f 1171 	1175 	1146
f 1158 	1113 	1150
f 1162 	1131 	1059
f 1156 	1037 	1157
f 1161 	1193 	1098
f 1059 	1073 	1162
f 1075 	1077 	1159
f 1159 	1037 	1071
f 1164 	1162 	1073
f 1098 	1193 	1022
f 1000 	1140 	949
f 998 	1020 	993
f 1164 	1073 	1082
f 1158 	1072 	1156
f 1163 	1156 	1072
f 1165 	1189 	1161
f 1209 	1210 	1202
f 1106 	1109 	1159
f 1160 	1159 	1109
f 1165 	1168 	1189
f 1137 	993 	997
f 1155 	993 	1137
f 1109 	1111 	1160
f 1141 	1160 	1111
f 951 	1167 	1074
f 1169 	1176 	1158
f 1074 	1170 	1058
f 1129 	1058 	1170
f 1163 	1072 	1071
f 1098 	1168 	1165
f 1098 	1165 	1161
f 1078 	1158 	1176
f 1166 	1162 	1164
f 1078 	1072 	1158
f 1170 	1074 	1167
f 1189 	1168 	1174
f 1005 	1137 	997
f 1171 	1094 	1175
f 1173 	1166 	1164
f 1098 	1107 	1168
f 1174 	1168 	1107
f 1164 	1082 	1173
f 1178 	1179 	1143
f 1179 	1180 	1143
f 1177 	1143 	1180
f 1169 	1158 	1154
f 1013 	1175 	1014
f 1046 	1001 	992
f 1169 	1154 	1195
f 1176 	974 	1093
f 1090 	996 	1173
f 1181 	1178 	1134
f 1107 	1147 	1174
f 1097 	1202 	1213
f 1130 	1131 	1166
f 1005 	1003 	1172
f 1166 	1107 	1130
f 1174 	1147 	1008
f 1174 	1008 	1189
f 1044 	1202 	1061
f 1166 	1131 	1162
f 1182 	1183 	995
f 1182 	995 	1184
f 1061 	1202 	1097
f 1181 	1185 	1179
f 1205 	995 	1204
f 1180 	1179 	1185
f 1173 	995 	1166
f 977 	1108 	1081
f 950 	1175 	1013
f 1176 	1093 	1078
f 995 	1173 	996
f 1179 	1178 	1181
f 1122 	1124 	1186
f 1205 	1198 	995
f 995 	1190 	1184
f 977 	1191 	1189
f 1188 	1189 	1191
f 1079 	1104 	1187
f 995 	1107 	1166
f 1191 	977 	1081
f 1182 	1184 	984
f 1193 	1189 	1188
f 1207 	1203 	1188
f 1187 	1186 	1079
f 1189 	992 	977
f 1105 	1176 	1169
f 1192 	984 	1184
f 974 	1176 	1206
f 1187 	1104 	1117
f 1011 	1147 	995
f 1000 	1181 	1140
f 1192 	1184 	1190
f 1008 	992 	1189
f 950 	973 	1196
f 1206 	1176 	1105
f 1187 	1195 	1154
f 1006 	1048 	1181
f 943 	1028 	1197
f 1032 	1212 	966
f 1206 	1004 	974
f 1196 	949 	950
f 1087 	1194 	1081
f 1197 	951 	943
f 1187 	1117 	1195
f 1190 	995 	1198
f 1000 	1006 	1181
f 955 	1197 	1200
f 1081 	1194 	1191
f 996 	966 	1212
f 1027 	1021 	1199
f 1197 	955 	951
f 1201 	1085 	1186
f 1079 	1186 	1085
f 1197 	964 	1200
f 1193 	1188 	1203
f 1017 	1009 	1199
f 964 	1197 	1040
f 1009 	1192 	1198
f 1198 	1192 	1190
f 1194 	1202 	1191
f 1167 	1177 	1170
f 963 	1101 	1007
f 1201 	1186 	1124
f 1196 	973 	1199
f 1169 	1195 	1117
f 1199 	1021 	1208
f 1180 	1185 	1177
f 1170 	1177 	1185
f 1010 	963 	1007
f 1188 	1202 	1210
f 1021 	980 	1208
f 963 	1010 	1002
f 1199 	1208 	1196
f 1001 	1169 	1117
f 1029 	1004 	1092
f 1202 	1188 	1191
f 1188 	1210 	1211
f 1188 	1211 	1207
f 1204 	996 	1212
f 955 	1200 	964
f 1132 	1213 	1085
f 1201 	1132 	1085
f 1048 	1129 	1185
f 1204 	1009 	1205
f 1198 	1205 	1009
f 1132 	1201 	1124
f 1209 	1026 	1210
f 1210 	1026 	1211
f 1196 	1208 	972
f 1206 	1092 	1004
f 1080 	1026 	1214
f 1048 	1185 	1181
f 1204 	1212 	1009
f 991 	994 	1196
f 994 	949 	1196
f 1001 	1139 	1169
f 991 	1196 	972
f 1203 	1207 	1022
f 1185 	1129 	1170
f 1022 	1207 	1211
f 1175 	1094 	983
f 1209 	1214 	1026
f 1059 	1043 	961
f 965 	961 	1043
f 1067 	980 	1054
f 961 	968 	1215
f 950 	1146 	1175
f 1202 	1044 	1209
f 1032 	1027 	1212
f 1059 	961 	1045
f 1215 	1045 	961
f 1080 	1214 	1044
f 982 	983 	1094
f 1043 	1045 	1215
f 1043 	1215 	962
f 1043 	962 	965
f 1092 	1048 	1006
f 1017 	1192 	1009
f 980 	1021 	1054
f 1215 	968 	1055
f 1073 	1055 	968
f 968 	967 	1056
f 968 	1056 	1073
f 1014 	1175 	983
f 1029 	1092 	1006
f 1055 	1056 	1215
f 962 	1215 	1056
f 962 	1056 	967
f 1027 	1199 	1009
f 1202 	1194 	1213
f 1128 	984 	1192
f 1056 	1055 	1053
f 1055 	1043 	1053
f 1045 	1043 	1055
f 954 	1053 	1043
f 1042 	1041 	1043
f 954 	1043 	1041
f 954 	1041 	1038
f 954 	1038 	940
f 954 	940 	939
f 1213 	1194 	1087
f 1192 	1114 	1128
f 978 	966 	1090
f 1213 	1087 	1085
f 984 	1015 	1183
f 1090 	1089 	978
f 1089 	1026 	978
f 1183 	1182 	984
f 1139 	970 	1105
f 1142 	1105 	970
f 1097 	970 	1133
f 1097 	1213 	970
f 1009 	1212 	1027
# 558 faces

 #end of obj_3


# double-sided
f 3 2 1
f 4 3 1
f 9 11 10
f 9 12 11
f 9 13 12
f 13 9 5
f 16 26 13
f 12 15 14
f 11 12 14
f 9 21 5
f 19 22 20
f 16 22 19
f 17 22 16
f 7 25 23
f 26 16 19
f 16 13 5
f 16 5 6
f 41 66 64
f 45 34 32
f 28 20 22
f 29 28 22
f 24 27 30
f 16 6 18
f 30 31 24
f 33 22 17
f 22 33 29
f 29 8 13
f 29 26 28
f 26 29 13
f 8 29 33
f 35 30 27
f 44 40 7
f 36 53 32
f 41 38 40
f 42 37 21
f 14 43 10
f 11 14 10
f 40 44 41
f 38 45 40
f 5 21 37
f 4 47 46
f 3 4 46
f 49 51 50
f 51 49 48
f 45 53 40
f 17 16 51
f 42 54 37
f 16 18 51
f 40 53 7
f 48 17 51
f 18 37 51
f 5 37 6
f 50 37 39
f 37 50 51
f 32 34 55
f 45 62 59
f 55 36 32
f 18 6 37
f 54 48 49
f 36 55 34
f 47 23 46
f 23 47 56
f 33 14 15
f 25 65 57
f 63 25 7
f 1 57 56
f 4 1 56
f 47 4 56
f 25 1 2
f 1 25 57
f 20 26 19
f 26 20 28
f 33 17 48
f 52 48 42
f 54 39 37
f 39 54 58
f 56 44 23
f 58 50 39
f 21 52 42
f 56 57 44
f 31 30 35
f 50 58 49
f 59 24 31
f 60 59 31
f 54 49 58
f 48 54 42
f 44 57 65
f 61 60 31
f 3 23 2
f 52 33 48
f 62 45 38
f 65 25 63
f 23 3 46
f 2 23 25
f 59 62 24
f 62 41 64
f 62 38 41
f 36 61 53
f 34 59 36
f 61 36 60
f 33 12 8
f 12 33 15
f 31 63 61
f 63 31 35
f 10 43 52
f 10 21 9
f 21 10 52
f 66 41 65
f 14 52 43
f 14 33 52
f 27 62 64
f 62 27 24
f 63 53 61
f 60 36 59
f 45 32 53
f 44 7 23
f 53 63 7
f 12 13 8
f 35 65 63
f 66 27 64
f 34 45 59
f 27 65 35
f 65 27 66
f 65 41 44
f 84 85 86
f 68 359 90
f 91 85 86
f 94 408 224
f 95 93 92
f 93 95 96
f 97 92 93
f 327 245 81
f 100 99 98
f 101 100 98
f 95 97 96
f 97 95 92
f 72 317 74
f 105 100 99
f 107 105 99
f 85 84 86
f 91 89 85
f 317 78 74
f 106 104 103
f 82 78 317
f 91 88 89
f 108 140 110
f 100 108 110
f 139 82 317
f 85 451 89
f 110 112 111
f 114 113 109
f 115 114 109
f 84 86 451
f 117 120 119
f 120 117 116
f 88 327 80
f 127 117 124
f 124 117 119
f 122 106 109
f 122 104 106
f 104 122 121
f 104 97 126
f 104 96 97
f 96 104 121
f 89 451 88
f 149 167 102
f 67 132 73
f 451 85 84
f 80 451 81
f 451 80 88
f 132 67 69
f 128 127 129
f 128 124 127
f 129 127 134
f 128 119 124
f 128 120 119
f 128 135 120
f 135 128 105
f 135 105 107
f 82 217 78
f 140 111 112
f 111 140 440
f 133 387 384
f 131 339 145
f 325 138 139
f 138 325 142
f 143 196 135
f 140 112 110
f 142 425 226
f 154 158 155
f 149 186 423
f 171 118 156
f 159 153 160
f 158 154 159
f 153 159 154
f 156 118 136
f 161 151 162
f 125 151 161
f 157 152 170
f 147 91 146
f 450 423 451
f 423 450 149
f 170 152 150
f 166 165 164
f 450 453 149
f 147 133 91
f 171 400 118
f 80 81 258
f 149 453 457
f 167 201 182
f 85 254 84
f 84 254 86
f 86 254 173
f 164 174 162
f 85 222 221
f 223 254 212
f 178 145 179
f 145 178 169
f 85 258 222
f 88 80 258
f 148 491 181
f 137 177 67
f 266 171 268
f 94 184 70
f 178 179 180
f 131 145 177
f 468 170 464
f 193 414 187
f 181 171 156
f 195 194 145
f 145 205 195
f 163 130 172
f 187 70 184
f 193 187 184
f 175 102 182
f 169 130 163
f 194 179 145
f 144 196 143
f 196 429 445
f 102 167 182
f 197 304 189
f 189 304 190
f 304 193 303
f 163 67 177
f 439 194 195
f 194 436 179
f 192 304 197
f 185 149 102
f 177 145 163
f 201 188 83
f 94 202 184
f 69 67 163
f 135 196 120
f 191 196 204
f 196 191 127
f 201 223 188
f 188 89 88
f 196 119 120
f 196 124 119
f 124 196 127
f 205 145 339
f 169 163 145
f 198 76 200
f 204 196 207
f 83 182 201
f 195 442 439
f 211 210 201
f 210 212 201
f 193 184 202
f 214 176 137
f 211 167 215
f 215 167 255
f 213 176 214
f 130 216 217
f 216 130 169
f 216 169 178
f 307 245 294
f 176 218 131
f 218 176 213
f 158 220 155
f 220 158 221
f 75 203 148
f 88 80 307
f 208 209 219
f 206 422 83
f 220 221 222
f 190 313 498
f 226 224 142
f 212 223 201
f 168 165 222
f 227 219 228
f 228 219 262
f 219 227 170
f 94 230 202
f 230 94 224
f 226 230 224
f 131 177 176
f 307 188 88
f 226 425 230
f 425 142 325
f 233 161 237
f 233 235 234
f 233 237 235
f 235 237 236
f 161 233 232
f 161 232 229
f 161 229 159
f 211 91 210
f 231 181 156
f 228 239 227
f 239 228 240
f 225 231 156
f 210 211 212
f 118 400 382
f 378 151 125
f 151 378 377
f 244 170 227
f 243 250 241
f 231 250 242
f 213 214 253
f 451 223 211
f 244 391 392
f 391 244 227
f 250 231 225
f 215 450 451
f 211 215 451
f 211 223 212
f 223 451 173
f 147 146 154
f 137 176 177
f 227 247 244
f 245 307 81
f 247 227 239
f 218 357 131
f 327 294 245
f 147 154 155
f 155 424 147
f 241 250 249
f 250 243 242
f 245 451 294
f 451 245 81
f 244 191 248
f 248 191 469
f 254 158 159
f 244 247 248
f 255 167 340
f 257 162 174
f 242 243 256
f 483 215 255
f 215 483 91
f 257 161 162
f 209 79 334
f 255 279 215
f 285 181 231
f 209 337 219
f 146 91 483
f 219 260 259
f 258 257 174
f 258 165 168
f 258 164 165
f 164 258 174
f 211 254 346
f 254 211 210
f 258 89 88
f 259 262 219
f 212 254 210
f 264 263 261
f 265 246 171
f 315 293 206
f 108 259 260
f 218 251 357
f 215 346 255
f 346 215 211
f 267 225 263
f 225 267 250
f 262 108 228
f 258 245 257
f 254 221 158
f 254 85 221
f 173 254 223
f 213 251 218
f 262 240 228
f 269 268 499
f 270 253 371
f 258 85 89
f 222 258 168
f 270 213 253
f 274 250 256
f 256 250 275
f 250 274 249
f 278 197 189
f 213 270 251
f 280 279 167
f 180 217 216
f 180 216 178
f 148 181 285
f 272 141 183
f 242 363 231
f 296 282 172
f 183 277 272
f 284 130 217
f 294 315 307
f 282 69 163
f 192 197 278
f 435 279 280
f 281 363 256
f 256 363 242
f 132 69 282
f 278 189 192
f 282 163 172
f 206 83 307
f 281 274 256
f 280 215 279
f 285 75 148
f 266 265 171
f 172 288 286
f 365 315 368
f 130 297 288
f 288 172 130
f 315 294 295
f 292 287 289
f 115 299 298
f 299 115 109
f 290 291 434
f 172 286 296
f 287 292 252
f 296 301 282
f 225 156 300
f 156 136 300
f 302 314 318
f 303 306 304
f 306 309 302
f 141 252 292
f 273 185 276
f 185 273 186
f 183 141 292
f 306 302 122
f 299 306 122
f 276 102 175
f 305 130 284
f 130 305 393
f 300 308 225
f 294 291 295
f 291 294 290
f 294 472 290
f 109 299 122
f 276 185 102
f 260 271 240
f 259 240 262
f 240 259 260
f 309 306 303
f 273 283 238
f 311 440 140
f 311 418 440
f 307 83 188
f 263 312 261
f 306 313 304
f 225 308 263
f 307 315 206
f 198 316 199
f 186 273 238
f 314 302 309
f 180 179 436
f 217 180 78
f 312 320 319
f 312 308 320
f 308 312 263
f 238 283 293
f 312 263 264
f 198 200 317
f 328 286 288
f 317 200 325
f 322 286 328
f 265 326 246
f 326 268 324
f 297 321 288
f 327 88 91
f 327 81 80
f 327 91 329
f 288 321 328
f 266 326 265
f 317 325 139
f 235 472 234
f 133 329 91
f 136 325 200
f 324 268 269
f 325 136 118
f 291 399 434
f 332 311 333
f 311 332 310
f 327 377 378
f 330 250 267
f 250 335 275
f 335 394 391
f 311 140 108
f 333 311 108
f 336 333 108
f 337 336 108
f 260 337 108
f 436 194 439
f 290 331 291
f 331 290 235
f 236 331 235
f 321 297 420
f 337 334 336
f 337 209 334
f 301 296 323
f 268 326 266
f 219 337 260
f 308 467 320
f 372 141 272
f 337 260 259
f 286 322 338
f 279 483 340
f 296 286 338
f 260 341 271
f 341 260 337
f 341 337 336
f 338 323 296
f 263 330 267
f 263 452 330
f 342 263 312
f 279 340 167
f 262 429 443
f 344 228 227
f 344 244 248
f 344 227 244
f 429 262 228
f 343 496 345
f 280 340 346
f 340 280 279
f 443 259 262
f 289 361 292
f 205 345 496
f 335 256 275
f 281 256 335
f 332 347 310
f 336 334 333
f 241 349 243
f 349 241 249
f 350 349 249
f 229 232 346
f 341 334 79
f 334 341 336
f 241 249 274
f 302 121 122
f 351 354 355
f 319 320 353
f 106 299 109
f 106 306 299
f 154 152 488
f 96 440 93
f 247 344 248
f 344 271 341
f 240 344 239
f 239 344 247
f 97 144 126
f 440 97 93
f 355 352 351
f 352 355 357
f 249 358 356
f 358 249 241
f 345 339 343
f 339 348 343
f 243 281 256
f 339 345 205
f 355 339 357
f 241 360 358
f 344 240 271
f 356 350 249
f 340 483 255
f 339 131 357
f 348 339 359
f 388 272 277
f 351 137 354
f 360 243 349
f 281 243 360
f 340 279 255
f 137 351 214
f 104 143 103
f 359 369 348
f 351 253 214
f 363 360 364
f 363 281 360
f 306 367 366
f 306 366 313
f 143 106 103
f 368 315 295
f 366 497 498
f 354 137 67
f 399 368 327
f 331 365 399
f 360 241 274
f 360 274 281
f 368 399 365
f 367 306 386
f 368 295 327
f 295 365 368
f 365 295 291
f 365 291 331
f 285 231 363
f 498 313 366
f 375 206 293
f 383 270 371
f 229 254 159
f 254 229 346
f 397 270 383
f 375 293 459
f 346 340 255
f 371 352 383
f 365 236 237
f 236 365 331
f 359 370 369
f 495 348 369
f 369 498 495
f 365 257 368
f 365 161 257
f 161 365 237
f 96 458 440
f 422 415 182
f 370 359 414
f 361 362 292
f 206 375 422
f 245 294 257
f 245 258 81
f 352 371 351
f 114 373 113
f 294 368 257
f 368 294 295
f 351 371 253
f 67 73 354
f 374 141 372
f 294 327 295
f 306 106 143
f 76 379 462
f 379 76 380
f 394 380 76
f 374 287 252
f 224 395 393
f 394 87 391
f 372 375 374
f 397 352 357
f 408 70 406
f 141 374 252
f 228 380 227
f 380 228 379
f 377 327 329
f 406 70 187
f 70 408 94
f 382 318 425
f 318 403 302
f 381 372 272
f 189 190 370
f 362 361 438
f 414 193 192
f 406 187 414
f 378 399 327
f 192 370 414
f 370 192 189
f 330 379 380
f 397 383 352
f 389 376 130
f 90 354 73
f 398 385 150
f 208 219 385
f 299 390 298
f 87 394 76
f 68 73 132
f 73 68 90
f 393 142 224
f 170 150 219
f 391 87 392
f 150 385 219
f 251 270 397
f 395 224 408
f 381 272 388
f 394 227 380
f 391 227 394
f 396 385 398
f 393 389 130
f 395 389 393
f 397 357 251
f 298 390 373
f 298 114 115
f 299 113 373
f 299 373 390
f 392 335 391
f 144 97 440
f 208 399 378
f 382 400 403
f 208 401 399
f 404 402 377
f 362 388 277
f 246 400 171
f 400 246 403
f 114 298 373
f 183 362 277
f 113 299 109
f 405 150 152
f 403 318 382
f 405 398 150
f 389 359 68
f 183 292 362
f 389 408 406
f 408 389 395
f 261 246 326
f 384 404 329
f 407 282 301
f 404 384 410
f 403 458 302
f 410 384 387
f 282 407 132
f 404 410 402
f 407 68 132
f 404 377 329
f 411 386 412
f 389 414 359
f 414 389 406
f 416 402 417
f 417 402 410
f 402 416 482
f 297 130 376
f 410 387 428
f 476 415 409
f 376 71 297
f 269 411 412
f 411 269 499
f 376 68 71
f 418 417 410
f 418 428 444
f 428 418 410
f 374 375 413
f 193 304 192
f 347 419 310
f 71 420 297
f 374 413 287
f 412 360 349
f 306 412 386
f 202 303 193
f 381 409 415
f 417 311 310
f 311 417 418
f 349 269 412
f 303 202 309
f 407 301 71
f 417 419 416
f 417 310 419
f 269 349 324
f 313 190 304
f 420 71 301
f 385 396 401
f 208 385 401
f 328 321 433
f 166 482 416
f 424 155 485
f 238 423 186
f 314 202 230
f 202 314 309
f 186 149 185
f 361 289 421
f 425 314 230
f 426 147 424
f 381 415 422
f 420 433 321
f 381 422 372
f 314 425 318
f 429 424 427
f 421 289 287
f 412 143 454
f 412 454 360
f 372 422 375
f 424 429 428
f 427 424 430
f 425 118 382
f 118 425 325
f 428 387 426
f 420 301 323
f 287 413 421
f 387 133 426
f 328 433 322
f 396 435 434
f 316 198 317
f 428 426 424
f 261 403 246
f 403 342 452
f 433 323 338
f 433 338 322
f 440 458 111
f 205 494 442
f 442 195 205
f 428 429 443
f 376 389 68
f 444 428 443
f 420 323 433
f 495 496 343
f 207 196 445
f 496 493 205
f 445 430 486
f 458 96 121
f 394 335 250
f 250 380 394
f 380 250 330
f 144 143 104
f 196 443 429
f 445 429 427
f 443 144 444
f 443 196 144
f 339 90 359
f 484 75 285
f 398 435 396
f 429 220 443
f 90 355 354
f 126 144 104
f 87 449 448
f 431 447 480
f 427 430 220
f 220 429 427
f 444 443 220
f 90 339 355
f 448 392 87
f 438 361 437
f 437 432 438
f 432 437 431
f 484 87 75
f 388 362 446
f 447 431 441
f 191 448 449
f 448 191 392
f 68 407 71
f 403 312 342
f 403 261 312
f 458 403 452
f 144 440 418
f 144 418 444
f 335 448 449
f 448 335 392
f 418 444 220
f 438 446 362
f 423 238 492
f 458 452 99
f 361 421 441
f 429 490 427
f 441 431 437
f 421 413 441
f 427 490 430
f 455 454 143
f 456 455 143
f 135 456 143
f 409 446 432
f 291 492 331
f 472 492 290
f 417 337 259
f 361 441 437
f 446 438 432
f 381 388 446
f 143 412 306
f 429 344 464
f 167 457 280
f 457 167 149
f 381 446 409
f 467 77 76
f 418 443 444
f 443 418 417
f 443 417 259
f 110 99 100
f 99 110 111
f 447 413 459
f 460 467 76
f 461 76 462
f 76 461 460
f 167 211 201
f 419 347 332
f 458 121 302
f 413 447 441
f 99 111 458
f 463 204 207
f 445 463 207
f 462 108 461
f 461 108 460
f 108 462 379
f 108 262 259
f 228 108 379
f 450 451 434
f 450 435 453
f 435 450 434
f 462 330 461
f 349 326 324
f 326 349 350
f 326 264 261
f 264 326 350
f 435 280 457
f 422 182 83
f 413 375 459
f 330 462 379
f 460 461 330
f 453 435 457
f 319 342 312
f 432 431 465
f 465 431 480
f 77 467 300
f 170 469 464
f 450 215 457
f 450 457 453
f 457 215 280
f 350 312 264
f 312 350 342
f 451 423 471
f 358 107 356
f 423 475 471
f 475 423 472
f 353 320 473
f 473 467 474
f 467 473 320
f 467 308 300
f 464 191 468
f 468 191 466
f 353 452 319
f 470 432 465
f 290 492 291
f 467 460 474
f 191 464 469
f 191 244 392
f 432 470 476
f 434 471 475
f 452 353 473
f 319 452 342
f 98 477 101
f 464 469 468
f 434 451 471
f 474 477 473
f 477 474 101
f 98 99 452
f 477 98 452
f 473 477 452
f 469 466 468
f 466 469 478
f 409 432 476
f 452 263 342
f 151 377 479
f 455 456 364
f 364 454 455
f 472 434 475
f 474 100 101
f 100 474 460
f 290 434 472
f 402 479 377
f 479 402 481
f 360 454 364
f 108 100 460
f 482 481 402
f 294 475 472
f 294 471 475
f 471 294 451
f 460 330 452
f 100 460 452
f 99 100 452
f 482 419 481
f 465 273 470
f 419 482 416
f 364 484 363
f 363 484 285
f 484 364 456
f 484 120 116
f 120 484 456
f 273 276 470
f 484 116 117
f 398 405 435
f 470 276 476
f 166 416 417
f 166 417 418
f 479 164 162
f 166 481 482
f 481 166 164
f 481 164 479
f 479 162 151
f 456 135 107
f 455 456 107
f 454 455 107
f 360 454 107
f 358 360 107
f 356 452 350
f 350 452 342
f 452 356 99
f 99 356 107
f 449 484 127
f 127 484 117
f 484 449 87
f 405 483 435
f 348 495 343
f 276 175 476
f 449 127 191
f 485 486 424
f 273 465 480
f 190 369 370
f 486 430 424
f 120 456 455
f 120 454 119
f 480 283 273
f 72 316 317
f 316 72 436
f 486 485 445
f 127 454 449
f 415 175 182
f 439 316 436
f 445 427 430
f 316 439 442
f 415 476 175
f 454 335 449
f 454 120 455
f 119 454 124
f 454 127 124
f 316 203 199
f 485 155 220
f 486 485 220
f 486 220 430
f 281 335 454
f 360 281 454
f 447 459 480
f 434 399 401
f 128 462 461
f 418 165 166
f 418 222 165
f 222 418 220
f 203 316 487
f 396 434 401
f 480 459 283
f 333 334 481
f 333 419 332
f 419 333 481
f 460 128 461
f 128 460 100
f 105 128 100
f 283 459 293
f 451 233 471
f 233 451 450
f 494 487 316
f 449 134 127
f 134 449 448
f 203 487 148
f 489 463 445
f 485 489 445
f 128 380 462
f 380 128 129
f 462 380 379
f 380 129 394
f 148 487 491
f 475 234 472
f 234 475 471
f 134 394 129
f 134 391 394
f 391 134 448
f 392 391 448
f 488 153 154
f 450 232 233
f 232 450 453
f 76 199 87
f 199 76 198
f 204 490 191
f 191 490 466
f 490 204 463
f 489 490 463
f 399 291 331
f 490 157 170
f 200 76 77
f 489 485 486
f 490 489 486
f 199 203 87
f 290 472 235
f 170 466 490
f 203 75 87
f 483 279 435
f 77 300 136
f 346 457 280
f 490 468 466
f 490 464 468
f 430 490 486
f 490 429 464
f 457 232 453
f 232 457 346
f 482 336 337
f 336 482 481
f 336 481 334
f 77 136 200
f 494 205 493
f 293 492 238
f 337 417 416
f 337 416 482
f 495 497 496
f 490 488 489
f 490 478 488
f 488 478 153
f 153 478 160
f 478 490 466
f 492 472 423
f 464 344 469
f 429 228 344
f 492 365 331
f 365 492 315
f 498 369 190
f 495 498 497
f 293 315 492
f 494 493 487
f 133 384 329
f 497 487 496
f 487 497 367
f 493 496 487
f 344 478 469
f 497 366 367
f 133 147 426
f 491 367 386
f 79 123 341
f 341 478 344
f 442 494 316
f 81 307 80
f 188 86 85
f 188 173 86
f 173 188 223
f 89 188 85
f 367 491 487
f 91 211 215
f 210 91 212
f 161 123 125
f 91 86 173
f 91 223 212
f 223 91 173
f 86 173 451
f 478 341 159
f 478 159 160
f 159 123 161
f 159 341 123
f 499 181 491
f 499 491 411
f 386 411 491
f 483 405 152
f 499 171 181
f 268 171 499
f 170 244 248
f 248 469 170
f 180 72 74
f 180 436 72
f 488 152 157
f 152 154 146
f 180 74 78
f 146 483 152
f 284 139 138
f 284 82 139
f 217 82 284
f 489 488 157
f 142 305 284
f 138 142 284
f 157 490 489
f 142 393 305
f 170 468 466
f 471 233 500
f 125 208 378
f 208 123 209
f 234 471 500
f 234 500 233
f 123 208 125
f 79 209 123
f 503 505 504
f 506 505 503
f 508 503 509
f 503 508 506
f 501 513 502
f 514 508 509
f 507 515 511
f 507 511 877
f 513 501 510
f 509 536 523
f 509 523 514
f 508 514 506
f 520 505 506
f 514 523 506
f 506 526 520
f 526 506 523
f 534 522 521
f 537 644 528
f 852 530 538
f 526 542 540
f 526 533 523
f 523 532 544
f 523 533 532
f 533 526 540
f 529 806 515
f 531 908 543
f 550 549 547
f 528 595 537
f 595 528 524
f 553 812 802
f 812 553 826
f 555 553 802
f 554 545 548
f 672 525 527
f 525 672 671
f 671 535 525
f 551 681 512
f 527 541 672
f 531 595 524
f 561 560 559
f 541 675 672
f 528 543 743
f 536 534 523
f 534 536 863
f 526 523 534
f 543 595 531
f 539 743 543
f 543 528 531
f 531 528 524
f 537 528 743
f 537 726 727
f 562 564 558
f 564 552 558
f 567 565 563
f 567 569 568
f 569 567 563
f 563 814 569
f 556 530 557
f 571 563 565
f 563 571 672
f 530 556 575
f 530 574 538
f 537 825 570
f 502 512 501
f 537 727 570
f 530 575 574
f 566 501 512
f 571 565 628
f 556 554 575
f 575 554 576
f 554 556 545
f 578 862 571
f 567 578 571
f 565 567 571
f 578 794 862
f 537 756 528
f 546 581 580
f 539 543 832
f 536 544 582
f 544 536 523
f 531 832 543
f 533 586 585
f 546 580 577
f 588 899 587
f 612 580 581
f 590 746 519
f 608 577 580
f 533 572 565
f 572 533 540
f 533 565 571
f 533 571 586
f 548 584 554
f 548 583 584
f 590 592 746
f 593 856 598
f 597 596 532
f 599 597 532
f 600 599 532
f 585 600 532
f 533 585 532
f 598 856 601
f 587 595 588
f 588 595 589
f 582 596 602
f 596 582 544
f 532 596 544
f 598 603 593
f 603 598 601
f 591 595 587
f 592 774 595
f 587 743 588
f 594 593 606
f 606 598 601
f 606 593 598
f 536 583 584
f 917 610 614
f 614 615 917
f 535 605 807
f 614 610 616
f 588 743 589
f 526 613 924
f 613 526 523
f 613 523 536
f 617 613 536
f 536 666 617
f 774 592 590
f 774 590 519
f 617 622 613
f 619 609 621
f 621 609 611
f 619 610 609
f 610 619 618
f 614 610 618
f 618 921 615
f 618 615 614
f 517 620 937
f 592 595 591
f 607 572 540
f 542 607 540
f 591 743 587
f 625 928 627
f 627 928 618
f 928 625 606
f 547 572 607
f 547 565 572
f 547 628 565
f 590 743 592
f 743 590 519
f 743 591 592
f 603 632 631
f 593 603 631
f 580 612 626
f 634 636 635
f 636 634 633
f 636 638 637
f 638 636 633
f 517 644 620
f 630 629 639
f 595 539 589
f 595 543 539
f 580 626 608
f 643 641 616
f 643 610 645
f 610 643 616
f 546 653 566
f 541 624 675
f 647 645 610
f 614 647 610
f 679 546 566
f 589 743 539
f 504 534 521
f 534 504 505
f 505 520 526
f 534 505 526
f 646 579 578
f 652 651 841
f 568 578 567
f 578 568 646
f 579 646 657
f 559 659 658
f 561 559 658
f 577 653 546
f 573 894 871
f 551 512 719
f 657 633 634
f 633 657 579
f 512 502 719
f 653 501 566
f 607 640 567
f 578 640 633
f 578 633 579
f 640 578 567
f 640 607 542
f 542 642 640
f 521 642 542
f 534 521 542
f 526 534 542
f 615 927 614
f 665 664 527
f 617 666 632
f 632 666 631
f 666 536 584
f 667 658 659
f 666 562 631
f 667 560 561
f 658 667 561
f 598 593 631
f 666 598 631
f 564 666 584
f 652 894 655
f 666 584 583
f 666 601 598
f 666 886 601
f 886 666 583
f 664 541 527
f 666 554 584
f 554 639 576
f 630 554 666
f 639 554 630
f 630 666 631
f 664 673 541
f 535 671 674
f 669 595 648
f 669 662 595
f 674 605 535
f 859 623 552
f 541 673 624
f 832 589 539
f 832 587 588
f 587 832 695
f 832 588 589
f 679 581 546
f 889 886 583
f 889 548 545
f 548 889 583
f 674 821 605
f 685 719 670
f 684 574 680
f 574 684 683
f 680 574 575
f 683 686 574
f 683 688 686
f 686 688 687
f 688 683 682
f 691 681 551
f 623 677 678
f 689 551 685
f 574 611 538
f 611 574 621
f 681 690 512
f 678 552 623
f 689 691 551
f 692 629 594
f 629 692 575
f 639 629 575
f 576 639 575
f 729 681 730
f 606 692 594
f 692 606 695
f 619 627 618
f 679 566 698
f 739 663 656
f 606 625 695
f 710 679 698
f 685 699 693
f 700 625 627
f 512 690 698
f 685 670 699
f 619 621 702
f 566 512 698
f 663 705 822
f 703 704 852
f 707 690 729
f 707 698 690
f 698 707 706
f 623 704 677
f 591 835 592
f 587 835 591
f 740 677 704
f 689 685 693
f 704 623 852
f 689 693 694
f 740 704 703
f 697 701 691
f 701 668 691
f 689 694 697
f 715 714 712
f 696 678 738
f 697 691 689
f 558 552 696
f 718 716 751
f 705 663 751
f 719 685 551
f 678 696 552
f 671 672 596
f 716 774 518
f 710 714 723
f 502 513 719
f 518 743 519
f 712 710 711
f 722 741 724
f 714 710 712
f 605 821 649
f 722 653 577
f 708 718 709
f 718 742 743
f 718 743 716
f 743 518 716
f 724 653 722
f 644 727 726
f 725 661 649
f 681 691 668
f 761 644 570
f 722 577 608
f 681 729 690
f 724 501 653
f 725 728 661
f 729 730 858
f 729 853 707
f 715 748 749
f 537 783 726
f 733 782 735
f 843 708 709
f 734 732 731
f 677 738 678
f 751 746 705
f 741 721 737
f 710 741 737
f 677 740 738
f 650 739 656
f 741 722 721
f 743 742 720
f 720 770 743
f 770 720 620
f 744 608 626
f 626 759 744
f 682 760 688
f 742 745 720
f 747 626 612
f 723 749 748
f 749 723 714
f 772 770 620
f 759 626 747
f 715 749 714
f 748 715 900
f 612 581 737
f 604 830 831
f 759 747 721
f 723 795 769
f 747 612 737
f 681 752 730
f 747 737 721
f 750 734 731
f 755 754 753
f 730 860 858
f 734 750 604
f 722 608 744
f 644 783 620
f 783 644 726
f 680 756 684
f 722 744 721
f 843 709 766
f 843 760 708
f 760 843 720
f 751 716 746
f 581 679 737
f 727 825 738
f 720 745 760
f 843 751 663
f 739 843 663
f 758 763 762
f 644 761 727
f 744 759 721
f 764 698 765
f 698 771 710
f 740 742 743
f 698 706 765
f 726 761 727
f 761 726 756
f 740 745 742
f 762 763 788
f 510 501 724
f 745 740 760
f 789 762 788
f 762 789 901
f 676 706 790
f 703 766 709
f 742 718 745
f 724 837 510
f 901 795 905
f 905 795 903
f 765 676 764
f 740 708 760
f 708 740 709
f 765 706 676
f 758 681 769
f 724 741 837
f 745 718 760
f 760 718 708
f 679 710 737
f 766 687 688
f 766 708 709
f 708 766 688
f 758 769 763
f 771 698 764
f 711 710 771
f 768 780 654
f 837 741 710
f 777 776 775
f 778 777 775
f 595 779 648
f 676 816 771
f 676 771 764
f 723 837 710
f 779 595 774
f 768 654 650
f 781 681 758
f 681 781 752
f 779 774 838
f 650 767 768
f 782 725 735
f 725 782 728
f 782 733 736
f 784 782 736
f 783 772 620
f 785 757 668
f 777 786 753
f 777 754 776
f 754 777 753
f 656 773 650
f 769 681 757
f 757 681 668
f 650 773 767
f 775 776 754
f 755 775 754
f 785 668 787
f 770 772 738
f 770 740 743
f 740 770 738
f 670 785 787
f 725 649 821
f 665 527 525
f 788 763 769
f 789 788 769
f 769 795 789
f 783 738 772
f 738 726 727
f 726 738 783
f 854 790 706
f 735 791 733
f 699 670 787
f 676 790 792
f 816 676 817
f 792 793 676
f 635 794 634
f 852 839 703
f 818 711 771
f 816 818 771
f 795 723 748
f 712 818 819
f 795 901 789
f 782 796 728
f 842 785 670
f 538 839 852
f 818 712 711
f 715 712 819
f 748 903 795
f 903 748 900
f 798 751 797
f 715 553 799
f 715 826 553
f 656 663 881
f 798 718 751
f 810 694 693
f 810 697 694
f 881 773 656
f 703 797 766
f 703 798 797
f 796 794 728
f 665 854 664
f 665 790 854
f 699 810 693
f 803 782 784
f 782 803 791
f 804 782 791
f 665 793 792
f 665 792 790
f 675 624 815
f 806 805 511
f 806 511 515
f 535 665 525
f 709 797 766
f 797 709 718
f 798 797 718
f 728 815 661
f 808 511 805
f 787 668 701
f 794 635 657
f 805 809 808
f 570 644 537
f 535 807 665
f 806 529 800
f 570 825 761
f 811 808 809
f 807 817 665
f 570 727 761
f 794 814 728
f 595 662 825
f 807 605 813
f 831 713 604
f 569 657 646
f 657 569 814
f 657 814 794
f 687 766 797
f 686 687 797
f 930 820 929
f 750 731 830
f 574 797 823
f 797 574 686
f 798 823 797
f 657 634 794
f 832 528 756
f 528 832 524
f 624 661 815
f 605 649 813
f 756 537 570
f 756 570 761
f 817 676 793
f 814 815 728
f 518 835 823
f 518 823 716
f 636 660 573
f 716 798 718
f 798 716 823
f 820 819 818
f 652 637 651
f 652 636 637
f 669 856 594
f 669 594 629
f 636 655 660
f 779 847 648
f 662 669 629
f 851 648 847
f 917 609 610
f 636 652 655
f 791 522 733
f 777 778 786
f 881 663 822
f 611 839 538
f 611 838 839
f 838 611 609
f 783 537 770
f 770 537 743
f 783 770 772
f 800 801 828
f 800 828 824
f 558 696 825
f 503 735 725
f 829 828 827
f 825 696 738
f 522 791 803
f 713 834 869
f 826 715 819
f 820 826 819
f 713 869 717
f 828 829 824
f 701 697 810
f 817 793 665
f 869 893 717
f 810 699 787
f 802 812 828
f 802 828 801
f 824 805 806
f 800 824 806
f 621 574 823
f 621 823 702
f 811 805 824
f 805 811 809
f 810 787 701
f 832 575 692
f 832 756 680
f 832 680 575
f 695 832 692
f 807 816 817
f 832 531 524
f 835 700 627
f 807 820 818
f 807 818 816
f 822 830 884
f 702 835 619
f 835 702 823
f 619 835 627
f 835 519 590
f 835 518 519
f 835 625 700
f 820 807 929
f 757 836 769
f 590 592 835
f 820 930 826
f 683 743 742
f 743 683 770
f 842 836 785
f 625 587 695
f 835 587 625
f 649 841 813
f 682 745 760
f 836 757 785
f 929 813 931
f 770 683 684
f 772 770 684
f 825 727 761
f 825 537 595
f 774 716 718
f 774 519 518
f 830 822 831
f 783 684 756
f 684 783 772
f 813 929 807
f 830 604 750
f 726 783 756
f 740 703 709
f 510 836 513
f 836 510 837
f 760 708 688
f 836 723 769
f 723 836 837
f 839 838 774
f 745 682 742
f 670 719 842
f 703 774 798
f 798 774 718
f 719 513 842
f 720 843 739
f 774 703 839
f 842 513 836
f 844 616 641
f 632 603 622
f 797 843 766
f 843 797 751
f 617 632 622
f 516 833 848
f 555 846 845
f 555 799 553
f 799 555 845
f 833 516 850
f 850 848 833
f 550 516 902
f 854 707 853
f 707 854 706
f 856 669 857
f 853 729 858
f 550 607 516
f 607 550 547
f 860 730 752
f 860 752 874
f 852 859 849
f 859 852 623
f 857 883 856
f 857 669 648
f 877 758 912
f 840 855 780
f 594 856 593
f 855 933 780
f 877 752 781
f 752 877 873
f 713 831 834
f 664 858 860
f 854 853 664
f 782 862 796
f 863 782 804
f 858 664 853
f 814 563 815
f 861 822 705
f 874 673 664
f 931 813 864
f 831 822 861
f 864 813 841
f 866 768 767
f 664 860 874
f 864 841 651
f 865 864 651
f 866 780 768
f 791 863 804
f 863 791 522
f 534 863 522
f 868 866 767
f 624 673 867
f 638 651 637
f 773 870 868
f 891 731 732
f 868 767 773
f 651 638 865
f 780 866 840
f 862 794 796
f 794 579 657
f 794 578 579
f 736 733 638
f 784 736 638
f 633 784 638
f 872 871 932
f 736 803 784
f 568 569 646
f 866 904 906
f 624 867 661
f 552 564 859
f 784 642 736
f 642 784 640
f 874 752 873
f 875 564 876
f 564 875 859
f 758 877 781
f 736 521 803
f 640 784 633
f 573 871 872
f 733 521 638
f 758 762 912
f 878 875 876
f 874 873 673
f 503 725 821
f 877 673 873
f 573 635 636
f 635 573 872
f 673 877 511
f 880 875 876
f 875 880 879
f 521 733 522
f 521 865 638
f 735 503 791
f 916 847 779
f 521 503 504
f 881 870 773
f 503 521 522
f 791 503 522
f 882 859 875
f 648 851 857
f 803 521 522
f 521 736 642
f 851 883 857
f 509 821 674
f 870 881 884
f 882 875 879
f 885 882 879
f 884 881 822
f 886 601 856
f 886 856 883
f 849 859 927
f 884 830 731
f 672 586 585
f 672 600 599
f 672 597 596
f 883 851 919
f 883 890 889
f 672 599 597
f 883 889 886
f 867 511 932
f 602 671 596
f 603 613 622
f 871 867 932
f 884 731 891
f 878 597 875
f 894 661 867
f 894 867 871
f 909 884 891
f 511 867 673
f 889 924 613
f 597 878 596
f 596 878 602
f 848 902 516
f 597 782 596
f 892 893 906
f 841 649 894
f 782 597 862
f 596 782 863
f 602 596 863
f 649 661 894
f 872 578 579
f 872 657 635
f 872 579 657
f 894 573 660
f 892 909 891
f 895 717 893
f 713 895 604
f 660 655 894
f 859 887 888
f 859 896 927
f 896 859 888
f 713 717 895
f 897 887 859
f 897 859 882
f 891 732 892
f 600 672 585
f 894 652 841
f 732 734 892
f 734 604 895
f 898 845 846
f 882 599 600
f 900 715 799
f 892 734 893
f 895 893 734
f 762 529 515
f 529 762 901
f 904 866 868
f 882 597 599
f 597 882 875
f 799 845 898
f 900 799 898
f 903 900 898
f 905 903 898
f 599 862 597
f 866 906 907
f 866 907 840
f 901 800 529
f 801 901 905
f 862 599 600
f 901 801 800
f 909 904 868
f 908 524 528
f 924 865 534
f 534 865 521
f 675 815 563
f 906 904 892
f 802 659 559
f 559 555 802
f 904 909 892
f 534 526 924
f 908 528 644
f 868 870 909
f 672 571 586
f 555 559 560
f 555 898 846
f 539 899 589
f 899 588 589
f 899 539 543
f 567 578 516
f 607 567 516
f 802 667 659
f 802 905 667
f 905 802 801
f 899 591 587
f 563 672 675
f 543 908 899
f 908 531 524
f 628 600 585
f 578 872 516
f 746 518 519
f 518 746 716
f 667 555 560
f 898 555 667
f 898 667 905
f 628 586 571
f 628 585 586
f 600 628 882
f 877 912 507
f 585 862 600
f 592 591 899
f 907 906 893
f 862 586 571
f 862 585 586
f 850 824 829
f 762 515 912
f 912 515 507
f 899 746 592
f 886 613 603
f 601 886 603
f 869 907 893
f 888 628 896
f 628 888 887
f 628 897 882
f 889 613 886
f 509 503 821
f 897 628 887
f 913 827 828
f 887 885 888
f 606 889 890
f 606 886 889
f 886 606 601
f 909 870 884
f 671 509 674
f 824 850 516
f 907 869 834
f 885 897 882
f 885 887 897
f 888 885 896
f 896 885 915
f 917 916 838
f 509 671 536
f 536 671 582
f 840 907 834
f 609 917 838
f 671 602 582
f 582 878 536
f 840 834 855
f 583 878 548
f 878 918 548
f 918 878 876
f 878 583 536
f 920 919 917
f 921 920 917
f 921 917 615
f 878 582 602
f 861 855 834
f 918 880 876
f 919 847 916
f 834 831 861
f 602 863 582
f 582 863 536
f 549 922 547
f 919 851 847
f 924 889 890
f 924 890 923
f 917 919 916
f 925 902 928
f 925 920 926
f 779 838 916
f 641 643 925
f 926 641 925
f 811 872 932
f 824 872 811
f 557 849 645
f 628 547 922
f 647 628 643
f 628 647 927
f 643 628 925
f 925 628 922
f 927 645 849
f 645 927 647
f 902 922 550
f 550 922 549
f 902 925 922
f 927 647 614
f 928 890 883
f 928 919 920
f 919 928 883
f 927 896 628
f 923 914 911
f 844 926 616
f 927 920 887
f 927 888 896
f 927 887 888
f 828 930 929
f 930 828 812
f 927 556 647
f 556 927 896
f 915 556 896
f 887 889 897
f 926 920 616
f 616 615 614
f 930 812 826
f 882 545 875
f 876 545 918
f 545 876 875
f 882 889 545
f 889 882 897
f 920 925 928
f 616 920 921
f 616 921 615
f 885 545 915
f 545 880 918
f 880 545 879
f 545 885 879
f 915 545 556
f 923 911 910
f 618 920 921
f 920 618 928
f 914 923 902
f 910 924 923
f 924 910 913
f 643 645 647
f 556 557 645
f 647 556 645
f 641 926 844
f 923 928 902
f 848 914 902
f 558 825 662
f 928 923 890
f 558 629 630
f 931 864 865
f 865 828 931
f 931 828 929
f 828 865 924
f 890 928 606
f 924 913 828
f 932 511 808
f 920 927 921
f 921 927 615
f 932 808 811
f 872 824 516
f 753 775 755
f 775 753 786
f 778 775 786
f 928 890 889
f 920 928 889
f 887 920 889
f 850 829 827
f 848 850 827
f 914 848 827
f 914 910 911
f 910 914 827
f 913 910 827
f 780 933 654
f 583 564 584
f 918 564 548
f 564 918 876
f 583 548 564
f 742 934 683
f 682 934 742
f 683 934 682
f 935 933 855
f 630 631 562
f 935 861 938
f 558 630 562
f 562 666 564
f 855 861 935
f 629 558 662
f 937 936 650
f 937 650 654
f 936 739 650
f 852 849 530
f 530 849 557
f 933 935 517
f 935 644 517
f 644 935 908
f 739 936 720
f 936 620 720
f 620 936 937
f 861 705 938
f 938 746 899
f 746 938 705
f 938 908 935
f 899 908 938
f 517 937 654
f 654 933 517
f 940 942 941
f 942 940 939
f 945 947 946
f 945 948 947
f 948 945 944
f 952 954 953
f 954 952 942
f 939 954 942
f 957 956 948
f 944 957 948
f 960 959 958
f 962 961 968
f 964 963 1040
f 965 961 962
f 962 968 967
f 960 958 969
f 1023 971 979
f 971 1023 958
f 964 999 963
f 959 971 958
f 959 969 971
f 971 969 975
f 969 959 960
f 979 971 975
f 983 976 982
f 980 1208 972
f 986 985 957
f 987 986 957
f 969 987 957
f 975 969 957
f 979 975 957
f 989 979 957
f 990 989 957
f 945 990 957
f 944 945 957
f 988 1108 1119
f 1108 988 977
f 983 1014 976
f 957 1007 956
f 956 947 948
f 977 988 992
f 1016 982 976
f 1023 969 958
f 991 993 997
f 972 991 997
f 951 999 955
f 972 997 1005
f 1016 976 998
f 989 1034 979
f 1000 994 949
f 990 945 946
f 995 1204 996
f 1005 980 972
f 989 1039 1034
f 1007 957 985
f 1067 980 1005
f 1001 992 988
f 956 1010 947
f 956 1007 1010
f 1183 995 1012
f 1012 995 1011
f 999 964 955
f 1012 1015 1183
f 978 1050 1049
f 1000 1006 1036
f 999 1002 963
f 969 1102 987
f 1036 998 1020
f 998 1036 1016
f 978 1019 1018
f 978 1024 1019
f 974 982 1016
f 978 1032 1031
f 974 1016 1004
f 951 1167 1143
f 1011 1015 1012
f 1020 993 991
f 1010 1033 947
f 1015 1011 1008
f 1033 946 947
f 1021 1018 1019
f 994 1020 991
f 1024 978 1031
f 1032 978 966
f 1046 984 1015
f 1036 1020 994
f 1036 994 1000
f 1004 1036 1029
f 1014 1013 1017
f 1025 1026 1022
f 1021 1024 1027
f 1019 1024 1021
f 973 1199 1013
f 1025 1064 1026
f 1024 1031 1027
f 1032 1027 1031
f 1014 1114 1127
f 1034 1023 979
f 1006 1029 1036
f 1026 1211 1022
f 1037 1035 1028
f 940 1136 1038
f 1040 1063 1028
f 952 941 942
f 1036 1004 1016
f 946 1033 1039
f 1039 990 946
f 1034 1039 1060
f 1039 989 990
f 1002 1047 1033
f 1050 978 1051
f 1051 978 1052
f 1052 978 1018
f 1053 953 954
f 1018 1054 1052
f 1054 1018 1021
f 1002 1033 1010
f 1129 1058 1057
f 1051 1052 1054
f 981 984 1046
f 1056 1068 1053
f 1040 963 1101
f 1033 1047 1039
f 1045 1073 1055
f 1060 1039 1047
f 1051 1054 1061
f 1050 1051 1061
f 1073 1045 1059
f 1076 981 1046
f 1028 1063 1037
f 1054 1097 1061
f 1102 1040 1101
f 953 1066 952
f 1060 1047 1062
f 1070 1040 1102
f 1062 1069 1060
f 953 1068 1066
f 953 1053 1068
f 1064 1065 1095
f 1133 1172 1076
f 1049 1061 1044
f 1044 1080 1049
f 1040 1070 1063
f 1064 1030 1065
f 1068 1056 1073
f 999 1062 1047
f 981 1076 1172
f 1061 1049 1050
f 1071 1159 1075
f 1025 1030 1064
f 1075 1078 1072
f 1071 1075 1072
f 951 1062 999
f 1077 1078 1075
f 1197 1040 1028
f 1054 1067 1097
f 1066 1095 1065
f 1028 1035 943
f 999 1047 1002
f 1068 1095 1066
f 1068 1082 1095
f 1003 1067 1005
f 1069 1121 1060
f 1080 978 1049
f 1077 1159 1084
f 1159 1086 1084
f 1086 1159 1083
f 1159 1088 1083
f 1159 1099 1088
f 1099 1159 1106
f 943 1115 1116
f 1081 1087 1085
f 1079 1081 1085
f 1143 1062 951
f 1030 1110 1148
f 1091 1113 1115
f 1172 1133 1003
f 1089 1082 1090
f 1094 1083 1088
f 1083 1094 1093
f 1086 1083 1093
f 1035 1091 1115
f 1044 1209 1214
f 1037 1100 1035
f 1037 1157 1100
f 985 1101 1007
f 1089 1095 1082
f 986 1101 985
f 1101 986 1102
f 986 987 1102
f 1171 1094 1099
f 1099 1094 1088
f 1103 1091 1035
f 1100 1103 1035
f 1173 1090 1082
f 1096 1098 1107
f 1097 1067 1133
f 1037 1163 1156
f 1030 1025 1110
f 1079 1104 1108
f 1037 1071 1163
f 1096 1130 1110
f 1106 1109 1171
f 1099 1106 1171
f 1025 1096 1110
f 1171 1109 1111
f 1102 969 1023
f 1079 1108 1081
f 1017 1192 1114
f 1113 1091 1103
f 1113 1112 1115
f 1112 1116 1115
f 1116 1112 1125
f 1089 1064 1095
f 1023 1070 1102
f 1117 1108 1104
f 1023 1034 1123
f 1123 1034 1118
f 1206 1142 1105
f 1060 1118 1034
f 1117 1119 1108
f 1120 1118 1121
f 1017 1114 1014
f 1112 1129 1057
f 988 1119 1001
f 1112 1126 1125
f 1115 943 1035
f 1118 1060 1121
f 1017 1013 1199
f 1119 1117 1001
f 1023 1123 1070
f 1122 1113 1150
f 1082 1068 1073
f 1084 1086 1093
f 1126 1112 1057
f 1151 1148 1110
f 1120 1123 1118
f 1057 951 1126
f 951 1057 1058
f 1126 951 943
f 1112 1122 1129
f 1121 1159 1120
f 984 981 1128
f 1130 1096 1107
f 1121 1160 1159
f 1122 1124 1129
f 1116 1125 943
f 1110 1131 1151
f 1139 1169 1105
f 981 1145 1128
f 943 1125 1126
f 1070 1123 1120
f 1064 1089 1026
f 951 1058 1074
f 1114 1128 1127
f 1090 996 966
f 1084 1078 1077
f 1078 1084 1093
f 1127 1128 1145
f 1167 1177 1143
f 1067 1003 1133
f 1143 1178 1134
f 1129 1124 1132
f 1014 1127 1153
f 1070 1120 1063
f 978 1080 1026
f 1134 1135 1143
f 1213 970 1132
f 1136 940 941
f 1148 1038 1136
f 1037 1063 1120
f 1030 1148 1136
f 1132 1048 1129
f 1120 1159 1037
f 1136 941 1138
f 1181 1140 1134
f 1127 1137 1153
f 941 952 1138
f 1093 982 974
f 1134 1140 1135
f 1136 1138 1030
f 1131 1110 1130
f 1138 1065 1030
f 1139 1046 1001
f 1145 1137 1127
f 1143 1141 1069
f 1149 1143 1144
f 1144 1143 1135
f 1069 1062 1143
f 1152 1143 1149
f 1139 1076 1046
f 1048 1142 1092
f 1121 1069 1160
f 1043 1151 1059
f 1093 1094 982
f 1132 970 1142
f 1069 1141 1160
f 1144 1140 1146
f 1065 1138 1066
f 1048 1132 1142
f 995 1107 1147
f 1140 1144 1135
f 1076 970 1133
f 1076 1139 970
f 1138 952 1066
f 1142 1206 1092
f 1172 1145 981
f 1143 1152 1141
f 1145 1005 1137
f 1152 1111 1141
f 1122 1187 1186
f 1172 1005 1145
f 1122 1150 1187
f 1042 1041 1151
f 976 1014 1153
f 1008 1011 1147
f 1113 1122 1112
f 1148 1041 1038
f 1041 1148 1151
f 1096 1022 1098
f 1193 1022 1203
f 1008 992 1015
f 998 1153 1155
f 1146 1152 1149
f 1146 1149 1144
f 1158 1157 1156
f 1157 1158 1113
f 1022 1096 1025
f 1150 1154 1187
f 1146 1111 1152
f 950 973 1013
f 998 1155 993
f 1046 1015 992
f 1151 1043 1042
f 1113 1103 1100
f 1157 1113 1100
f 1111 1146 1171
f 1150 1158 1154
f 1189 1161 1193
f 1151 1131 1059
f 1140 950 1146
f 950 1140 949
f 976 1153 998
f 1137 1155 1153
f 1146 1175 1171
f 1150 1113 1158
f 1059 1131 1162
f 1157 1037 1156
f 1098 1193 1161
f 1162 1073 1059
f 1159 1077 1075
f 1071 1037 1159
f 1073 1162 1164
f 1022 1193 1098
f 949 1140 1000
f 993 1020 998
f 1082 1073 1164
f 1156 1072 1158
f 1072 1156 1163
f 1161 1189 1165
f 1202 1210 1209
f 1159 1109 1106
f 1109 1159 1160
f 1189 1168 1165
f 997 993 1137
f 1137 993 1155
f 1160 1111 1109
f 1111 1160 1141
f 1074 1167 951
f 1158 1176 1169
f 1058 1170 1074
f 1170 1058 1129
f 1071 1072 1163
f 1165 1168 1098
f 1161 1165 1098
f 1176 1158 1078
f 1164 1162 1166
f 1158 1072 1078
f 1167 1074 1170
f 1174 1168 1189
f 997 1137 1005
f 1175 1094 1171
f 1164 1166 1173
f 1168 1107 1098
f 1107 1168 1174
f 1173 1082 1164
f 1143 1179 1178
f 1143 1180 1179
f 1180 1143 1177
f 1154 1158 1169
f 1014 1175 1013
f 992 1001 1046
f 1195 1154 1169
f 1093 974 1176
f 1173 996 1090
f 1134 1178 1181
f 1174 1147 1107
f 1213 1202 1097
f 1166 1131 1130
f 1172 1003 1005
f 1130 1107 1166
f 1008 1147 1174
f 1189 1008 1174
f 1061 1202 1044
f 1162 1131 1166
f 995 1183 1182
f 1184 995 1182
f 1097 1202 1061
f 1179 1185 1181
f 1204 995 1205
f 1185 1179 1180
f 1166 995 1173
f 1081 1108 977
f 1013 1175 950
f 1078 1093 1176
f 996 1173 995
f 1181 1178 1179
f 1186 1124 1122
f 995 1198 1205
f 1184 1190 995
f 1189 1191 977
f 1191 1189 1188
f 1187 1104 1079
f 1166 1107 995
f 1081 977 1191
f 984 1184 1182
f 1188 1189 1193
f 1188 1203 1207
f 1079 1186 1187
f 977 992 1189
f 1169 1176 1105
f 1184 984 1192
f 1206 1176 974
f 1117 1104 1187
f 995 1147 1011
f 1140 1181 1000
f 1190 1184 1192
f 1189 992 1008
f 1196 973 950
f 1105 1176 1206
f 1154 1195 1187
f 1181 1048 1006
f 1197 1028 943
f 966 1212 1032
f 974 1004 1206
f 950 949 1196
f 1081 1194 1087
f 943 951 1197
f 1195 1117 1187
f 1198 995 1190
f 1181 1006 1000
f 1200 1197 955
f 1191 1194 1081
f 1212 966 996
f 1199 1021 1027
f 951 955 1197
f 1186 1085 1201
f 1085 1186 1079
f 1200 964 1197
f 1203 1188 1193
f 1199 1009 1017
f 1040 1197 964
f 1198 1192 1009
f 1190 1192 1198
f 1191 1202 1194
f 1170 1177 1167
f 1007 1101 963
f 1124 1186 1201
f 1199 973 1196
f 1117 1195 1169
f 1208 1021 1199
f 1177 1185 1180
f 1185 1177 1170
f 1007 963 1010
f 1210 1202 1188
f 1208 980 1021
f 1002 1010 963
f 1196 1208 1199
f 1117 1169 1001
f 1092 1004 1029
f 1191 1188 1202
f 1211 1210 1188
f 1207 1211 1188
f 1212 996 1204
f 964 1200 955
f 1085 1213 1132
f 1085 1132 1201
f 1185 1129 1048
f 1205 1009 1204
f 1009 1205 1198
f 1124 1201 1132
f 1210 1026 1209
f 1211 1026 1210
f 972 1208 1196
f 1004 1092 1206
f 1214 1026 1080
f 1181 1185 1048
f 1009 1212 1204
f 1196 994 991
f 1196 949 994
f 1169 1139 1001
f 972 1196 991
f 1022 1207 1203
f 1170 1129 1185
f 1211 1207 1022
f 983 1094 1175
f 1026 1214 1209
f 961 1043 1059
f 1043 961 965
f 1054 980 1067
f 1215 968 961
f 1175 1146 950
f 1209 1044 1202
f 1212 1027 1032
f 1045 961 1059
f 961 1045 1215
f 1044 1214 1080
f 1094 983 982
f 1215 1045 1043
f 962 1215 1043
f 965 962 1043
f 1006 1048 1092
f 1009 1192 1017
f 1054 1021 980
f 1055 968 1215
f 968 1055 1073
f 1056 967 968
f 1073 1056 968
f 983 1175 1014
f 1006 1092 1029
f 1215 1056 1055
f 1056 1215 962
f 967 1056 962
f 1009 1199 1027
f 1213 1194 1202
f 1192 984 1128
f 1053 1055 1056
f 1053 1043 1055
f 1055 1043 1045
f 1043 1053 954
f 1043 1041 1042
f 1041 1043 954
f 1038 1041 954
f 940 1038 954
f 939 940 954
f 1087 1194 1213
f 1128 1114 1192
f 1090 966 978
f 1085 1087 1213
f 1183 1015 984
f 978 1089 1090
f 978 1026 1089
f 984 1182 1183
f 1105 970 1139
f 970 1105 1142
f 1133 970 1097
f 970 1213 1097
f 1027 1212 1009
